Command line invocation:
    /Applications/Xcode.app/Contents/Developer/usr/bin/xcodebuild build -scheme Ratio -destination "platform=iOS Simulator,name=iPhone 17"

Resolve Package Graph


Resolved source packages:
  gRPC: https://github.com/google/grpc-binary.git @ 1.69.1
  GoogleUtilities: https://github.com/google/GoogleUtilities.git @ 8.1.0
  abseil: https://github.com/google/abseil-cpp-binary.git @ 1.2024072200.0
  SwiftProtobuf: https://github.com/apple/swift-protobuf.git @ 1.33.3
  Firebase: https://github.com/firebase/firebase-ios-sdk @ 12.7.0
  nanopb: https://github.com/firebase/nanopb.git @ 2.30910.0
  leveldb: https://github.com/firebase/leveldb.git @ 1.22.5
  GoogleDataTransport: https://github.com/google/GoogleDataTransport.git @ 10.1.0
  GTMSessionFetcher: https://github.com/google/gtm-session-fetcher.git @ 5.0.0
  AppCheck: https://github.com/google/app-check.git @ 11.2.0
  GoogleAdsOnDeviceConversion: https://github.com/googleads/google-ads-on-device-conversion-ios-sdk @ 3.2.0
  Promises: https://github.com/google/promises.git @ 2.4.0
  GoogleAppMeasurement: https://github.com/google/GoogleAppMeasurement.git @ 12.5.0
  InteropForGoogle: https://github.com/google/interop-ios-for-google-sdks.git @ 101.0.0

2026-01-12 11:25:34.931 xcodebuild[77383:1420714] [MT] IDERunDestination: Supported platforms for the buildables in the current scheme is empty.
--- xcodebuild: WARNING: Using the first of multiple matching destinations:
{ platform:iOS Simulator, arch:arm64, id:6673B9B1-6F66-4054-8D43-15B2C66B6803, OS:26.2, name:iPhone 17 }
{ platform:iOS Simulator, arch:x86_64, id:6673B9B1-6F66-4054-8D43-15B2C66B6803, OS:26.2, name:iPhone 17 }
ComputePackagePrebuildTargetDependencyGraph

Prepare packages

CreateBuildRequest

SendProjectDescription

CreateBuildOperation

ComputeTargetDependencyGraph
note: Building targets in dependency order
note: Target dependency graph (108 targets)
    Target 'Ratio' in project 'Ratio'
        ➜ Explicit dependency on target 'FirebasePerformance' in project 'Firebase'
        ➜ Explicit dependency on target 'FirebaseMessaging' in project 'Firebase'
        ➜ Explicit dependency on target 'FirebaseAnalytics' in project 'Firebase'
        ➜ Explicit dependency on target 'FirebaseCrashlytics' in project 'Firebase'
        ➜ Explicit dependency on target 'FirebaseAuth' in project 'Firebase'
        ➜ Explicit dependency on target 'FirebaseFirestore' in project 'Firebase'
        ➜ Explicit dependency on target 'FirebaseAnalyticsCore' in project 'Firebase'
        ➜ Explicit dependency on target 'FirebaseStorage' in project 'Firebase'
    Target 'FirebaseStorage' in project 'Firebase'
        ➜ Explicit dependency on target 'FirebaseStorage' in project 'Firebase'
        ➜ Explicit dependency on target 'FirebaseAppCheckInterop' in project 'Firebase'
        ➜ Explicit dependency on target 'FirebaseAuthInterop' in project 'Firebase'
        ➜ Explicit dependency on target 'Firebase' in project 'Firebase'
        ➜ Explicit dependency on target 'FirebaseCoreInternal' in project 'Firebase'
        ➜ Explicit dependency on target 'FirebaseCore' in project 'Firebase'
        ➜ Explicit dependency on target 'FirebaseCoreExtension' in project 'Firebase'
        ➜ Explicit dependency on target 'GULNSData' in project 'GoogleUtilities'
        ➜ Explicit dependency on target 'GULEnvironment' in project 'GoogleUtilities'
        ➜ Explicit dependency on target 'GULLogger' in project 'GoogleUtilities'
        ➜ Explicit dependency on target 'GTMSessionFetcherCore' in project 'GTMSessionFetcher'
    Target 'FirebaseStorage' in project 'Firebase'
        ➜ Explicit dependency on target 'FirebaseAppCheckInterop' in project 'Firebase'
        ➜ Explicit dependency on target 'FirebaseAuthInterop' in project 'Firebase'
        ➜ Explicit dependency on target 'Firebase' in project 'Firebase'
        ➜ Explicit dependency on target 'FirebaseCoreInternal' in project 'Firebase'
        ➜ Explicit dependency on target 'FirebaseCore' in project 'Firebase'
        ➜ Explicit dependency on target 'FirebaseCoreExtension' in project 'Firebase'
        ➜ Explicit dependency on target 'GULNSData' in project 'GoogleUtilities'
        ➜ Explicit dependency on target 'GULEnvironment' in project 'GoogleUtilities'
        ➜ Explicit dependency on target 'GULLogger' in project 'GoogleUtilities'
        ➜ Explicit dependency on target 'GTMSessionFetcherCore' in project 'GTMSessionFetcher'
    Target 'FirebaseAnalyticsCore' in project 'Firebase'
        ➜ Explicit dependency on target 'FirebaseAnalyticsCoreTarget' in project 'Firebase'
        ➜ Explicit dependency on target 'Firebase' in project 'Firebase'
        ➜ Explicit dependency on target 'FirebaseCoreInternal' in project 'Firebase'
        ➜ Explicit dependency on target 'FirebaseCore' in project 'Firebase'
        ➜ Explicit dependency on target 'FirebaseInstallations' in project 'Firebase'
        ➜ Explicit dependency on target 'FirebaseAnalyticsCoreWrapper' in project 'Firebase'
        ➜ Explicit dependency on target 'GULNSData' in project 'GoogleUtilities'
        ➜ Explicit dependency on target 'GULEnvironment' in project 'GoogleUtilities'
        ➜ Explicit dependency on target 'GULLogger' in project 'GoogleUtilities'
        ➜ Explicit dependency on target 'FBLPromises' in project 'Promises'
        ➜ Explicit dependency on target 'GULUserDefaults' in project 'GoogleUtilities'
        ➜ Explicit dependency on target 'GoogleAppMeasurementCore' in project 'GoogleAppMeasurement'
        ➜ Explicit dependency on target 'GULAppDelegateSwizzler' in project 'GoogleUtilities'
        ➜ Explicit dependency on target 'GULMethodSwizzler' in project 'GoogleUtilities'
        ➜ Explicit dependency on target 'GULNetwork' in project 'GoogleUtilities'
        ➜ Explicit dependency on target 'nanopb' in project 'nanopb'
    Target 'FirebaseAnalyticsCoreTarget' in project 'Firebase'
        ➜ Explicit dependency on target 'Firebase' in project 'Firebase'
        ➜ Explicit dependency on target 'FirebaseCoreInternal' in project 'Firebase'
        ➜ Explicit dependency on target 'FirebaseCore' in project 'Firebase'
        ➜ Explicit dependency on target 'FirebaseInstallations' in project 'Firebase'
        ➜ Explicit dependency on target 'FirebaseAnalyticsCoreWrapper' in project 'Firebase'
        ➜ Explicit dependency on target 'GULNSData' in project 'GoogleUtilities'
        ➜ Explicit dependency on target 'GULEnvironment' in project 'GoogleUtilities'
        ➜ Explicit dependency on target 'GULLogger' in project 'GoogleUtilities'
        ➜ Explicit dependency on target 'FBLPromises' in project 'Promises'
        ➜ Explicit dependency on target 'GULUserDefaults' in project 'GoogleUtilities'
        ➜ Explicit dependency on target 'GoogleAppMeasurementCore' in project 'GoogleAppMeasurement'
        ➜ Explicit dependency on target 'GULAppDelegateSwizzler' in project 'GoogleUtilities'
        ➜ Explicit dependency on target 'GULMethodSwizzler' in project 'GoogleUtilities'
        ➜ Explicit dependency on target 'GULNetwork' in project 'GoogleUtilities'
        ➜ Explicit dependency on target 'nanopb' in project 'nanopb'
    Target 'FirebaseAnalyticsCoreWrapper' in project 'Firebase'
        ➜ Explicit dependency on target 'Firebase' in project 'Firebase'
        ➜ Explicit dependency on target 'FirebaseCoreInternal' in project 'Firebase'
        ➜ Explicit dependency on target 'FirebaseCore' in project 'Firebase'
        ➜ Explicit dependency on target 'FirebaseInstallations' in project 'Firebase'
        ➜ Explicit dependency on target 'GULNSData' in project 'GoogleUtilities'
        ➜ Explicit dependency on target 'GULEnvironment' in project 'GoogleUtilities'
        ➜ Explicit dependency on target 'GULLogger' in project 'GoogleUtilities'
        ➜ Explicit dependency on target 'FBLPromises' in project 'Promises'
        ➜ Explicit dependency on target 'GULUserDefaults' in project 'GoogleUtilities'
        ➜ Explicit dependency on target 'GoogleAppMeasurementCore' in project 'GoogleAppMeasurement'
        ➜ Explicit dependency on target 'GULAppDelegateSwizzler' in project 'GoogleUtilities'
        ➜ Explicit dependency on target 'GULMethodSwizzler' in project 'GoogleUtilities'
        ➜ Explicit dependency on target 'GULNetwork' in project 'GoogleUtilities'
        ➜ Explicit dependency on target 'nanopb' in project 'nanopb'
    Target 'GoogleAppMeasurementCore' in project 'GoogleAppMeasurement'
        ➜ Explicit dependency on target 'GoogleAppMeasurementCoreTarget' in project 'GoogleAppMeasurement'
        ➜ Explicit dependency on target 'GULAppDelegateSwizzler' in project 'GoogleUtilities'
        ➜ Explicit dependency on target 'GULMethodSwizzler' in project 'GoogleUtilities'
        ➜ Explicit dependency on target 'GULNSData' in project 'GoogleUtilities'
        ➜ Explicit dependency on target 'GULNetwork' in project 'GoogleUtilities'
        ➜ Explicit dependency on target 'GULLogger' in project 'GoogleUtilities'
        ➜ Explicit dependency on target 'GULEnvironment' in project 'GoogleUtilities'
        ➜ Explicit dependency on target 'nanopb' in project 'nanopb'
    Target 'GoogleAppMeasurementCoreTarget' in project 'GoogleAppMeasurement'
        ➜ Explicit dependency on target 'GULAppDelegateSwizzler' in project 'GoogleUtilities'
        ➜ Explicit dependency on target 'GULMethodSwizzler' in project 'GoogleUtilities'
        ➜ Explicit dependency on target 'GULNSData' in project 'GoogleUtilities'
        ➜ Explicit dependency on target 'GULNetwork' in project 'GoogleUtilities'
        ➜ Explicit dependency on target 'GULLogger' in project 'GoogleUtilities'
        ➜ Explicit dependency on target 'GULEnvironment' in project 'GoogleUtilities'
        ➜ Explicit dependency on target 'nanopb' in project 'nanopb'
    Target 'FirebaseFirestore' in project 'Firebase'
        ➜ Explicit dependency on target 'FirebaseFirestoreTarget' in project 'Firebase'
        ➜ Explicit dependency on target 'FirebaseFirestoreInternalWrapper' in project 'Firebase'
        ➜ Explicit dependency on target 'FirebaseAppCheckInterop' in project 'Firebase'
        ➜ Explicit dependency on target 'Firebase' in project 'Firebase'
        ➜ Explicit dependency on target 'FirebaseCoreInternal' in project 'Firebase'
        ➜ Explicit dependency on target 'FirebaseCore' in project 'Firebase'
        ➜ Explicit dependency on target 'FirebaseCoreExtension' in project 'Firebase'
        ➜ Explicit dependency on target 'FirebaseSharedSwift' in project 'Firebase'
        ➜ Explicit dependency on target 'FirebaseFirestore' in project 'Firebase'
        ➜ Explicit dependency on target 'GULNSData' in project 'GoogleUtilities'
        ➜ Explicit dependency on target 'GULEnvironment' in project 'GoogleUtilities'
        ➜ Explicit dependency on target 'GULLogger' in project 'GoogleUtilities'
        ➜ Explicit dependency on target 'abseil' in project 'abseil'
        ➜ Explicit dependency on target 'gRPC-C++' in project 'gRPC'
        ➜ Explicit dependency on target 'nanopb' in project 'nanopb'
        ➜ Explicit dependency on target 'leveldb' in project 'leveldb'
    Target 'FirebaseFirestoreTarget' in project 'Firebase'
        ➜ Explicit dependency on target 'FirebaseFirestoreInternalWrapper' in project 'Firebase'
        ➜ Explicit dependency on target 'FirebaseAppCheckInterop' in project 'Firebase'
        ➜ Explicit dependency on target 'Firebase' in project 'Firebase'
        ➜ Explicit dependency on target 'FirebaseCoreInternal' in project 'Firebase'
        ➜ Explicit dependency on target 'FirebaseCore' in project 'Firebase'
        ➜ Explicit dependency on target 'FirebaseCoreExtension' in project 'Firebase'
        ➜ Explicit dependency on target 'FirebaseSharedSwift' in project 'Firebase'
        ➜ Explicit dependency on target 'FirebaseFirestore' in project 'Firebase'
        ➜ Explicit dependency on target 'GULNSData' in project 'GoogleUtilities'
        ➜ Explicit dependency on target 'GULEnvironment' in project 'GoogleUtilities'
        ➜ Explicit dependency on target 'GULLogger' in project 'GoogleUtilities'
        ➜ Explicit dependency on target 'abseil' in project 'abseil'
        ➜ Explicit dependency on target 'gRPC-C++' in project 'gRPC'
        ➜ Explicit dependency on target 'nanopb' in project 'nanopb'
        ➜ Explicit dependency on target 'leveldb' in project 'leveldb'
    Target 'FirebaseFirestore' in project 'Firebase'
        ➜ Explicit dependency on target 'Firebase_FirebaseFirestore' in project 'Firebase'
        ➜ Explicit dependency on target 'FirebaseFirestoreInternalWrapper' in project 'Firebase'
        ➜ Explicit dependency on target 'FirebaseAppCheckInterop' in project 'Firebase'
        ➜ Explicit dependency on target 'Firebase' in project 'Firebase'
        ➜ Explicit dependency on target 'FirebaseCoreInternal' in project 'Firebase'
        ➜ Explicit dependency on target 'FirebaseCore' in project 'Firebase'
        ➜ Explicit dependency on target 'FirebaseCoreExtension' in project 'Firebase'
        ➜ Explicit dependency on target 'FirebaseSharedSwift' in project 'Firebase'
        ➜ Explicit dependency on target 'GULNSData' in project 'GoogleUtilities'
        ➜ Explicit dependency on target 'GULEnvironment' in project 'GoogleUtilities'
        ➜ Explicit dependency on target 'GULLogger' in project 'GoogleUtilities'
        ➜ Explicit dependency on target 'abseil' in project 'abseil'
        ➜ Explicit dependency on target 'gRPC-C++' in project 'gRPC'
        ➜ Explicit dependency on target 'nanopb' in project 'nanopb'
        ➜ Explicit dependency on target 'leveldb' in project 'leveldb'
    Target 'leveldb' in project 'leveldb'
        ➜ Explicit dependency on target 'leveldb' in project 'leveldb'
        ➜ Explicit dependency on target 'leveldb_leveldb' in project 'leveldb'
    Target 'leveldb' in project 'leveldb'
        ➜ Explicit dependency on target 'leveldb_leveldb' in project 'leveldb'
    Target 'leveldb_leveldb' in project 'leveldb' (no dependencies)
    Target 'gRPC-C++' in project 'gRPC'
        ➜ Explicit dependency on target 'grpcppWrapper' in project 'gRPC'
        ➜ Explicit dependency on target 'gRPC_grpcppWrapper' in project 'gRPC'
        ➜ Explicit dependency on target 'grpcWrapper' in project 'gRPC'
        ➜ Explicit dependency on target 'opensslWrapper' in project 'gRPC'
        ➜ Explicit dependency on target 'abseil' in project 'abseil'
    Target 'grpcppWrapper' in project 'gRPC'
        ➜ Explicit dependency on target 'gRPC_grpcppWrapper' in project 'gRPC'
        ➜ Explicit dependency on target 'grpcWrapper' in project 'gRPC'
        ➜ Explicit dependency on target 'opensslWrapper' in project 'gRPC'
        ➜ Explicit dependency on target 'abseil' in project 'abseil'
    Target 'opensslWrapper' in project 'gRPC'
        ➜ Explicit dependency on target 'gRPC_opensslWrapper' in project 'gRPC'
    Target 'gRPC_opensslWrapper' in project 'gRPC' (no dependencies)
    Target 'grpcWrapper' in project 'gRPC'
        ➜ Explicit dependency on target 'gRPC_grpcWrapper' in project 'gRPC'
    Target 'gRPC_grpcWrapper' in project 'gRPC' (no dependencies)
    Target 'gRPC_grpcppWrapper' in project 'gRPC' (no dependencies)
    Target 'abseil' in project 'abseil'
        ➜ Explicit dependency on target 'abslWrapper' in project 'abseil'
        ➜ Explicit dependency on target 'abseil_abslWrapper' in project 'abseil'
    Target 'abslWrapper' in project 'abseil'
        ➜ Explicit dependency on target 'abseil_abslWrapper' in project 'abseil'
    Target 'abseil_abslWrapper' in project 'abseil' (no dependencies)
    Target 'Firebase_FirebaseFirestore' in project 'Firebase' (no dependencies)
    Target 'FirebaseSharedSwift' in project 'Firebase' (no dependencies)
    Target 'FirebaseFirestoreInternalWrapper' in project 'Firebase' (no dependencies)
    Target 'FirebaseAuth' in project 'Firebase'
        ➜ Explicit dependency on target 'FirebaseAuth' in project 'Firebase'
        ➜ Explicit dependency on target 'Firebase_FirebaseAuth' in project 'Firebase'
        ➜ Explicit dependency on target 'FirebaseAppCheckInterop' in project 'Firebase'
        ➜ Explicit dependency on target 'FirebaseAuthInterop' in project 'Firebase'
        ➜ Explicit dependency on target 'FirebaseAuthInternal' in project 'Firebase'
        ➜ Explicit dependency on target 'Firebase' in project 'Firebase'
        ➜ Explicit dependency on target 'FirebaseCoreInternal' in project 'Firebase'
        ➜ Explicit dependency on target 'FirebaseCore' in project 'Firebase'
        ➜ Explicit dependency on target 'FirebaseCoreExtension' in project 'Firebase'
        ➜ Explicit dependency on target 'RecaptchaInterop' in project 'InteropForGoogle'
        ➜ Explicit dependency on target 'GULNSData' in project 'GoogleUtilities'
        ➜ Explicit dependency on target 'GULEnvironment' in project 'GoogleUtilities'
        ➜ Explicit dependency on target 'GULLogger' in project 'GoogleUtilities'
        ➜ Explicit dependency on target 'GULAppDelegateSwizzler' in project 'GoogleUtilities'
        ➜ Explicit dependency on target 'GTMSessionFetcherCore' in project 'GTMSessionFetcher'
    Target 'FirebaseAuth' in project 'Firebase'
        ➜ Explicit dependency on target 'Firebase_FirebaseAuth' in project 'Firebase'
        ➜ Explicit dependency on target 'FirebaseAppCheckInterop' in project 'Firebase'
        ➜ Explicit dependency on target 'FirebaseAuthInterop' in project 'Firebase'
        ➜ Explicit dependency on target 'FirebaseAuthInternal' in project 'Firebase'
        ➜ Explicit dependency on target 'Firebase' in project 'Firebase'
        ➜ Explicit dependency on target 'FirebaseCoreInternal' in project 'Firebase'
        ➜ Explicit dependency on target 'FirebaseCore' in project 'Firebase'
        ➜ Explicit dependency on target 'FirebaseCoreExtension' in project 'Firebase'
        ➜ Explicit dependency on target 'RecaptchaInterop' in project 'InteropForGoogle'
        ➜ Explicit dependency on target 'GULNSData' in project 'GoogleUtilities'
        ➜ Explicit dependency on target 'GULEnvironment' in project 'GoogleUtilities'
        ➜ Explicit dependency on target 'GULLogger' in project 'GoogleUtilities'
        ➜ Explicit dependency on target 'GULAppDelegateSwizzler' in project 'GoogleUtilities'
        ➜ Explicit dependency on target 'GTMSessionFetcherCore' in project 'GTMSessionFetcher'
    Target 'GTMSessionFetcherCore' in project 'GTMSessionFetcher'
        ➜ Explicit dependency on target 'GTMSessionFetcherCore' in project 'GTMSessionFetcher'
        ➜ Explicit dependency on target 'GTMSessionFetcher_GTMSessionFetcherCore' in project 'GTMSessionFetcher'
    Target 'GTMSessionFetcherCore' in project 'GTMSessionFetcher'
        ➜ Explicit dependency on target 'GTMSessionFetcher_GTMSessionFetcherCore' in project 'GTMSessionFetcher'
    Target 'GTMSessionFetcher_GTMSessionFetcherCore' in project 'GTMSessionFetcher' (no dependencies)
    Target 'FirebaseAuthInternal' in project 'Firebase'
        ➜ Explicit dependency on target 'RecaptchaInterop' in project 'InteropForGoogle'
    Target 'RecaptchaInterop' in project 'InteropForGoogle'
        ➜ Explicit dependency on target 'RecaptchaInterop' in project 'InteropForGoogle'
    Target 'RecaptchaInterop' in project 'InteropForGoogle' (no dependencies)
    Target 'FirebaseAuthInterop' in project 'Firebase' (no dependencies)
    Target 'FirebaseAppCheckInterop' in project 'Firebase' (no dependencies)
    Target 'Firebase_FirebaseAuth' in project 'Firebase' (no dependencies)
    Target 'FirebaseCrashlytics' in project 'Firebase'
        ➜ Explicit dependency on target 'FirebaseCrashlytics' in project 'Firebase'
        ➜ Explicit dependency on target 'Firebase_FirebaseCrashlytics' in project 'Firebase'
        ➜ Explicit dependency on target 'Firebase' in project 'Firebase'
        ➜ Explicit dependency on target 'FirebaseCoreInternal' in project 'Firebase'
        ➜ Explicit dependency on target 'FirebaseCore' in project 'Firebase'
        ➜ Explicit dependency on target 'FirebaseInstallations' in project 'Firebase'
        ➜ Explicit dependency on target 'FirebaseCoreExtension' in project 'Firebase'
        ➜ Explicit dependency on target 'FirebaseSessionsObjC' in project 'Firebase'
        ➜ Explicit dependency on target 'FirebaseSessions' in project 'Firebase'
        ➜ Explicit dependency on target 'FirebaseRemoteConfigInterop' in project 'Firebase'
        ➜ Explicit dependency on target 'FirebaseCrashlyticsSwift' in project 'Firebase'
        ➜ Explicit dependency on target 'GULNSData' in project 'GoogleUtilities'
        ➜ Explicit dependency on target 'GULEnvironment' in project 'GoogleUtilities'
        ➜ Explicit dependency on target 'GULLogger' in project 'GoogleUtilities'
        ➜ Explicit dependency on target 'FBLPromises' in project 'Promises'
        ➜ Explicit dependency on target 'GULUserDefaults' in project 'GoogleUtilities'
        ➜ Explicit dependency on target 'nanopb' in project 'nanopb'
        ➜ Explicit dependency on target 'Promises' in project 'Promises'
        ➜ Explicit dependency on target 'GoogleDataTransport' in project 'GoogleDataTransport'
    Target 'FirebaseCrashlytics' in project 'Firebase'
        ➜ Explicit dependency on target 'Firebase_FirebaseCrashlytics' in project 'Firebase'
        ➜ Explicit dependency on target 'Firebase' in project 'Firebase'
        ➜ Explicit dependency on target 'FirebaseCoreInternal' in project 'Firebase'
        ➜ Explicit dependency on target 'FirebaseCore' in project 'Firebase'
        ➜ Explicit dependency on target 'FirebaseInstallations' in project 'Firebase'
        ➜ Explicit dependency on target 'FirebaseCoreExtension' in project 'Firebase'
        ➜ Explicit dependency on target 'FirebaseSessionsObjC' in project 'Firebase'
        ➜ Explicit dependency on target 'FirebaseSessions' in project 'Firebase'
        ➜ Explicit dependency on target 'FirebaseRemoteConfigInterop' in project 'Firebase'
        ➜ Explicit dependency on target 'FirebaseCrashlyticsSwift' in project 'Firebase'
        ➜ Explicit dependency on target 'GULNSData' in project 'GoogleUtilities'
        ➜ Explicit dependency on target 'GULEnvironment' in project 'GoogleUtilities'
        ➜ Explicit dependency on target 'GULLogger' in project 'GoogleUtilities'
        ➜ Explicit dependency on target 'FBLPromises' in project 'Promises'
        ➜ Explicit dependency on target 'GULUserDefaults' in project 'GoogleUtilities'
        ➜ Explicit dependency on target 'nanopb' in project 'nanopb'
        ➜ Explicit dependency on target 'Promises' in project 'Promises'
        ➜ Explicit dependency on target 'GoogleDataTransport' in project 'GoogleDataTransport'
    Target 'FirebaseCrashlyticsSwift' in project 'Firebase'
        ➜ Explicit dependency on target 'Firebase_FirebaseCrashlyticsSwift' in project 'Firebase'
        ➜ Explicit dependency on target 'FirebaseRemoteConfigInterop' in project 'Firebase'
    Target 'Firebase_FirebaseCrashlyticsSwift' in project 'Firebase' (no dependencies)
    Target 'Firebase_FirebaseCrashlytics' in project 'Firebase' (no dependencies)
    Target 'FirebaseAnalytics' in project 'Firebase'
        ➜ Explicit dependency on target 'FirebaseAnalyticsTarget' in project 'Firebase'
        ➜ Explicit dependency on target 'Firebase' in project 'Firebase'
        ➜ Explicit dependency on target 'FirebaseCoreInternal' in project 'Firebase'
        ➜ Explicit dependency on target 'FirebaseCore' in project 'Firebase'
        ➜ Explicit dependency on target 'FirebaseInstallations' in project 'Firebase'
        ➜ Explicit dependency on target 'FirebaseAnalyticsWrapper' in project 'Firebase'
        ➜ Explicit dependency on target 'GULNSData' in project 'GoogleUtilities'
        ➜ Explicit dependency on target 'GULEnvironment' in project 'GoogleUtilities'
        ➜ Explicit dependency on target 'GULLogger' in project 'GoogleUtilities'
        ➜ Explicit dependency on target 'FBLPromises' in project 'Promises'
        ➜ Explicit dependency on target 'GULUserDefaults' in project 'GoogleUtilities'
        ➜ Explicit dependency on target 'GoogleAppMeasurement' in project 'GoogleAppMeasurement'
        ➜ Explicit dependency on target 'GULAppDelegateSwizzler' in project 'GoogleUtilities'
        ➜ Explicit dependency on target 'GULMethodSwizzler' in project 'GoogleUtilities'
        ➜ Explicit dependency on target 'GULNetwork' in project 'GoogleUtilities'
        ➜ Explicit dependency on target 'nanopb' in project 'nanopb'
    Target 'FirebaseAnalyticsTarget' in project 'Firebase'
        ➜ Explicit dependency on target 'Firebase' in project 'Firebase'
        ➜ Explicit dependency on target 'FirebaseCoreInternal' in project 'Firebase'
        ➜ Explicit dependency on target 'FirebaseCore' in project 'Firebase'
        ➜ Explicit dependency on target 'FirebaseInstallations' in project 'Firebase'
        ➜ Explicit dependency on target 'FirebaseAnalyticsWrapper' in project 'Firebase'
        ➜ Explicit dependency on target 'GULNSData' in project 'GoogleUtilities'
        ➜ Explicit dependency on target 'GULEnvironment' in project 'GoogleUtilities'
        ➜ Explicit dependency on target 'GULLogger' in project 'GoogleUtilities'
        ➜ Explicit dependency on target 'FBLPromises' in project 'Promises'
        ➜ Explicit dependency on target 'GULUserDefaults' in project 'GoogleUtilities'
        ➜ Explicit dependency on target 'GoogleAppMeasurement' in project 'GoogleAppMeasurement'
        ➜ Explicit dependency on target 'GULAppDelegateSwizzler' in project 'GoogleUtilities'
        ➜ Explicit dependency on target 'GULMethodSwizzler' in project 'GoogleUtilities'
        ➜ Explicit dependency on target 'GULNetwork' in project 'GoogleUtilities'
        ➜ Explicit dependency on target 'nanopb' in project 'nanopb'
    Target 'FirebaseAnalyticsWrapper' in project 'Firebase'
        ➜ Explicit dependency on target 'Firebase' in project 'Firebase'
        ➜ Explicit dependency on target 'FirebaseCoreInternal' in project 'Firebase'
        ➜ Explicit dependency on target 'FirebaseCore' in project 'Firebase'
        ➜ Explicit dependency on target 'FirebaseInstallations' in project 'Firebase'
        ➜ Explicit dependency on target 'GULNSData' in project 'GoogleUtilities'
        ➜ Explicit dependency on target 'GULEnvironment' in project 'GoogleUtilities'
        ➜ Explicit dependency on target 'GULLogger' in project 'GoogleUtilities'
        ➜ Explicit dependency on target 'FBLPromises' in project 'Promises'
        ➜ Explicit dependency on target 'GULUserDefaults' in project 'GoogleUtilities'
        ➜ Explicit dependency on target 'GoogleAppMeasurement' in project 'GoogleAppMeasurement'
        ➜ Explicit dependency on target 'GULAppDelegateSwizzler' in project 'GoogleUtilities'
        ➜ Explicit dependency on target 'GULMethodSwizzler' in project 'GoogleUtilities'
        ➜ Explicit dependency on target 'GULNetwork' in project 'GoogleUtilities'
        ➜ Explicit dependency on target 'nanopb' in project 'nanopb'
    Target 'GoogleAppMeasurement' in project 'GoogleAppMeasurement'
        ➜ Explicit dependency on target 'GoogleAppMeasurementTarget' in project 'GoogleAppMeasurement'
        ➜ Explicit dependency on target 'GULAppDelegateSwizzler' in project 'GoogleUtilities'
        ➜ Explicit dependency on target 'GULMethodSwizzler' in project 'GoogleUtilities'
        ➜ Explicit dependency on target 'GULNSData' in project 'GoogleUtilities'
        ➜ Explicit dependency on target 'GULNetwork' in project 'GoogleUtilities'
        ➜ Explicit dependency on target 'GULLogger' in project 'GoogleUtilities'
        ➜ Explicit dependency on target 'GULEnvironment' in project 'GoogleUtilities'
        ➜ Explicit dependency on target 'nanopb' in project 'nanopb'
        ➜ Explicit dependency on target 'GoogleAdsOnDeviceConversion' in project 'GoogleAdsOnDeviceConversion'
    Target 'GoogleAppMeasurementTarget' in project 'GoogleAppMeasurement'
        ➜ Explicit dependency on target 'GULAppDelegateSwizzler' in project 'GoogleUtilities'
        ➜ Explicit dependency on target 'GULMethodSwizzler' in project 'GoogleUtilities'
        ➜ Explicit dependency on target 'GULNSData' in project 'GoogleUtilities'
        ➜ Explicit dependency on target 'GULNetwork' in project 'GoogleUtilities'
        ➜ Explicit dependency on target 'GULLogger' in project 'GoogleUtilities'
        ➜ Explicit dependency on target 'GULEnvironment' in project 'GoogleUtilities'
        ➜ Explicit dependency on target 'nanopb' in project 'nanopb'
        ➜ Explicit dependency on target 'GoogleAdsOnDeviceConversion' in project 'GoogleAdsOnDeviceConversion'
    Target 'GoogleAdsOnDeviceConversion' in project 'GoogleAdsOnDeviceConversion'
        ➜ Explicit dependency on target 'GoogleAdsOnDeviceConversionTarget' in project 'GoogleAdsOnDeviceConversion'
        ➜ Explicit dependency on target 'GULEnvironment' in project 'GoogleUtilities'
        ➜ Explicit dependency on target 'GULLogger' in project 'GoogleUtilities'
        ➜ Explicit dependency on target 'GULNetwork' in project 'GoogleUtilities'
        ➜ Explicit dependency on target 'nanopb' in project 'nanopb'
    Target 'GoogleAdsOnDeviceConversionTarget' in project 'GoogleAdsOnDeviceConversion'
        ➜ Explicit dependency on target 'GULEnvironment' in project 'GoogleUtilities'
        ➜ Explicit dependency on target 'GULLogger' in project 'GoogleUtilities'
        ➜ Explicit dependency on target 'GULNetwork' in project 'GoogleUtilities'
        ➜ Explicit dependency on target 'nanopb' in project 'nanopb'
    Target 'GULNetwork' in project 'GoogleUtilities'
        ➜ Explicit dependency on target 'GoogleUtilities-Network' in project 'GoogleUtilities'
        ➜ Explicit dependency on target 'GoogleUtilities_GoogleUtilities-Network' in project 'GoogleUtilities'
        ➜ Explicit dependency on target 'third-party-IsAppEncrypted' in project 'GoogleUtilities'
        ➜ Explicit dependency on target 'GoogleUtilities-Environment' in project 'GoogleUtilities'
        ➜ Explicit dependency on target 'GoogleUtilities-Logger' in project 'GoogleUtilities'
        ➜ Explicit dependency on target 'GoogleUtilities-NSData' in project 'GoogleUtilities'
        ➜ Explicit dependency on target 'GoogleUtilities-Reachability' in project 'GoogleUtilities'
    Target 'FirebaseMessaging' in project 'Firebase'
        ➜ Explicit dependency on target 'FirebaseMessaging' in project 'Firebase'
        ➜ Explicit dependency on target 'Firebase_FirebaseMessaging' in project 'Firebase'
        ➜ Explicit dependency on target 'Firebase' in project 'Firebase'
        ➜ Explicit dependency on target 'FirebaseCoreInternal' in project 'Firebase'
        ➜ Explicit dependency on target 'FirebaseCore' in project 'Firebase'
        ➜ Explicit dependency on target 'FirebaseInstallations' in project 'Firebase'
        ➜ Explicit dependency on target 'GULNSData' in project 'GoogleUtilities'
        ➜ Explicit dependency on target 'GULEnvironment' in project 'GoogleUtilities'
        ➜ Explicit dependency on target 'GULLogger' in project 'GoogleUtilities'
        ➜ Explicit dependency on target 'FBLPromises' in project 'Promises'
        ➜ Explicit dependency on target 'GULUserDefaults' in project 'GoogleUtilities'
        ➜ Explicit dependency on target 'GULAppDelegateSwizzler' in project 'GoogleUtilities'
        ➜ Explicit dependency on target 'GULReachability' in project 'GoogleUtilities'
        ➜ Explicit dependency on target 'GoogleDataTransport' in project 'GoogleDataTransport'
        ➜ Explicit dependency on target 'nanopb' in project 'nanopb'
    Target 'FirebaseMessaging' in project 'Firebase'
        ➜ Explicit dependency on target 'Firebase_FirebaseMessaging' in project 'Firebase'
        ➜ Explicit dependency on target 'Firebase' in project 'Firebase'
        ➜ Explicit dependency on target 'FirebaseCoreInternal' in project 'Firebase'
        ➜ Explicit dependency on target 'FirebaseCore' in project 'Firebase'
        ➜ Explicit dependency on target 'FirebaseInstallations' in project 'Firebase'
        ➜ Explicit dependency on target 'GULNSData' in project 'GoogleUtilities'
        ➜ Explicit dependency on target 'GULEnvironment' in project 'GoogleUtilities'
        ➜ Explicit dependency on target 'GULLogger' in project 'GoogleUtilities'
        ➜ Explicit dependency on target 'FBLPromises' in project 'Promises'
        ➜ Explicit dependency on target 'GULUserDefaults' in project 'GoogleUtilities'
        ➜ Explicit dependency on target 'GULAppDelegateSwizzler' in project 'GoogleUtilities'
        ➜ Explicit dependency on target 'GULReachability' in project 'GoogleUtilities'
        ➜ Explicit dependency on target 'GoogleDataTransport' in project 'GoogleDataTransport'
        ➜ Explicit dependency on target 'nanopb' in project 'nanopb'
    Target 'GULReachability' in project 'GoogleUtilities'
        ➜ Explicit dependency on target 'GoogleUtilities-Reachability' in project 'GoogleUtilities'
        ➜ Explicit dependency on target 'GoogleUtilities_GoogleUtilities-Reachability' in project 'GoogleUtilities'
        ➜ Explicit dependency on target 'third-party-IsAppEncrypted' in project 'GoogleUtilities'
        ➜ Explicit dependency on target 'GoogleUtilities-Environment' in project 'GoogleUtilities'
        ➜ Explicit dependency on target 'GoogleUtilities-Logger' in project 'GoogleUtilities'
    Target 'GULAppDelegateSwizzler' in project 'GoogleUtilities'
        ➜ Explicit dependency on target 'GoogleUtilities-AppDelegateSwizzler' in project 'GoogleUtilities'
        ➜ Explicit dependency on target 'GoogleUtilities_GoogleUtilities-AppDelegateSwizzler' in project 'GoogleUtilities'
        ➜ Explicit dependency on target 'third-party-IsAppEncrypted' in project 'GoogleUtilities'
        ➜ Explicit dependency on target 'GoogleUtilities-Environment' in project 'GoogleUtilities'
        ➜ Explicit dependency on target 'GoogleUtilities-Logger' in project 'GoogleUtilities'
        ➜ Explicit dependency on target 'GoogleUtilities-NSData' in project 'GoogleUtilities'
        ➜ Explicit dependency on target 'GoogleUtilities-Reachability' in project 'GoogleUtilities'
        ➜ Explicit dependency on target 'GoogleUtilities-Network' in project 'GoogleUtilities'
    Target 'GoogleUtilities-AppDelegateSwizzler' in project 'GoogleUtilities'
        ➜ Explicit dependency on target 'GoogleUtilities_GoogleUtilities-AppDelegateSwizzler' in project 'GoogleUtilities'
        ➜ Explicit dependency on target 'third-party-IsAppEncrypted' in project 'GoogleUtilities'
        ➜ Explicit dependency on target 'GoogleUtilities-Environment' in project 'GoogleUtilities'
        ➜ Explicit dependency on target 'GoogleUtilities-Logger' in project 'GoogleUtilities'
        ➜ Explicit dependency on target 'GoogleUtilities-NSData' in project 'GoogleUtilities'
        ➜ Explicit dependency on target 'GoogleUtilities-Reachability' in project 'GoogleUtilities'
        ➜ Explicit dependency on target 'GoogleUtilities-Network' in project 'GoogleUtilities'
    Target 'GoogleUtilities-Network' in project 'GoogleUtilities'
        ➜ Explicit dependency on target 'GoogleUtilities_GoogleUtilities-Network' in project 'GoogleUtilities'
        ➜ Explicit dependency on target 'third-party-IsAppEncrypted' in project 'GoogleUtilities'
        ➜ Explicit dependency on target 'GoogleUtilities-Environment' in project 'GoogleUtilities'
        ➜ Explicit dependency on target 'GoogleUtilities-Logger' in project 'GoogleUtilities'
        ➜ Explicit dependency on target 'GoogleUtilities-NSData' in project 'GoogleUtilities'
        ➜ Explicit dependency on target 'GoogleUtilities-Reachability' in project 'GoogleUtilities'
    Target 'GoogleUtilities_GoogleUtilities-Network' in project 'GoogleUtilities' (no dependencies)
    Target 'GoogleUtilities-Reachability' in project 'GoogleUtilities'
        ➜ Explicit dependency on target 'GoogleUtilities_GoogleUtilities-Reachability' in project 'GoogleUtilities'
        ➜ Explicit dependency on target 'third-party-IsAppEncrypted' in project 'GoogleUtilities'
        ➜ Explicit dependency on target 'GoogleUtilities-Environment' in project 'GoogleUtilities'
        ➜ Explicit dependency on target 'GoogleUtilities-Logger' in project 'GoogleUtilities'
    Target 'GoogleUtilities_GoogleUtilities-Reachability' in project 'GoogleUtilities' (no dependencies)
    Target 'GoogleUtilities_GoogleUtilities-AppDelegateSwizzler' in project 'GoogleUtilities' (no dependencies)
    Target 'Firebase_FirebaseMessaging' in project 'Firebase' (no dependencies)
    Target 'FirebasePerformance' in project 'Firebase'
        ➜ Explicit dependency on target 'FirebasePerformanceTarget' in project 'Firebase'
        ➜ Explicit dependency on target 'Firebase' in project 'Firebase'
        ➜ Explicit dependency on target 'FirebaseCoreInternal' in project 'Firebase'
        ➜ Explicit dependency on target 'FirebaseCore' in project 'Firebase'
        ➜ Explicit dependency on target 'FirebaseInstallations' in project 'Firebase'
        ➜ Explicit dependency on target 'FirebaseABTesting' in project 'Firebase'
        ➜ Explicit dependency on target 'FirebaseRemoteConfigInterop' in project 'Firebase'
        ➜ Explicit dependency on target 'FirebaseRemoteConfigInternal' in project 'Firebase'
        ➜ Explicit dependency on target 'FirebaseCoreExtension' in project 'Firebase'
        ➜ Explicit dependency on target 'FirebaseSessionsObjC' in project 'Firebase'
        ➜ Explicit dependency on target 'FirebaseSessions' in project 'Firebase'
        ➜ Explicit dependency on target 'FirebasePerformance' in project 'Firebase'
        ➜ Explicit dependency on target 'GULNSData' in project 'GoogleUtilities'
        ➜ Explicit dependency on target 'GULEnvironment' in project 'GoogleUtilities'
        ➜ Explicit dependency on target 'GULLogger' in project 'GoogleUtilities'
        ➜ Explicit dependency on target 'FBLPromises' in project 'Promises'
        ➜ Explicit dependency on target 'GULUserDefaults' in project 'GoogleUtilities'
        ➜ Explicit dependency on target 'nanopb' in project 'nanopb'
        ➜ Explicit dependency on target 'Promises' in project 'Promises'
        ➜ Explicit dependency on target 'GoogleDataTransport' in project 'GoogleDataTransport'
        ➜ Explicit dependency on target 'GULMethodSwizzler' in project 'GoogleUtilities'
    Target 'FirebasePerformanceTarget' in project 'Firebase'
        ➜ Explicit dependency on target 'Firebase' in project 'Firebase'
        ➜ Explicit dependency on target 'FirebaseCoreInternal' in project 'Firebase'
        ➜ Explicit dependency on target 'FirebaseCore' in project 'Firebase'
        ➜ Explicit dependency on target 'FirebaseInstallations' in project 'Firebase'
        ➜ Explicit dependency on target 'FirebaseABTesting' in project 'Firebase'
        ➜ Explicit dependency on target 'FirebaseRemoteConfigInterop' in project 'Firebase'
        ➜ Explicit dependency on target 'FirebaseRemoteConfigInternal' in project 'Firebase'
        ➜ Explicit dependency on target 'FirebaseCoreExtension' in project 'Firebase'
        ➜ Explicit dependency on target 'FirebaseSessionsObjC' in project 'Firebase'
        ➜ Explicit dependency on target 'FirebaseSessions' in project 'Firebase'
        ➜ Explicit dependency on target 'FirebasePerformance' in project 'Firebase'
        ➜ Explicit dependency on target 'GULNSData' in project 'GoogleUtilities'
        ➜ Explicit dependency on target 'GULEnvironment' in project 'GoogleUtilities'
        ➜ Explicit dependency on target 'GULLogger' in project 'GoogleUtilities'
        ➜ Explicit dependency on target 'FBLPromises' in project 'Promises'
        ➜ Explicit dependency on target 'GULUserDefaults' in project 'GoogleUtilities'
        ➜ Explicit dependency on target 'nanopb' in project 'nanopb'
        ➜ Explicit dependency on target 'Promises' in project 'Promises'
        ➜ Explicit dependency on target 'GoogleDataTransport' in project 'GoogleDataTransport'
        ➜ Explicit dependency on target 'GULMethodSwizzler' in project 'GoogleUtilities'
    Target 'FirebasePerformance' in project 'Firebase'
        ➜ Explicit dependency on target 'Firebase' in project 'Firebase'
        ➜ Explicit dependency on target 'FirebaseCoreInternal' in project 'Firebase'
        ➜ Explicit dependency on target 'FirebaseCore' in project 'Firebase'
        ➜ Explicit dependency on target 'FirebaseInstallations' in project 'Firebase'
        ➜ Explicit dependency on target 'FirebaseABTesting' in project 'Firebase'
        ➜ Explicit dependency on target 'FirebaseRemoteConfigInterop' in project 'Firebase'
        ➜ Explicit dependency on target 'FirebaseRemoteConfigInternal' in project 'Firebase'
        ➜ Explicit dependency on target 'FirebaseCoreExtension' in project 'Firebase'
        ➜ Explicit dependency on target 'FirebaseSessionsObjC' in project 'Firebase'
        ➜ Explicit dependency on target 'FirebaseSessions' in project 'Firebase'
        ➜ Explicit dependency on target 'GULNSData' in project 'GoogleUtilities'
        ➜ Explicit dependency on target 'GULEnvironment' in project 'GoogleUtilities'
        ➜ Explicit dependency on target 'GULLogger' in project 'GoogleUtilities'
        ➜ Explicit dependency on target 'FBLPromises' in project 'Promises'
        ➜ Explicit dependency on target 'GULUserDefaults' in project 'GoogleUtilities'
        ➜ Explicit dependency on target 'nanopb' in project 'nanopb'
        ➜ Explicit dependency on target 'Promises' in project 'Promises'
        ➜ Explicit dependency on target 'GoogleDataTransport' in project 'GoogleDataTransport'
        ➜ Explicit dependency on target 'GULMethodSwizzler' in project 'GoogleUtilities'
    Target 'GULMethodSwizzler' in project 'GoogleUtilities'
        ➜ Explicit dependency on target 'GoogleUtilities-MethodSwizzler' in project 'GoogleUtilities'
        ➜ Explicit dependency on target 'GoogleUtilities_GoogleUtilities-MethodSwizzler' in project 'GoogleUtilities'
        ➜ Explicit dependency on target 'third-party-IsAppEncrypted' in project 'GoogleUtilities'
        ➜ Explicit dependency on target 'GoogleUtilities-Environment' in project 'GoogleUtilities'
        ➜ Explicit dependency on target 'GoogleUtilities-Logger' in project 'GoogleUtilities'
    Target 'GoogleUtilities-MethodSwizzler' in project 'GoogleUtilities'
        ➜ Explicit dependency on target 'GoogleUtilities_GoogleUtilities-MethodSwizzler' in project 'GoogleUtilities'
        ➜ Explicit dependency on target 'third-party-IsAppEncrypted' in project 'GoogleUtilities'
        ➜ Explicit dependency on target 'GoogleUtilities-Environment' in project 'GoogleUtilities'
        ➜ Explicit dependency on target 'GoogleUtilities-Logger' in project 'GoogleUtilities'
    Target 'GoogleUtilities_GoogleUtilities-MethodSwizzler' in project 'GoogleUtilities' (no dependencies)
    Target 'FirebaseSessions' in project 'Firebase'
        ➜ Explicit dependency on target 'Firebase' in project 'Firebase'
        ➜ Explicit dependency on target 'FirebaseCoreInternal' in project 'Firebase'
        ➜ Explicit dependency on target 'FirebaseCore' in project 'Firebase'
        ➜ Explicit dependency on target 'FirebaseInstallations' in project 'Firebase'
        ➜ Explicit dependency on target 'FirebaseCoreExtension' in project 'Firebase'
        ➜ Explicit dependency on target 'FirebaseSessionsObjC' in project 'Firebase'
        ➜ Explicit dependency on target 'GULNSData' in project 'GoogleUtilities'
        ➜ Explicit dependency on target 'GULEnvironment' in project 'GoogleUtilities'
        ➜ Explicit dependency on target 'GULLogger' in project 'GoogleUtilities'
        ➜ Explicit dependency on target 'FBLPromises' in project 'Promises'
        ➜ Explicit dependency on target 'GULUserDefaults' in project 'GoogleUtilities'
        ➜ Explicit dependency on target 'nanopb' in project 'nanopb'
        ➜ Explicit dependency on target 'Promises' in project 'Promises'
        ➜ Explicit dependency on target 'GoogleDataTransport' in project 'GoogleDataTransport'
    Target 'GoogleDataTransport' in project 'GoogleDataTransport'
        ➜ Explicit dependency on target 'GoogleDataTransport' in project 'GoogleDataTransport'
        ➜ Explicit dependency on target 'GoogleDataTransport_GoogleDataTransport' in project 'GoogleDataTransport'
        ➜ Explicit dependency on target 'nanopb' in project 'nanopb'
        ➜ Explicit dependency on target 'FBLPromises' in project 'Promises'
    Target 'GoogleDataTransport' in project 'GoogleDataTransport'
        ➜ Explicit dependency on target 'GoogleDataTransport_GoogleDataTransport' in project 'GoogleDataTransport'
        ➜ Explicit dependency on target 'nanopb' in project 'nanopb'
        ➜ Explicit dependency on target 'FBLPromises' in project 'Promises'
    Target 'GoogleDataTransport_GoogleDataTransport' in project 'GoogleDataTransport' (no dependencies)
    Target 'Promises' in project 'Promises'
        ➜ Explicit dependency on target 'Promises' in project 'Promises'
        ➜ Explicit dependency on target 'Promises_Promises' in project 'Promises'
        ➜ Explicit dependency on target 'FBLPromises' in project 'Promises'
    Target 'Promises' in project 'Promises'
        ➜ Explicit dependency on target 'Promises_Promises' in project 'Promises'
        ➜ Explicit dependency on target 'FBLPromises' in project 'Promises'
    Target 'Promises_Promises' in project 'Promises' (no dependencies)
    Target 'FirebaseSessionsObjC' in project 'Firebase'
        ➜ Explicit dependency on target 'Firebase' in project 'Firebase'
        ➜ Explicit dependency on target 'FirebaseCoreInternal' in project 'Firebase'
        ➜ Explicit dependency on target 'FirebaseCore' in project 'Firebase'
        ➜ Explicit dependency on target 'FirebaseCoreExtension' in project 'Firebase'
        ➜ Explicit dependency on target 'GULNSData' in project 'GoogleUtilities'
        ➜ Explicit dependency on target 'GULEnvironment' in project 'GoogleUtilities'
        ➜ Explicit dependency on target 'GULLogger' in project 'GoogleUtilities'
        ➜ Explicit dependency on target 'nanopb' in project 'nanopb'
    Target 'nanopb' in project 'nanopb'
        ➜ Explicit dependency on target 'nanopb' in project 'nanopb'
        ➜ Explicit dependency on target 'nanopb_nanopb' in project 'nanopb'
    Target 'nanopb' in project 'nanopb'
        ➜ Explicit dependency on target 'nanopb_nanopb' in project 'nanopb'
    Target 'nanopb_nanopb' in project 'nanopb' (no dependencies)
    Target 'FirebaseCoreExtension' in project 'Firebase'
        ➜ Explicit dependency on target 'Firebase_FirebaseCoreExtension' in project 'Firebase'
    Target 'Firebase_FirebaseCoreExtension' in project 'Firebase' (no dependencies)
    Target 'FirebaseRemoteConfigInternal' in project 'Firebase'
        ➜ Explicit dependency on target 'Firebase' in project 'Firebase'
        ➜ Explicit dependency on target 'FirebaseCoreInternal' in project 'Firebase'
        ➜ Explicit dependency on target 'FirebaseCore' in project 'Firebase'
        ➜ Explicit dependency on target 'FirebaseABTesting' in project 'Firebase'
        ➜ Explicit dependency on target 'FirebaseInstallations' in project 'Firebase'
        ➜ Explicit dependency on target 'FirebaseRemoteConfigInterop' in project 'Firebase'
        ➜ Explicit dependency on target 'GULNSData' in project 'GoogleUtilities'
        ➜ Explicit dependency on target 'GULEnvironment' in project 'GoogleUtilities'
        ➜ Explicit dependency on target 'GULLogger' in project 'GoogleUtilities'
        ➜ Explicit dependency on target 'FBLPromises' in project 'Promises'
        ➜ Explicit dependency on target 'GULUserDefaults' in project 'GoogleUtilities'
    Target 'FirebaseRemoteConfigInterop' in project 'Firebase' (no dependencies)
    Target 'FirebaseABTesting' in project 'Firebase'
        ➜ Explicit dependency on target 'Firebase_FirebaseABTesting' in project 'Firebase'
        ➜ Explicit dependency on target 'Firebase' in project 'Firebase'
        ➜ Explicit dependency on target 'FirebaseCoreInternal' in project 'Firebase'
        ➜ Explicit dependency on target 'FirebaseCore' in project 'Firebase'
        ➜ Explicit dependency on target 'GULNSData' in project 'GoogleUtilities'
        ➜ Explicit dependency on target 'GULEnvironment' in project 'GoogleUtilities'
        ➜ Explicit dependency on target 'GULLogger' in project 'GoogleUtilities'
    Target 'Firebase_FirebaseABTesting' in project 'Firebase' (no dependencies)
    Target 'FirebaseInstallations' in project 'Firebase'
        ➜ Explicit dependency on target 'Firebase_FirebaseInstallations' in project 'Firebase'
        ➜ Explicit dependency on target 'Firebase' in project 'Firebase'
        ➜ Explicit dependency on target 'FirebaseCoreInternal' in project 'Firebase'
        ➜ Explicit dependency on target 'FirebaseCore' in project 'Firebase'
        ➜ Explicit dependency on target 'GULNSData' in project 'GoogleUtilities'
        ➜ Explicit dependency on target 'GULEnvironment' in project 'GoogleUtilities'
        ➜ Explicit dependency on target 'GULLogger' in project 'GoogleUtilities'
        ➜ Explicit dependency on target 'FBLPromises' in project 'Promises'
        ➜ Explicit dependency on target 'GULUserDefaults' in project 'GoogleUtilities'
    Target 'GULUserDefaults' in project 'GoogleUtilities'
        ➜ Explicit dependency on target 'GoogleUtilities-UserDefaults' in project 'GoogleUtilities'
        ➜ Explicit dependency on target 'GoogleUtilities_GoogleUtilities-UserDefaults' in project 'GoogleUtilities'
        ➜ Explicit dependency on target 'third-party-IsAppEncrypted' in project 'GoogleUtilities'
        ➜ Explicit dependency on target 'GoogleUtilities-Environment' in project 'GoogleUtilities'
        ➜ Explicit dependency on target 'GoogleUtilities-Logger' in project 'GoogleUtilities'
    Target 'GoogleUtilities-UserDefaults' in project 'GoogleUtilities'
        ➜ Explicit dependency on target 'GoogleUtilities_GoogleUtilities-UserDefaults' in project 'GoogleUtilities'
        ➜ Explicit dependency on target 'third-party-IsAppEncrypted' in project 'GoogleUtilities'
        ➜ Explicit dependency on target 'GoogleUtilities-Environment' in project 'GoogleUtilities'
        ➜ Explicit dependency on target 'GoogleUtilities-Logger' in project 'GoogleUtilities'
    Target 'GoogleUtilities_GoogleUtilities-UserDefaults' in project 'GoogleUtilities' (no dependencies)
    Target 'FBLPromises' in project 'Promises'
        ➜ Explicit dependency on target 'FBLPromises' in project 'Promises'
        ➜ Explicit dependency on target 'Promises_FBLPromises' in project 'Promises'
    Target 'FBLPromises' in project 'Promises'
        ➜ Explicit dependency on target 'Promises_FBLPromises' in project 'Promises'
    Target 'Promises_FBLPromises' in project 'Promises' (no dependencies)
    Target 'Firebase_FirebaseInstallations' in project 'Firebase' (no dependencies)
    Target 'FirebaseCore' in project 'Firebase'
        ➜ Explicit dependency on target 'Firebase_FirebaseCore' in project 'Firebase'
        ➜ Explicit dependency on target 'Firebase' in project 'Firebase'
        ➜ Explicit dependency on target 'FirebaseCoreInternal' in project 'Firebase'
        ➜ Explicit dependency on target 'GULNSData' in project 'GoogleUtilities'
        ➜ Explicit dependency on target 'GULEnvironment' in project 'GoogleUtilities'
        ➜ Explicit dependency on target 'GULLogger' in project 'GoogleUtilities'
    Target 'GULLogger' in project 'GoogleUtilities'
        ➜ Explicit dependency on target 'GoogleUtilities-Logger' in project 'GoogleUtilities'
        ➜ Explicit dependency on target 'GoogleUtilities_GoogleUtilities-Logger' in project 'GoogleUtilities'
        ➜ Explicit dependency on target 'third-party-IsAppEncrypted' in project 'GoogleUtilities'
        ➜ Explicit dependency on target 'GoogleUtilities-Environment' in project 'GoogleUtilities'
    Target 'GoogleUtilities-Logger' in project 'GoogleUtilities'
        ➜ Explicit dependency on target 'GoogleUtilities_GoogleUtilities-Logger' in project 'GoogleUtilities'
        ➜ Explicit dependency on target 'third-party-IsAppEncrypted' in project 'GoogleUtilities'
        ➜ Explicit dependency on target 'GoogleUtilities-Environment' in project 'GoogleUtilities'
    Target 'GoogleUtilities_GoogleUtilities-Logger' in project 'GoogleUtilities' (no dependencies)
    Target 'GULEnvironment' in project 'GoogleUtilities'
        ➜ Explicit dependency on target 'GoogleUtilities-Environment' in project 'GoogleUtilities'
        ➜ Explicit dependency on target 'GoogleUtilities_GoogleUtilities-Environment' in project 'GoogleUtilities'
        ➜ Explicit dependency on target 'third-party-IsAppEncrypted' in project 'GoogleUtilities'
    Target 'GoogleUtilities-Environment' in project 'GoogleUtilities'
        ➜ Explicit dependency on target 'GoogleUtilities_GoogleUtilities-Environment' in project 'GoogleUtilities'
        ➜ Explicit dependency on target 'third-party-IsAppEncrypted' in project 'GoogleUtilities'
    Target 'third-party-IsAppEncrypted' in project 'GoogleUtilities' (no dependencies)
    Target 'GoogleUtilities_GoogleUtilities-Environment' in project 'GoogleUtilities' (no dependencies)
    Target 'Firebase_FirebaseCore' in project 'Firebase' (no dependencies)
    Target 'FirebaseCoreInternal' in project 'Firebase'
        ➜ Explicit dependency on target 'Firebase_FirebaseCoreInternal' in project 'Firebase'
        ➜ Explicit dependency on target 'GULNSData' in project 'GoogleUtilities'
    Target 'GULNSData' in project 'GoogleUtilities'
        ➜ Explicit dependency on target 'GoogleUtilities-NSData' in project 'GoogleUtilities'
        ➜ Explicit dependency on target 'GoogleUtilities_GoogleUtilities-NSData' in project 'GoogleUtilities'
    Target 'GoogleUtilities-NSData' in project 'GoogleUtilities'
        ➜ Explicit dependency on target 'GoogleUtilities_GoogleUtilities-NSData' in project 'GoogleUtilities'
    Target 'GoogleUtilities_GoogleUtilities-NSData' in project 'GoogleUtilities' (no dependencies)
    Target 'Firebase_FirebaseCoreInternal' in project 'Firebase' (no dependencies)
    Target 'Firebase' in project 'Firebase' (no dependencies)

GatherProvisioningInputs

CreateBuildDescription

ExecuteExternalTool /Applications/Xcode.app/Contents/Developer/Toolchains/XcodeDefault.xctoolchain/usr/bin/clang -v -E -dM -arch arm64 -isysroot /Applications/Xcode.app/Contents/Developer/Platforms/iPhoneSimulator.platform/Developer/SDKs/iPhoneSimulator26.2.sdk -x objective-c -c /dev/null

ExecuteExternalTool /Applications/Xcode.app/Contents/Developer/Toolchains/XcodeDefault.xctoolchain/usr/bin/swiftc --version

ExecuteExternalTool /Applications/Xcode.app/Contents/Developer/Toolchains/XcodeDefault.xctoolchain/usr/bin/clang -v -E -dM -isysroot /Applications/Xcode.app/Contents/Developer/Platforms/iPhoneSimulator.platform/Developer/SDKs/iPhoneSimulator26.2.sdk -x c -c /dev/null

ExecuteExternalTool /Applications/Xcode.app/Contents/Developer/usr/bin/actool --print-asset-tag-combinations --output-format xml1 /Users/leonardofigueiredo/Projetos Mobile/ratio-ios/Ratio/Ratio/Assets.xcassets

ExecuteExternalTool /Applications/Xcode.app/Contents/Developer/Toolchains/XcodeDefault.xctoolchain/usr/bin/clang -v -E -dM -arch arm64 -isysroot /Applications/Xcode.app/Contents/Developer/Platforms/iPhoneSimulator.platform/Developer/SDKs/iPhoneSimulator26.2.sdk -x c -c /dev/null

ExecuteExternalTool /Applications/Xcode.app/Contents/Developer/Toolchains/XcodeDefault.xctoolchain/usr/bin/ld -version_details

ExecuteExternalTool /Applications/Xcode.app/Contents/Developer/Toolchains/XcodeDefault.xctoolchain/usr/bin/clang -v -E -dM -arch arm64 -isysroot /Applications/Xcode.app/Contents/Developer/Platforms/iPhoneSimulator.platform/Developer/SDKs/iPhoneSimulator26.2.sdk -x c++ -c /dev/null

ExecuteExternalTool /Applications/Xcode.app/Contents/Developer/Toolchains/XcodeDefault.xctoolchain/usr/bin/clang -v -E -dM -arch arm64 -isysroot /Applications/Xcode.app/Contents/Developer/Platforms/iPhoneSimulator.platform/Developer/SDKs/iPhoneSimulator26.2.sdk -x objective-c++ -c /dev/null

ExecuteExternalTool /Applications/Xcode.app/Contents/Developer/usr/bin/actool --version --output-format xml1

ExecuteExternalTool /Applications/Xcode.app/Contents/Developer/usr/bin/xcstringstool compile --dry-run --output-directory /Users/leonardofigueiredo/Library/Developer/Xcode/DerivedData/Ratio-dgukedwfifpyteflgeptozrgzmmp/Build/Intermediates.noindex/Ratio.build/Debug-iphonesimulator/Ratio.build /Users/leonardofigueiredo/Projetos Mobile/ratio-ios/Ratio/Ratio/Resources/Localizable.xcstrings

Build description signature: f4ff8aa0d077912a8ed1ba789126304b
Build description path: /Users/leonardofigueiredo/Library/Developer/Xcode/DerivedData/Ratio-dgukedwfifpyteflgeptozrgzmmp/Build/Intermediates.noindex/XCBuildData/f4ff8aa0d077912a8ed1ba789126304b.xcbuilddata
ClangStatCache /Applications/Xcode.app/Contents/Developer/Toolchains/XcodeDefault.xctoolchain/usr/bin/clang-stat-cache /Applications/Xcode.app/Contents/Developer/Platforms/iPhoneSimulator.platform/Developer/SDKs/iPhoneSimulator26.2.sdk /Users/leonardofigueiredo/Library/Developer/Xcode/DerivedData/SDKStatCaches.noindex/iphonesimulator26.2-23C53-7d00a8b37fbd7999ea79df8ebc024bf0.sdkstatcache
    cd /Users/leonardofigueiredo/Projetos\ Mobile/ratio-ios/Ratio/Ratio.xcodeproj
    /Applications/Xcode.app/Contents/Developer/Toolchains/XcodeDefault.xctoolchain/usr/bin/clang-stat-cache /Applications/Xcode.app/Contents/Developer/Platforms/iPhoneSimulator.platform/Developer/SDKs/iPhoneSimulator26.2.sdk -o /Users/leonardofigueiredo/Library/Developer/Xcode/DerivedData/SDKStatCaches.noindex/iphonesimulator26.2-23C53-7d00a8b37fbd7999ea79df8ebc024bf0.sdkstatcache

ProcessInfoPlistFile /Users/leonardofigueiredo/Library/Developer/Xcode/DerivedData/Ratio-dgukedwfifpyteflgeptozrgzmmp/Build/Products/Debug-iphonesimulator/nanopb_nanopb.bundle/Info.plist /Users/leonardofigueiredo/Library/Developer/Xcode/DerivedData/Ratio-dgukedwfifpyteflgeptozrgzmmp/Build/Intermediates.noindex/nanopb.build/Debug-iphonesimulator/nanopb_nanopb.build/empty-nanopb_nanopb.plist (in target 'nanopb_nanopb' from project 'nanopb')
    cd /Users/leonardofigueiredo/Library/Developer/Xcode/DerivedData/Ratio-dgukedwfifpyteflgeptozrgzmmp/SourcePackages/checkouts/nanopb
    builtin-infoPlistUtility /Users/leonardofigueiredo/Library/Developer/Xcode/DerivedData/Ratio-dgukedwfifpyteflgeptozrgzmmp/Build/Intermediates.noindex/nanopb.build/Debug-iphonesimulator/nanopb_nanopb.build/empty-nanopb_nanopb.plist -producttype com.apple.product-type.bundle -expandbuildsettings -format binary -platform iphonesimulator -o /Users/leonardofigueiredo/Library/Developer/Xcode/DerivedData/Ratio-dgukedwfifpyteflgeptozrgzmmp/Build/Products/Debug-iphonesimulator/nanopb_nanopb.bundle/Info.plist

ProcessInfoPlistFile /Users/leonardofigueiredo/Library/Developer/Xcode/DerivedData/Ratio-dgukedwfifpyteflgeptozrgzmmp/Build/Products/Debug-iphonesimulator/leveldb_leveldb.bundle/Info.plist /Users/leonardofigueiredo/Library/Developer/Xcode/DerivedData/Ratio-dgukedwfifpyteflgeptozrgzmmp/Build/Intermediates.noindex/leveldb.build/Debug-iphonesimulator/leveldb_leveldb.build/empty-leveldb_leveldb.plist (in target 'leveldb_leveldb' from project 'leveldb')
    cd /Users/leonardofigueiredo/Library/Developer/Xcode/DerivedData/Ratio-dgukedwfifpyteflgeptozrgzmmp/SourcePackages/checkouts/leveldb
    builtin-infoPlistUtility /Users/leonardofigueiredo/Library/Developer/Xcode/DerivedData/Ratio-dgukedwfifpyteflgeptozrgzmmp/Build/Intermediates.noindex/leveldb.build/Debug-iphonesimulator/leveldb_leveldb.build/empty-leveldb_leveldb.plist -producttype com.apple.product-type.bundle -expandbuildsettings -format binary -platform iphonesimulator -o /Users/leonardofigueiredo/Library/Developer/Xcode/DerivedData/Ratio-dgukedwfifpyteflgeptozrgzmmp/Build/Products/Debug-iphonesimulator/leveldb_leveldb.bundle/Info.plist

ProcessInfoPlistFile /Users/leonardofigueiredo/Library/Developer/Xcode/DerivedData/Ratio-dgukedwfifpyteflgeptozrgzmmp/Build/Products/Debug-iphonesimulator/abseil_abslWrapper.bundle/Info.plist /Users/leonardofigueiredo/Library/Developer/Xcode/DerivedData/Ratio-dgukedwfifpyteflgeptozrgzmmp/Build/Intermediates.noindex/abseil.build/Debug-iphonesimulator/abseil_abslWrapper.build/empty-abseil_abslWrapper.plist (in target 'abseil_abslWrapper' from project 'abseil')
    cd /Users/leonardofigueiredo/Library/Developer/Xcode/DerivedData/Ratio-dgukedwfifpyteflgeptozrgzmmp/SourcePackages/checkouts/abseil-cpp-binary
    builtin-infoPlistUtility /Users/leonardofigueiredo/Library/Developer/Xcode/DerivedData/Ratio-dgukedwfifpyteflgeptozrgzmmp/Build/Intermediates.noindex/abseil.build/Debug-iphonesimulator/abseil_abslWrapper.build/empty-abseil_abslWrapper.plist -producttype com.apple.product-type.bundle -expandbuildsettings -format binary -platform iphonesimulator -o /Users/leonardofigueiredo/Library/Developer/Xcode/DerivedData/Ratio-dgukedwfifpyteflgeptozrgzmmp/Build/Products/Debug-iphonesimulator/abseil_abslWrapper.bundle/Info.plist

ProcessInfoPlistFile /Users/leonardofigueiredo/Library/Developer/Xcode/DerivedData/Ratio-dgukedwfifpyteflgeptozrgzmmp/Build/Products/Debug-iphonesimulator/Promises_Promises.bundle/Info.plist /Users/leonardofigueiredo/Library/Developer/Xcode/DerivedData/Ratio-dgukedwfifpyteflgeptozrgzmmp/Build/Intermediates.noindex/Promises.build/Debug-iphonesimulator/Promises_Promises.build/empty-Promises_Promises.plist (in target 'Promises_Promises' from project 'Promises')
    cd /Users/leonardofigueiredo/Library/Developer/Xcode/DerivedData/Ratio-dgukedwfifpyteflgeptozrgzmmp/SourcePackages/checkouts/promises
    builtin-infoPlistUtility /Users/leonardofigueiredo/Library/Developer/Xcode/DerivedData/Ratio-dgukedwfifpyteflgeptozrgzmmp/Build/Intermediates.noindex/Promises.build/Debug-iphonesimulator/Promises_Promises.build/empty-Promises_Promises.plist -producttype com.apple.product-type.bundle -expandbuildsettings -format binary -platform iphonesimulator -o /Users/leonardofigueiredo/Library/Developer/Xcode/DerivedData/Ratio-dgukedwfifpyteflgeptozrgzmmp/Build/Products/Debug-iphonesimulator/Promises_Promises.bundle/Info.plist

ProcessInfoPlistFile /Users/leonardofigueiredo/Library/Developer/Xcode/DerivedData/Ratio-dgukedwfifpyteflgeptozrgzmmp/Build/Products/Debug-iphonesimulator/Promises_FBLPromises.bundle/Info.plist /Users/leonardofigueiredo/Library/Developer/Xcode/DerivedData/Ratio-dgukedwfifpyteflgeptozrgzmmp/Build/Intermediates.noindex/Promises.build/Debug-iphonesimulator/Promises_FBLPromises.build/empty-Promises_FBLPromises.plist (in target 'Promises_FBLPromises' from project 'Promises')
    cd /Users/leonardofigueiredo/Library/Developer/Xcode/DerivedData/Ratio-dgukedwfifpyteflgeptozrgzmmp/SourcePackages/checkouts/promises
    builtin-infoPlistUtility /Users/leonardofigueiredo/Library/Developer/Xcode/DerivedData/Ratio-dgukedwfifpyteflgeptozrgzmmp/Build/Intermediates.noindex/Promises.build/Debug-iphonesimulator/Promises_FBLPromises.build/empty-Promises_FBLPromises.plist -producttype com.apple.product-type.bundle -expandbuildsettings -format binary -platform iphonesimulator -o /Users/leonardofigueiredo/Library/Developer/Xcode/DerivedData/Ratio-dgukedwfifpyteflgeptozrgzmmp/Build/Products/Debug-iphonesimulator/Promises_FBLPromises.bundle/Info.plist

ProcessInfoPlistFile /Users/leonardofigueiredo/Library/Developer/Xcode/DerivedData/Ratio-dgukedwfifpyteflgeptozrgzmmp/Build/Products/Debug-iphonesimulator/GoogleUtilities_GoogleUtilities-Reachability.bundle/Info.plist /Users/leonardofigueiredo/Library/Developer/Xcode/DerivedData/Ratio-dgukedwfifpyteflgeptozrgzmmp/Build/Intermediates.noindex/GoogleUtilities.build/Debug-iphonesimulator/GoogleUtilities_GoogleUtilities-Reachability.build/empty-GoogleUtilities_GoogleUtilities-Reachability.plist (in target 'GoogleUtilities_GoogleUtilities-Reachability' from project 'GoogleUtilities')
    cd /Users/leonardofigueiredo/Library/Developer/Xcode/DerivedData/Ratio-dgukedwfifpyteflgeptozrgzmmp/SourcePackages/checkouts/GoogleUtilities
    builtin-infoPlistUtility /Users/leonardofigueiredo/Library/Developer/Xcode/DerivedData/Ratio-dgukedwfifpyteflgeptozrgzmmp/Build/Intermediates.noindex/GoogleUtilities.build/Debug-iphonesimulator/GoogleUtilities_GoogleUtilities-Reachability.build/empty-GoogleUtilities_GoogleUtilities-Reachability.plist -producttype com.apple.product-type.bundle -expandbuildsettings -format binary -platform iphonesimulator -o /Users/leonardofigueiredo/Library/Developer/Xcode/DerivedData/Ratio-dgukedwfifpyteflgeptozrgzmmp/Build/Products/Debug-iphonesimulator/GoogleUtilities_GoogleUtilities-Reachability.bundle/Info.plist

ProcessInfoPlistFile /Users/leonardofigueiredo/Library/Developer/Xcode/DerivedData/Ratio-dgukedwfifpyteflgeptozrgzmmp/Build/Products/Debug-iphonesimulator/GoogleUtilities_GoogleUtilities-NSData.bundle/Info.plist /Users/leonardofigueiredo/Library/Developer/Xcode/DerivedData/Ratio-dgukedwfifpyteflgeptozrgzmmp/Build/Intermediates.noindex/GoogleUtilities.build/Debug-iphonesimulator/GoogleUtilities_GoogleUtilities-NSData.build/empty-GoogleUtilities_GoogleUtilities-NSData.plist (in target 'GoogleUtilities_GoogleUtilities-NSData' from project 'GoogleUtilities')
    cd /Users/leonardofigueiredo/Library/Developer/Xcode/DerivedData/Ratio-dgukedwfifpyteflgeptozrgzmmp/SourcePackages/checkouts/GoogleUtilities
    builtin-infoPlistUtility /Users/leonardofigueiredo/Library/Developer/Xcode/DerivedData/Ratio-dgukedwfifpyteflgeptozrgzmmp/Build/Intermediates.noindex/GoogleUtilities.build/Debug-iphonesimulator/GoogleUtilities_GoogleUtilities-NSData.build/empty-GoogleUtilities_GoogleUtilities-NSData.plist -producttype com.apple.product-type.bundle -expandbuildsettings -format binary -platform iphonesimulator -o /Users/leonardofigueiredo/Library/Developer/Xcode/DerivedData/Ratio-dgukedwfifpyteflgeptozrgzmmp/Build/Products/Debug-iphonesimulator/GoogleUtilities_GoogleUtilities-NSData.bundle/Info.plist

ProcessInfoPlistFile /Users/leonardofigueiredo/Library/Developer/Xcode/DerivedData/Ratio-dgukedwfifpyteflgeptozrgzmmp/Build/Products/Debug-iphonesimulator/GoogleUtilities_GoogleUtilities-UserDefaults.bundle/Info.plist /Users/leonardofigueiredo/Library/Developer/Xcode/DerivedData/Ratio-dgukedwfifpyteflgeptozrgzmmp/Build/Intermediates.noindex/GoogleUtilities.build/Debug-iphonesimulator/GoogleUtilities_GoogleUtilities-UserDefaults.build/empty-GoogleUtilities_GoogleUtilities-UserDefaults.plist (in target 'GoogleUtilities_GoogleUtilities-UserDefaults' from project 'GoogleUtilities')
    cd /Users/leonardofigueiredo/Library/Developer/Xcode/DerivedData/Ratio-dgukedwfifpyteflgeptozrgzmmp/SourcePackages/checkouts/GoogleUtilities
    builtin-infoPlistUtility /Users/leonardofigueiredo/Library/Developer/Xcode/DerivedData/Ratio-dgukedwfifpyteflgeptozrgzmmp/Build/Intermediates.noindex/GoogleUtilities.build/Debug-iphonesimulator/GoogleUtilities_GoogleUtilities-UserDefaults.build/empty-GoogleUtilities_GoogleUtilities-UserDefaults.plist -producttype com.apple.product-type.bundle -expandbuildsettings -format binary -platform iphonesimulator -o /Users/leonardofigueiredo/Library/Developer/Xcode/DerivedData/Ratio-dgukedwfifpyteflgeptozrgzmmp/Build/Products/Debug-iphonesimulator/GoogleUtilities_GoogleUtilities-UserDefaults.bundle/Info.plist

ProcessInfoPlistFile /Users/leonardofigueiredo/Library/Developer/Xcode/DerivedData/Ratio-dgukedwfifpyteflgeptozrgzmmp/Build/Products/Debug-iphonesimulator/GoogleUtilities_GoogleUtilities-Logger.bundle/Info.plist /Users/leonardofigueiredo/Library/Developer/Xcode/DerivedData/Ratio-dgukedwfifpyteflgeptozrgzmmp/Build/Intermediates.noindex/GoogleUtilities.build/Debug-iphonesimulator/GoogleUtilities_GoogleUtilities-Logger.build/empty-GoogleUtilities_GoogleUtilities-Logger.plist (in target 'GoogleUtilities_GoogleUtilities-Logger' from project 'GoogleUtilities')
    cd /Users/leonardofigueiredo/Library/Developer/Xcode/DerivedData/Ratio-dgukedwfifpyteflgeptozrgzmmp/SourcePackages/checkouts/GoogleUtilities
    builtin-infoPlistUtility /Users/leonardofigueiredo/Library/Developer/Xcode/DerivedData/Ratio-dgukedwfifpyteflgeptozrgzmmp/Build/Intermediates.noindex/GoogleUtilities.build/Debug-iphonesimulator/GoogleUtilities_GoogleUtilities-Logger.build/empty-GoogleUtilities_GoogleUtilities-Logger.plist -producttype com.apple.product-type.bundle -expandbuildsettings -format binary -platform iphonesimulator -o /Users/leonardofigueiredo/Library/Developer/Xcode/DerivedData/Ratio-dgukedwfifpyteflgeptozrgzmmp/Build/Products/Debug-iphonesimulator/GoogleUtilities_GoogleUtilities-Logger.bundle/Info.plist

ProcessInfoPlistFile /Users/leonardofigueiredo/Library/Developer/Xcode/DerivedData/Ratio-dgukedwfifpyteflgeptozrgzmmp/Build/Products/Debug-iphonesimulator/GoogleUtilities_GoogleUtilities-Network.bundle/Info.plist /Users/leonardofigueiredo/Library/Developer/Xcode/DerivedData/Ratio-dgukedwfifpyteflgeptozrgzmmp/Build/Intermediates.noindex/GoogleUtilities.build/Debug-iphonesimulator/GoogleUtilities_GoogleUtilities-Network.build/empty-GoogleUtilities_GoogleUtilities-Network.plist (in target 'GoogleUtilities_GoogleUtilities-Network' from project 'GoogleUtilities')
    cd /Users/leonardofigueiredo/Library/Developer/Xcode/DerivedData/Ratio-dgukedwfifpyteflgeptozrgzmmp/SourcePackages/checkouts/GoogleUtilities
    builtin-infoPlistUtility /Users/leonardofigueiredo/Library/Developer/Xcode/DerivedData/Ratio-dgukedwfifpyteflgeptozrgzmmp/Build/Intermediates.noindex/GoogleUtilities.build/Debug-iphonesimulator/GoogleUtilities_GoogleUtilities-Network.build/empty-GoogleUtilities_GoogleUtilities-Network.plist -producttype com.apple.product-type.bundle -expandbuildsettings -format binary -platform iphonesimulator -o /Users/leonardofigueiredo/Library/Developer/Xcode/DerivedData/Ratio-dgukedwfifpyteflgeptozrgzmmp/Build/Products/Debug-iphonesimulator/GoogleUtilities_GoogleUtilities-Network.bundle/Info.plist

ProcessInfoPlistFile /Users/leonardofigueiredo/Library/Developer/Xcode/DerivedData/Ratio-dgukedwfifpyteflgeptozrgzmmp/Build/Products/Debug-iphonesimulator/GoogleUtilities_GoogleUtilities-MethodSwizzler.bundle/Info.plist /Users/leonardofigueiredo/Library/Developer/Xcode/DerivedData/Ratio-dgukedwfifpyteflgeptozrgzmmp/Build/Intermediates.noindex/GoogleUtilities.build/Debug-iphonesimulator/GoogleUtilities_GoogleUtilities-MethodSwizzler.build/empty-GoogleUtilities_GoogleUtilities-MethodSwizzler.plist (in target 'GoogleUtilities_GoogleUtilities-MethodSwizzler' from project 'GoogleUtilities')
    cd /Users/leonardofigueiredo/Library/Developer/Xcode/DerivedData/Ratio-dgukedwfifpyteflgeptozrgzmmp/SourcePackages/checkouts/GoogleUtilities
    builtin-infoPlistUtility /Users/leonardofigueiredo/Library/Developer/Xcode/DerivedData/Ratio-dgukedwfifpyteflgeptozrgzmmp/Build/Intermediates.noindex/GoogleUtilities.build/Debug-iphonesimulator/GoogleUtilities_GoogleUtilities-MethodSwizzler.build/empty-GoogleUtilities_GoogleUtilities-MethodSwizzler.plist -producttype com.apple.product-type.bundle -expandbuildsettings -format binary -platform iphonesimulator -o /Users/leonardofigueiredo/Library/Developer/Xcode/DerivedData/Ratio-dgukedwfifpyteflgeptozrgzmmp/Build/Products/Debug-iphonesimulator/GoogleUtilities_GoogleUtilities-MethodSwizzler.bundle/Info.plist

Ld /Users/leonardofigueiredo/Library/Developer/Xcode/DerivedData/Ratio-dgukedwfifpyteflgeptozrgzmmp/Build/Products/Debug-iphonesimulator/third-party-IsAppEncrypted.o normal (in target 'third-party-IsAppEncrypted' from project 'GoogleUtilities')
    cd /Users/leonardofigueiredo/Library/Developer/Xcode/DerivedData/Ratio-dgukedwfifpyteflgeptozrgzmmp/SourcePackages/checkouts/GoogleUtilities
    /Applications/Xcode.app/Contents/Developer/Toolchains/XcodeDefault.xctoolchain/usr/bin/clang -Xlinker -reproducible -target arm64-apple-ios12.0-simulator -r -isysroot /Applications/Xcode.app/Contents/Developer/Platforms/iPhoneSimulator.platform/Developer/SDKs/iPhoneSimulator26.2.sdk -O0 -w -L/Users/leonardofigueiredo/Library/Developer/Xcode/DerivedData/Ratio-dgukedwfifpyteflgeptozrgzmmp/Build/Intermediates.noindex/EagerLinkingTBDs/Debug-iphonesimulator -L/Users/leonardofigueiredo/Library/Developer/Xcode/DerivedData/Ratio-dgukedwfifpyteflgeptozrgzmmp/Build/Products/Debug-iphonesimulator -L/Applications/Xcode.app/Contents/Developer/Platforms/iPhoneSimulator.platform/Developer/usr/lib -F/Users/leonardofigueiredo/Library/Developer/Xcode/DerivedData/Ratio-dgukedwfifpyteflgeptozrgzmmp/Build/Intermediates.noindex/EagerLinkingTBDs/Debug-iphonesimulator -F/Users/leonardofigueiredo/Library/Developer/Xcode/DerivedData/Ratio-dgukedwfifpyteflgeptozrgzmmp/Build/Products/Debug-iphonesimulator -iframework /Applications/Xcode.app/Contents/Developer/Platforms/iPhoneSimulator.platform/Developer/Library/Frameworks -iframework /Applications/Xcode.app/Contents/Developer/Platforms/iPhoneSimulator.platform/Developer/SDKs/iPhoneSimulator26.2.sdk/Developer/Library/Frameworks -filelist /Users/leonardofigueiredo/Library/Developer/Xcode/DerivedData/Ratio-dgukedwfifpyteflgeptozrgzmmp/Build/Intermediates.noindex/GoogleUtilities.build/Debug-iphonesimulator/third-party-IsAppEncrypted.build/Objects-normal/arm64/third-party-IsAppEncrypted.LinkFileList -nostdlib -Xlinker -object_path_lto -Xlinker /Users/leonardofigueiredo/Library/Developer/Xcode/DerivedData/Ratio-dgukedwfifpyteflgeptozrgzmmp/Build/Intermediates.noindex/GoogleUtilities.build/Debug-iphonesimulator/third-party-IsAppEncrypted.build/Objects-normal/arm64/third-party-IsAppEncrypted_lto.o -rdynamic -Xlinker -no_deduplicate -Xlinker -objc_abi_version -Xlinker 2 -Xlinker -dependency_info -Xlinker /Users/leonardofigueiredo/Library/Developer/Xcode/DerivedData/Ratio-dgukedwfifpyteflgeptozrgzmmp/Build/Intermediates.noindex/GoogleUtilities.build/Debug-iphonesimulator/third-party-IsAppEncrypted.build/Objects-normal/arm64/third-party-IsAppEncrypted_dependency_info.dat -fobjc-arc -fobjc-link-runtime -o /Users/leonardofigueiredo/Library/Developer/Xcode/DerivedData/Ratio-dgukedwfifpyteflgeptozrgzmmp/Build/Products/Debug-iphonesimulator/third-party-IsAppEncrypted.o

Ld /Users/leonardofigueiredo/Library/Developer/Xcode/DerivedData/Ratio-dgukedwfifpyteflgeptozrgzmmp/Build/Products/Debug-iphonesimulator/RecaptchaInterop.o normal (in target 'RecaptchaInterop' from project 'InteropForGoogle')
    cd /Users/leonardofigueiredo/Library/Developer/Xcode/DerivedData/Ratio-dgukedwfifpyteflgeptozrgzmmp/SourcePackages/checkouts/interop-ios-for-google-sdks
    /Applications/Xcode.app/Contents/Developer/Toolchains/XcodeDefault.xctoolchain/usr/bin/clang -Xlinker -reproducible -target arm64-apple-ios12.0-simulator -r -isysroot /Applications/Xcode.app/Contents/Developer/Platforms/iPhoneSimulator.platform/Developer/SDKs/iPhoneSimulator26.2.sdk -O0 -w -L/Users/leonardofigueiredo/Library/Developer/Xcode/DerivedData/Ratio-dgukedwfifpyteflgeptozrgzmmp/Build/Intermediates.noindex/EagerLinkingTBDs/Debug-iphonesimulator -L/Users/leonardofigueiredo/Library/Developer/Xcode/DerivedData/Ratio-dgukedwfifpyteflgeptozrgzmmp/Build/Products/Debug-iphonesimulator -L/Applications/Xcode.app/Contents/Developer/Platforms/iPhoneSimulator.platform/Developer/usr/lib -F/Users/leonardofigueiredo/Library/Developer/Xcode/DerivedData/Ratio-dgukedwfifpyteflgeptozrgzmmp/Build/Intermediates.noindex/EagerLinkingTBDs/Debug-iphonesimulator -F/Users/leonardofigueiredo/Library/Developer/Xcode/DerivedData/Ratio-dgukedwfifpyteflgeptozrgzmmp/Build/Products/Debug-iphonesimulator -iframework /Applications/Xcode.app/Contents/Developer/Platforms/iPhoneSimulator.platform/Developer/Library/Frameworks -iframework /Applications/Xcode.app/Contents/Developer/Platforms/iPhoneSimulator.platform/Developer/SDKs/iPhoneSimulator26.2.sdk/Developer/Library/Frameworks -filelist /Users/leonardofigueiredo/Library/Developer/Xcode/DerivedData/Ratio-dgukedwfifpyteflgeptozrgzmmp/Build/Intermediates.noindex/InteropForGoogle.build/Debug-iphonesimulator/RecaptchaInterop.build/Objects-normal/arm64/RecaptchaInterop.LinkFileList -nostdlib -Xlinker -object_path_lto -Xlinker /Users/leonardofigueiredo/Library/Developer/Xcode/DerivedData/Ratio-dgukedwfifpyteflgeptozrgzmmp/Build/Intermediates.noindex/InteropForGoogle.build/Debug-iphonesimulator/RecaptchaInterop.build/Objects-normal/arm64/RecaptchaInterop_lto.o -rdynamic -Xlinker -no_deduplicate -Xlinker -objc_abi_version -Xlinker 2 -Xlinker -dependency_info -Xlinker /Users/leonardofigueiredo/Library/Developer/Xcode/DerivedData/Ratio-dgukedwfifpyteflgeptozrgzmmp/Build/Intermediates.noindex/InteropForGoogle.build/Debug-iphonesimulator/RecaptchaInterop.build/Objects-normal/arm64/RecaptchaInterop_dependency_info.dat -fobjc-arc -fobjc-link-runtime -o /Users/leonardofigueiredo/Library/Developer/Xcode/DerivedData/Ratio-dgukedwfifpyteflgeptozrgzmmp/Build/Products/Debug-iphonesimulator/RecaptchaInterop.o

Ld /Users/leonardofigueiredo/Library/Developer/Xcode/DerivedData/Ratio-dgukedwfifpyteflgeptozrgzmmp/Build/Products/Debug-iphonesimulator/FirebaseSharedSwift.o normal (in target 'FirebaseSharedSwift' from project 'Firebase')
    cd /Users/leonardofigueiredo/Library/Developer/Xcode/DerivedData/Ratio-dgukedwfifpyteflgeptozrgzmmp/SourcePackages/checkouts/firebase-ios-sdk
    /Applications/Xcode.app/Contents/Developer/Toolchains/XcodeDefault.xctoolchain/usr/bin/clang -Xlinker -reproducible -target arm64-apple-ios15.0-simulator -r -isysroot /Applications/Xcode.app/Contents/Developer/Platforms/iPhoneSimulator.platform/Developer/SDKs/iPhoneSimulator26.2.sdk -O0 -w -L/Users/leonardofigueiredo/Library/Developer/Xcode/DerivedData/Ratio-dgukedwfifpyteflgeptozrgzmmp/Build/Intermediates.noindex/EagerLinkingTBDs/Debug-iphonesimulator -L/Users/leonardofigueiredo/Library/Developer/Xcode/DerivedData/Ratio-dgukedwfifpyteflgeptozrgzmmp/Build/Products/Debug-iphonesimulator -L/Applications/Xcode.app/Contents/Developer/Platforms/iPhoneSimulator.platform/Developer/usr/lib -F/Users/leonardofigueiredo/Library/Developer/Xcode/DerivedData/Ratio-dgukedwfifpyteflgeptozrgzmmp/Build/Intermediates.noindex/EagerLinkingTBDs/Debug-iphonesimulator -F/Users/leonardofigueiredo/Library/Developer/Xcode/DerivedData/Ratio-dgukedwfifpyteflgeptozrgzmmp/Build/Products/Debug-iphonesimulator -iframework /Applications/Xcode.app/Contents/Developer/Platforms/iPhoneSimulator.platform/Developer/Library/Frameworks -iframework /Applications/Xcode.app/Contents/Developer/Platforms/iPhoneSimulator.platform/Developer/SDKs/iPhoneSimulator26.2.sdk/Developer/Library/Frameworks -filelist /Users/leonardofigueiredo/Library/Developer/Xcode/DerivedData/Ratio-dgukedwfifpyteflgeptozrgzmmp/Build/Intermediates.noindex/Firebase.build/Debug-iphonesimulator/FirebaseSharedSwift.build/Objects-normal/arm64/FirebaseSharedSwift.LinkFileList -nostdlib -Xlinker -object_path_lto -Xlinker /Users/leonardofigueiredo/Library/Developer/Xcode/DerivedData/Ratio-dgukedwfifpyteflgeptozrgzmmp/Build/Intermediates.noindex/Firebase.build/Debug-iphonesimulator/FirebaseSharedSwift.build/Objects-normal/arm64/FirebaseSharedSwift_lto.o -rdynamic -Xlinker -no_deduplicate -Xlinker -objc_abi_version -Xlinker 2 -Xlinker -dependency_info -Xlinker /Users/leonardofigueiredo/Library/Developer/Xcode/DerivedData/Ratio-dgukedwfifpyteflgeptozrgzmmp/Build/Intermediates.noindex/Firebase.build/Debug-iphonesimulator/FirebaseSharedSwift.build/Objects-normal/arm64/FirebaseSharedSwift_dependency_info.dat -fobjc-link-runtime -L/Applications/Xcode.app/Contents/Developer/Toolchains/XcodeDefault.xctoolchain/usr/lib/swift/iphonesimulator -L/usr/lib/swift -Xlinker -add_ast_path -Xlinker /Users/leonardofigueiredo/Library/Developer/Xcode/DerivedData/Ratio-dgukedwfifpyteflgeptozrgzmmp/Build/Intermediates.noindex/Firebase.build/Debug-iphonesimulator/FirebaseSharedSwift.build/Objects-normal/arm64/FirebaseSharedSwift.swiftmodule @/Users/leonardofigueiredo/Library/Developer/Xcode/DerivedData/Ratio-dgukedwfifpyteflgeptozrgzmmp/Build/Intermediates.noindex/Firebase.build/Debug-iphonesimulator/FirebaseSharedSwift.build/Objects-normal/arm64/FirebaseSharedSwift-linker-args.resp -o /Users/leonardofigueiredo/Library/Developer/Xcode/DerivedData/Ratio-dgukedwfifpyteflgeptozrgzmmp/Build/Products/Debug-iphonesimulator/FirebaseSharedSwift.o

Ld /Users/leonardofigueiredo/Library/Developer/Xcode/DerivedData/Ratio-dgukedwfifpyteflgeptozrgzmmp/Build/Products/Debug-iphonesimulator/FirebaseFirestoreInternalWrapper.o normal (in target 'FirebaseFirestoreInternalWrapper' from project 'Firebase')
    cd /Users/leonardofigueiredo/Library/Developer/Xcode/DerivedData/Ratio-dgukedwfifpyteflgeptozrgzmmp/SourcePackages/checkouts/firebase-ios-sdk
    /Applications/Xcode.app/Contents/Developer/Toolchains/XcodeDefault.xctoolchain/usr/bin/clang -Xlinker -reproducible -target arm64-apple-ios15.0-simulator -r -isysroot /Applications/Xcode.app/Contents/Developer/Platforms/iPhoneSimulator.platform/Developer/SDKs/iPhoneSimulator26.2.sdk -O0 -w -L/Users/leonardofigueiredo/Library/Developer/Xcode/DerivedData/Ratio-dgukedwfifpyteflgeptozrgzmmp/Build/Intermediates.noindex/EagerLinkingTBDs/Debug-iphonesimulator -L/Users/leonardofigueiredo/Library/Developer/Xcode/DerivedData/Ratio-dgukedwfifpyteflgeptozrgzmmp/Build/Products/Debug-iphonesimulator -L/Applications/Xcode.app/Contents/Developer/Platforms/iPhoneSimulator.platform/Developer/usr/lib -F/Users/leonardofigueiredo/Library/Developer/Xcode/DerivedData/Ratio-dgukedwfifpyteflgeptozrgzmmp/Build/Intermediates.noindex/EagerLinkingTBDs/Debug-iphonesimulator -F/Users/leonardofigueiredo/Library/Developer/Xcode/DerivedData/Ratio-dgukedwfifpyteflgeptozrgzmmp/Build/Products/Debug-iphonesimulator -iframework /Applications/Xcode.app/Contents/Developer/Platforms/iPhoneSimulator.platform/Developer/Library/Frameworks -iframework /Applications/Xcode.app/Contents/Developer/Platforms/iPhoneSimulator.platform/Developer/SDKs/iPhoneSimulator26.2.sdk/Developer/Library/Frameworks -filelist /Users/leonardofigueiredo/Library/Developer/Xcode/DerivedData/Ratio-dgukedwfifpyteflgeptozrgzmmp/Build/Intermediates.noindex/Firebase.build/Debug-iphonesimulator/FirebaseFirestoreInternalWrapper.build/Objects-normal/arm64/FirebaseFirestoreInternalWrapper.LinkFileList -nostdlib -Xlinker -object_path_lto -Xlinker /Users/leonardofigueiredo/Library/Developer/Xcode/DerivedData/Ratio-dgukedwfifpyteflgeptozrgzmmp/Build/Intermediates.noindex/Firebase.build/Debug-iphonesimulator/FirebaseFirestoreInternalWrapper.build/Objects-normal/arm64/FirebaseFirestoreInternalWrapper_lto.o -rdynamic -Xlinker -no_deduplicate -Xlinker -objc_abi_version -Xlinker 2 -Xlinker -dependency_info -Xlinker /Users/leonardofigueiredo/Library/Developer/Xcode/DerivedData/Ratio-dgukedwfifpyteflgeptozrgzmmp/Build/Intermediates.noindex/Firebase.build/Debug-iphonesimulator/FirebaseFirestoreInternalWrapper.build/Objects-normal/arm64/FirebaseFirestoreInternalWrapper_dependency_info.dat -fobjc-arc -fobjc-link-runtime -o /Users/leonardofigueiredo/Library/Developer/Xcode/DerivedData/Ratio-dgukedwfifpyteflgeptozrgzmmp/Build/Products/Debug-iphonesimulator/FirebaseFirestoreInternalWrapper.o

Ld /Users/leonardofigueiredo/Library/Developer/Xcode/DerivedData/Ratio-dgukedwfifpyteflgeptozrgzmmp/Build/Products/Debug-iphonesimulator/FirebaseRemoteConfigInterop.o normal (in target 'FirebaseRemoteConfigInterop' from project 'Firebase')
    cd /Users/leonardofigueiredo/Library/Developer/Xcode/DerivedData/Ratio-dgukedwfifpyteflgeptozrgzmmp/SourcePackages/checkouts/firebase-ios-sdk
    /Applications/Xcode.app/Contents/Developer/Toolchains/XcodeDefault.xctoolchain/usr/bin/clang -Xlinker -reproducible -target arm64-apple-ios15.0-simulator -r -isysroot /Applications/Xcode.app/Contents/Developer/Platforms/iPhoneSimulator.platform/Developer/SDKs/iPhoneSimulator26.2.sdk -O0 -w -L/Users/leonardofigueiredo/Library/Developer/Xcode/DerivedData/Ratio-dgukedwfifpyteflgeptozrgzmmp/Build/Intermediates.noindex/EagerLinkingTBDs/Debug-iphonesimulator -L/Users/leonardofigueiredo/Library/Developer/Xcode/DerivedData/Ratio-dgukedwfifpyteflgeptozrgzmmp/Build/Products/Debug-iphonesimulator -L/Applications/Xcode.app/Contents/Developer/Platforms/iPhoneSimulator.platform/Developer/usr/lib -F/Users/leonardofigueiredo/Library/Developer/Xcode/DerivedData/Ratio-dgukedwfifpyteflgeptozrgzmmp/Build/Intermediates.noindex/EagerLinkingTBDs/Debug-iphonesimulator -F/Users/leonardofigueiredo/Library/Developer/Xcode/DerivedData/Ratio-dgukedwfifpyteflgeptozrgzmmp/Build/Products/Debug-iphonesimulator -iframework /Applications/Xcode.app/Contents/Developer/Platforms/iPhoneSimulator.platform/Developer/Library/Frameworks -iframework /Applications/Xcode.app/Contents/Developer/Platforms/iPhoneSimulator.platform/Developer/SDKs/iPhoneSimulator26.2.sdk/Developer/Library/Frameworks -filelist /Users/leonardofigueiredo/Library/Developer/Xcode/DerivedData/Ratio-dgukedwfifpyteflgeptozrgzmmp/Build/Intermediates.noindex/Firebase.build/Debug-iphonesimulator/FirebaseRemoteConfigInterop.build/Objects-normal/arm64/FirebaseRemoteConfigInterop.LinkFileList -nostdlib -Xlinker -object_path_lto -Xlinker /Users/leonardofigueiredo/Library/Developer/Xcode/DerivedData/Ratio-dgukedwfifpyteflgeptozrgzmmp/Build/Intermediates.noindex/Firebase.build/Debug-iphonesimulator/FirebaseRemoteConfigInterop.build/Objects-normal/arm64/FirebaseRemoteConfigInterop_lto.o -rdynamic -Xlinker -no_deduplicate -Xlinker -objc_abi_version -Xlinker 2 -Xlinker -dependency_info -Xlinker /Users/leonardofigueiredo/Library/Developer/Xcode/DerivedData/Ratio-dgukedwfifpyteflgeptozrgzmmp/Build/Intermediates.noindex/Firebase.build/Debug-iphonesimulator/FirebaseRemoteConfigInterop.build/Objects-normal/arm64/FirebaseRemoteConfigInterop_dependency_info.dat -fobjc-link-runtime -L/Applications/Xcode.app/Contents/Developer/Toolchains/XcodeDefault.xctoolchain/usr/lib/swift/iphonesimulator -L/usr/lib/swift -Xlinker -add_ast_path -Xlinker /Users/leonardofigueiredo/Library/Developer/Xcode/DerivedData/Ratio-dgukedwfifpyteflgeptozrgzmmp/Build/Intermediates.noindex/Firebase.build/Debug-iphonesimulator/FirebaseRemoteConfigInterop.build/Objects-normal/arm64/FirebaseRemoteConfigInterop.swiftmodule @/Users/leonardofigueiredo/Library/Developer/Xcode/DerivedData/Ratio-dgukedwfifpyteflgeptozrgzmmp/Build/Intermediates.noindex/Firebase.build/Debug-iphonesimulator/FirebaseRemoteConfigInterop.build/Objects-normal/arm64/FirebaseRemoteConfigInterop-linker-args.resp -o /Users/leonardofigueiredo/Library/Developer/Xcode/DerivedData/Ratio-dgukedwfifpyteflgeptozrgzmmp/Build/Products/Debug-iphonesimulator/FirebaseRemoteConfigInterop.o

Ld /Users/leonardofigueiredo/Library/Developer/Xcode/DerivedData/Ratio-dgukedwfifpyteflgeptozrgzmmp/Build/Products/Debug-iphonesimulator/FirebaseAuthInterop.o normal (in target 'FirebaseAuthInterop' from project 'Firebase')
    cd /Users/leonardofigueiredo/Library/Developer/Xcode/DerivedData/Ratio-dgukedwfifpyteflgeptozrgzmmp/SourcePackages/checkouts/firebase-ios-sdk
    /Applications/Xcode.app/Contents/Developer/Toolchains/XcodeDefault.xctoolchain/usr/bin/clang -Xlinker -reproducible -target arm64-apple-ios15.0-simulator -r -isysroot /Applications/Xcode.app/Contents/Developer/Platforms/iPhoneSimulator.platform/Developer/SDKs/iPhoneSimulator26.2.sdk -O0 -w -L/Users/leonardofigueiredo/Library/Developer/Xcode/DerivedData/Ratio-dgukedwfifpyteflgeptozrgzmmp/Build/Intermediates.noindex/EagerLinkingTBDs/Debug-iphonesimulator -L/Users/leonardofigueiredo/Library/Developer/Xcode/DerivedData/Ratio-dgukedwfifpyteflgeptozrgzmmp/Build/Products/Debug-iphonesimulator -L/Applications/Xcode.app/Contents/Developer/Platforms/iPhoneSimulator.platform/Developer/usr/lib -F/Users/leonardofigueiredo/Library/Developer/Xcode/DerivedData/Ratio-dgukedwfifpyteflgeptozrgzmmp/Build/Intermediates.noindex/EagerLinkingTBDs/Debug-iphonesimulator -F/Users/leonardofigueiredo/Library/Developer/Xcode/DerivedData/Ratio-dgukedwfifpyteflgeptozrgzmmp/Build/Products/Debug-iphonesimulator -iframework /Applications/Xcode.app/Contents/Developer/Platforms/iPhoneSimulator.platform/Developer/Library/Frameworks -iframework /Applications/Xcode.app/Contents/Developer/Platforms/iPhoneSimulator.platform/Developer/SDKs/iPhoneSimulator26.2.sdk/Developer/Library/Frameworks -filelist /Users/leonardofigueiredo/Library/Developer/Xcode/DerivedData/Ratio-dgukedwfifpyteflgeptozrgzmmp/Build/Intermediates.noindex/Firebase.build/Debug-iphonesimulator/FirebaseAuthInterop.build/Objects-normal/arm64/FirebaseAuthInterop.LinkFileList -nostdlib -Xlinker -object_path_lto -Xlinker /Users/leonardofigueiredo/Library/Developer/Xcode/DerivedData/Ratio-dgukedwfifpyteflgeptozrgzmmp/Build/Intermediates.noindex/Firebase.build/Debug-iphonesimulator/FirebaseAuthInterop.build/Objects-normal/arm64/FirebaseAuthInterop_lto.o -rdynamic -Xlinker -no_deduplicate -Xlinker -objc_abi_version -Xlinker 2 -Xlinker -dependency_info -Xlinker /Users/leonardofigueiredo/Library/Developer/Xcode/DerivedData/Ratio-dgukedwfifpyteflgeptozrgzmmp/Build/Intermediates.noindex/Firebase.build/Debug-iphonesimulator/FirebaseAuthInterop.build/Objects-normal/arm64/FirebaseAuthInterop_dependency_info.dat -fobjc-arc -fobjc-link-runtime -o /Users/leonardofigueiredo/Library/Developer/Xcode/DerivedData/Ratio-dgukedwfifpyteflgeptozrgzmmp/Build/Products/Debug-iphonesimulator/FirebaseAuthInterop.o

Ld /Users/leonardofigueiredo/Library/Developer/Xcode/DerivedData/Ratio-dgukedwfifpyteflgeptozrgzmmp/Build/Products/Debug-iphonesimulator/abslWrapper.o normal (in target 'abslWrapper' from project 'abseil')
    cd /Users/leonardofigueiredo/Library/Developer/Xcode/DerivedData/Ratio-dgukedwfifpyteflgeptozrgzmmp/SourcePackages/checkouts/abseil-cpp-binary
    /Applications/Xcode.app/Contents/Developer/Toolchains/XcodeDefault.xctoolchain/usr/bin/clang -Xlinker -reproducible -target arm64-apple-ios12.0-simulator -r -isysroot /Applications/Xcode.app/Contents/Developer/Platforms/iPhoneSimulator.platform/Developer/SDKs/iPhoneSimulator26.2.sdk -O0 -w -L/Users/leonardofigueiredo/Library/Developer/Xcode/DerivedData/Ratio-dgukedwfifpyteflgeptozrgzmmp/Build/Intermediates.noindex/EagerLinkingTBDs/Debug-iphonesimulator -L/Users/leonardofigueiredo/Library/Developer/Xcode/DerivedData/Ratio-dgukedwfifpyteflgeptozrgzmmp/Build/Products/Debug-iphonesimulator -L/Applications/Xcode.app/Contents/Developer/Platforms/iPhoneSimulator.platform/Developer/usr/lib -F/Users/leonardofigueiredo/Library/Developer/Xcode/DerivedData/Ratio-dgukedwfifpyteflgeptozrgzmmp/Build/Intermediates.noindex/EagerLinkingTBDs/Debug-iphonesimulator -F/Users/leonardofigueiredo/Library/Developer/Xcode/DerivedData/Ratio-dgukedwfifpyteflgeptozrgzmmp/Build/Products/Debug-iphonesimulator -iframework /Applications/Xcode.app/Contents/Developer/Platforms/iPhoneSimulator.platform/Developer/Library/Frameworks -iframework /Applications/Xcode.app/Contents/Developer/Platforms/iPhoneSimulator.platform/Developer/SDKs/iPhoneSimulator26.2.sdk/Developer/Library/Frameworks -filelist /Users/leonardofigueiredo/Library/Developer/Xcode/DerivedData/Ratio-dgukedwfifpyteflgeptozrgzmmp/Build/Intermediates.noindex/abseil.build/Debug-iphonesimulator/abslWrapper.build/Objects-normal/arm64/abslWrapper.LinkFileList -nostdlib -Xlinker -object_path_lto -Xlinker /Users/leonardofigueiredo/Library/Developer/Xcode/DerivedData/Ratio-dgukedwfifpyteflgeptozrgzmmp/Build/Intermediates.noindex/abseil.build/Debug-iphonesimulator/abslWrapper.build/Objects-normal/arm64/abslWrapper_lto.o -rdynamic -Xlinker -no_deduplicate -Xlinker -objc_abi_version -Xlinker 2 -Xlinker -dependency_info -Xlinker /Users/leonardofigueiredo/Library/Developer/Xcode/DerivedData/Ratio-dgukedwfifpyteflgeptozrgzmmp/Build/Intermediates.noindex/abseil.build/Debug-iphonesimulator/abslWrapper.build/Objects-normal/arm64/abslWrapper_dependency_info.dat -fobjc-arc -fobjc-link-runtime -o /Users/leonardofigueiredo/Library/Developer/Xcode/DerivedData/Ratio-dgukedwfifpyteflgeptozrgzmmp/Build/Products/Debug-iphonesimulator/abslWrapper.o

Ld /Users/leonardofigueiredo/Library/Developer/Xcode/DerivedData/Ratio-dgukedwfifpyteflgeptozrgzmmp/Build/Products/Debug-iphonesimulator/FirebaseAppCheckInterop.o normal (in target 'FirebaseAppCheckInterop' from project 'Firebase')
    cd /Users/leonardofigueiredo/Library/Developer/Xcode/DerivedData/Ratio-dgukedwfifpyteflgeptozrgzmmp/SourcePackages/checkouts/firebase-ios-sdk
    /Applications/Xcode.app/Contents/Developer/Toolchains/XcodeDefault.xctoolchain/usr/bin/clang -Xlinker -reproducible -target arm64-apple-ios15.0-simulator -r -isysroot /Applications/Xcode.app/Contents/Developer/Platforms/iPhoneSimulator.platform/Developer/SDKs/iPhoneSimulator26.2.sdk -O0 -w -L/Users/leonardofigueiredo/Library/Developer/Xcode/DerivedData/Ratio-dgukedwfifpyteflgeptozrgzmmp/Build/Intermediates.noindex/EagerLinkingTBDs/Debug-iphonesimulator -L/Users/leonardofigueiredo/Library/Developer/Xcode/DerivedData/Ratio-dgukedwfifpyteflgeptozrgzmmp/Build/Products/Debug-iphonesimulator -L/Applications/Xcode.app/Contents/Developer/Platforms/iPhoneSimulator.platform/Developer/usr/lib -F/Users/leonardofigueiredo/Library/Developer/Xcode/DerivedData/Ratio-dgukedwfifpyteflgeptozrgzmmp/Build/Intermediates.noindex/EagerLinkingTBDs/Debug-iphonesimulator -F/Users/leonardofigueiredo/Library/Developer/Xcode/DerivedData/Ratio-dgukedwfifpyteflgeptozrgzmmp/Build/Products/Debug-iphonesimulator -iframework /Applications/Xcode.app/Contents/Developer/Platforms/iPhoneSimulator.platform/Developer/Library/Frameworks -iframework /Applications/Xcode.app/Contents/Developer/Platforms/iPhoneSimulator.platform/Developer/SDKs/iPhoneSimulator26.2.sdk/Developer/Library/Frameworks -filelist /Users/leonardofigueiredo/Library/Developer/Xcode/DerivedData/Ratio-dgukedwfifpyteflgeptozrgzmmp/Build/Intermediates.noindex/Firebase.build/Debug-iphonesimulator/FirebaseAppCheckInterop.build/Objects-normal/arm64/FirebaseAppCheckInterop.LinkFileList -nostdlib -Xlinker -object_path_lto -Xlinker /Users/leonardofigueiredo/Library/Developer/Xcode/DerivedData/Ratio-dgukedwfifpyteflgeptozrgzmmp/Build/Intermediates.noindex/Firebase.build/Debug-iphonesimulator/FirebaseAppCheckInterop.build/Objects-normal/arm64/FirebaseAppCheckInterop_lto.o -rdynamic -Xlinker -no_deduplicate -Xlinker -objc_abi_version -Xlinker 2 -Xlinker -dependency_info -Xlinker /Users/leonardofigueiredo/Library/Developer/Xcode/DerivedData/Ratio-dgukedwfifpyteflgeptozrgzmmp/Build/Intermediates.noindex/Firebase.build/Debug-iphonesimulator/FirebaseAppCheckInterop.build/Objects-normal/arm64/FirebaseAppCheckInterop_dependency_info.dat -fobjc-arc -fobjc-link-runtime -o /Users/leonardofigueiredo/Library/Developer/Xcode/DerivedData/Ratio-dgukedwfifpyteflgeptozrgzmmp/Build/Products/Debug-iphonesimulator/FirebaseAppCheckInterop.o

Ld /Users/leonardofigueiredo/Library/Developer/Xcode/DerivedData/Ratio-dgukedwfifpyteflgeptozrgzmmp/Build/Products/Debug-iphonesimulator/Firebase.o normal (in target 'Firebase' from project 'Firebase')
    cd /Users/leonardofigueiredo/Library/Developer/Xcode/DerivedData/Ratio-dgukedwfifpyteflgeptozrgzmmp/SourcePackages/checkouts/firebase-ios-sdk
    /Applications/Xcode.app/Contents/Developer/Toolchains/XcodeDefault.xctoolchain/usr/bin/clang -Xlinker -reproducible -target arm64-apple-ios15.0-simulator -r -isysroot /Applications/Xcode.app/Contents/Developer/Platforms/iPhoneSimulator.platform/Developer/SDKs/iPhoneSimulator26.2.sdk -O0 -w -L/Users/leonardofigueiredo/Library/Developer/Xcode/DerivedData/Ratio-dgukedwfifpyteflgeptozrgzmmp/Build/Intermediates.noindex/EagerLinkingTBDs/Debug-iphonesimulator -L/Users/leonardofigueiredo/Library/Developer/Xcode/DerivedData/Ratio-dgukedwfifpyteflgeptozrgzmmp/Build/Products/Debug-iphonesimulator -L/Applications/Xcode.app/Contents/Developer/Platforms/iPhoneSimulator.platform/Developer/usr/lib -F/Users/leonardofigueiredo/Library/Developer/Xcode/DerivedData/Ratio-dgukedwfifpyteflgeptozrgzmmp/Build/Intermediates.noindex/EagerLinkingTBDs/Debug-iphonesimulator -F/Users/leonardofigueiredo/Library/Developer/Xcode/DerivedData/Ratio-dgukedwfifpyteflgeptozrgzmmp/Build/Products/Debug-iphonesimulator -iframework /Applications/Xcode.app/Contents/Developer/Platforms/iPhoneSimulator.platform/Developer/Library/Frameworks -iframework /Applications/Xcode.app/Contents/Developer/Platforms/iPhoneSimulator.platform/Developer/SDKs/iPhoneSimulator26.2.sdk/Developer/Library/Frameworks -filelist /Users/leonardofigueiredo/Library/Developer/Xcode/DerivedData/Ratio-dgukedwfifpyteflgeptozrgzmmp/Build/Intermediates.noindex/Firebase.build/Debug-iphonesimulator/Firebase.build/Objects-normal/arm64/Firebase.LinkFileList -nostdlib -Xlinker -object_path_lto -Xlinker /Users/leonardofigueiredo/Library/Developer/Xcode/DerivedData/Ratio-dgukedwfifpyteflgeptozrgzmmp/Build/Intermediates.noindex/Firebase.build/Debug-iphonesimulator/Firebase.build/Objects-normal/arm64/Firebase_lto.o -rdynamic -Xlinker -no_deduplicate -Xlinker -objc_abi_version -Xlinker 2 -Xlinker -dependency_info -Xlinker /Users/leonardofigueiredo/Library/Developer/Xcode/DerivedData/Ratio-dgukedwfifpyteflgeptozrgzmmp/Build/Intermediates.noindex/Firebase.build/Debug-iphonesimulator/Firebase.build/Objects-normal/arm64/Firebase_dependency_info.dat -fobjc-arc -fobjc-link-runtime -o /Users/leonardofigueiredo/Library/Developer/Xcode/DerivedData/Ratio-dgukedwfifpyteflgeptozrgzmmp/Build/Products/Debug-iphonesimulator/Firebase.o

ProcessInfoPlistFile /Users/leonardofigueiredo/Library/Developer/Xcode/DerivedData/Ratio-dgukedwfifpyteflgeptozrgzmmp/Build/Products/Debug-iphonesimulator/gRPC_opensslWrapper.bundle/Info.plist /Users/leonardofigueiredo/Library/Developer/Xcode/DerivedData/Ratio-dgukedwfifpyteflgeptozrgzmmp/Build/Intermediates.noindex/gRPC.build/Debug-iphonesimulator/gRPC_opensslWrapper.build/empty-gRPC_opensslWrapper.plist (in target 'gRPC_opensslWrapper' from project 'gRPC')
    cd /Users/leonardofigueiredo/Library/Developer/Xcode/DerivedData/Ratio-dgukedwfifpyteflgeptozrgzmmp/SourcePackages/checkouts/grpc-binary
    builtin-infoPlistUtility /Users/leonardofigueiredo/Library/Developer/Xcode/DerivedData/Ratio-dgukedwfifpyteflgeptozrgzmmp/Build/Intermediates.noindex/gRPC.build/Debug-iphonesimulator/gRPC_opensslWrapper.build/empty-gRPC_opensslWrapper.plist -producttype com.apple.product-type.bundle -expandbuildsettings -format binary -platform iphonesimulator -o /Users/leonardofigueiredo/Library/Developer/Xcode/DerivedData/Ratio-dgukedwfifpyteflgeptozrgzmmp/Build/Products/Debug-iphonesimulator/gRPC_opensslWrapper.bundle/Info.plist

ProcessInfoPlistFile /Users/leonardofigueiredo/Library/Developer/Xcode/DerivedData/Ratio-dgukedwfifpyteflgeptozrgzmmp/Build/Products/Debug-iphonesimulator/gRPC_grpcppWrapper.bundle/Info.plist /Users/leonardofigueiredo/Library/Developer/Xcode/DerivedData/Ratio-dgukedwfifpyteflgeptozrgzmmp/Build/Intermediates.noindex/gRPC.build/Debug-iphonesimulator/gRPC_grpcppWrapper.build/empty-gRPC_grpcppWrapper.plist (in target 'gRPC_grpcppWrapper' from project 'gRPC')
    cd /Users/leonardofigueiredo/Library/Developer/Xcode/DerivedData/Ratio-dgukedwfifpyteflgeptozrgzmmp/SourcePackages/checkouts/grpc-binary
    builtin-infoPlistUtility /Users/leonardofigueiredo/Library/Developer/Xcode/DerivedData/Ratio-dgukedwfifpyteflgeptozrgzmmp/Build/Intermediates.noindex/gRPC.build/Debug-iphonesimulator/gRPC_grpcppWrapper.build/empty-gRPC_grpcppWrapper.plist -producttype com.apple.product-type.bundle -expandbuildsettings -format binary -platform iphonesimulator -o /Users/leonardofigueiredo/Library/Developer/Xcode/DerivedData/Ratio-dgukedwfifpyteflgeptozrgzmmp/Build/Products/Debug-iphonesimulator/gRPC_grpcppWrapper.bundle/Info.plist

ProcessInfoPlistFile /Users/leonardofigueiredo/Library/Developer/Xcode/DerivedData/Ratio-dgukedwfifpyteflgeptozrgzmmp/Build/Products/Debug-iphonesimulator/gRPC_grpcWrapper.bundle/Info.plist /Users/leonardofigueiredo/Library/Developer/Xcode/DerivedData/Ratio-dgukedwfifpyteflgeptozrgzmmp/Build/Intermediates.noindex/gRPC.build/Debug-iphonesimulator/gRPC_grpcWrapper.build/empty-gRPC_grpcWrapper.plist (in target 'gRPC_grpcWrapper' from project 'gRPC')
    cd /Users/leonardofigueiredo/Library/Developer/Xcode/DerivedData/Ratio-dgukedwfifpyteflgeptozrgzmmp/SourcePackages/checkouts/grpc-binary
    builtin-infoPlistUtility /Users/leonardofigueiredo/Library/Developer/Xcode/DerivedData/Ratio-dgukedwfifpyteflgeptozrgzmmp/Build/Intermediates.noindex/gRPC.build/Debug-iphonesimulator/gRPC_grpcWrapper.build/empty-gRPC_grpcWrapper.plist -producttype com.apple.product-type.bundle -expandbuildsettings -format binary -platform iphonesimulator -o /Users/leonardofigueiredo/Library/Developer/Xcode/DerivedData/Ratio-dgukedwfifpyteflgeptozrgzmmp/Build/Products/Debug-iphonesimulator/gRPC_grpcWrapper.bundle/Info.plist

ProcessInfoPlistFile /Users/leonardofigueiredo/Library/Developer/Xcode/DerivedData/Ratio-dgukedwfifpyteflgeptozrgzmmp/Build/Products/Debug-iphonesimulator/GoogleUtilities_GoogleUtilities-Environment.bundle/Info.plist /Users/leonardofigueiredo/Library/Developer/Xcode/DerivedData/Ratio-dgukedwfifpyteflgeptozrgzmmp/Build/Intermediates.noindex/GoogleUtilities.build/Debug-iphonesimulator/GoogleUtilities_GoogleUtilities-Environment.build/empty-GoogleUtilities_GoogleUtilities-Environment.plist (in target 'GoogleUtilities_GoogleUtilities-Environment' from project 'GoogleUtilities')
    cd /Users/leonardofigueiredo/Library/Developer/Xcode/DerivedData/Ratio-dgukedwfifpyteflgeptozrgzmmp/SourcePackages/checkouts/GoogleUtilities
    builtin-infoPlistUtility /Users/leonardofigueiredo/Library/Developer/Xcode/DerivedData/Ratio-dgukedwfifpyteflgeptozrgzmmp/Build/Intermediates.noindex/GoogleUtilities.build/Debug-iphonesimulator/GoogleUtilities_GoogleUtilities-Environment.build/empty-GoogleUtilities_GoogleUtilities-Environment.plist -producttype com.apple.product-type.bundle -expandbuildsettings -format binary -platform iphonesimulator -o /Users/leonardofigueiredo/Library/Developer/Xcode/DerivedData/Ratio-dgukedwfifpyteflgeptozrgzmmp/Build/Products/Debug-iphonesimulator/GoogleUtilities_GoogleUtilities-Environment.bundle/Info.plist

Ld /Users/leonardofigueiredo/Library/Developer/Xcode/DerivedData/Ratio-dgukedwfifpyteflgeptozrgzmmp/Build/Products/Debug-iphonesimulator/nanopb.o normal (in target 'nanopb' from project 'nanopb')
    cd /Users/leonardofigueiredo/Library/Developer/Xcode/DerivedData/Ratio-dgukedwfifpyteflgeptozrgzmmp/SourcePackages/checkouts/nanopb
    /Applications/Xcode.app/Contents/Developer/Toolchains/XcodeDefault.xctoolchain/usr/bin/clang -Xlinker -reproducible -target arm64-apple-ios12.0-simulator -r -isysroot /Applications/Xcode.app/Contents/Developer/Platforms/iPhoneSimulator.platform/Developer/SDKs/iPhoneSimulator26.2.sdk -O0 -w -L/Users/leonardofigueiredo/Library/Developer/Xcode/DerivedData/Ratio-dgukedwfifpyteflgeptozrgzmmp/Build/Intermediates.noindex/EagerLinkingTBDs/Debug-iphonesimulator -L/Users/leonardofigueiredo/Library/Developer/Xcode/DerivedData/Ratio-dgukedwfifpyteflgeptozrgzmmp/Build/Products/Debug-iphonesimulator -L/Applications/Xcode.app/Contents/Developer/Platforms/iPhoneSimulator.platform/Developer/usr/lib -F/Users/leonardofigueiredo/Library/Developer/Xcode/DerivedData/Ratio-dgukedwfifpyteflgeptozrgzmmp/Build/Intermediates.noindex/EagerLinkingTBDs/Debug-iphonesimulator -F/Users/leonardofigueiredo/Library/Developer/Xcode/DerivedData/Ratio-dgukedwfifpyteflgeptozrgzmmp/Build/Products/Debug-iphonesimulator -iframework /Applications/Xcode.app/Contents/Developer/Platforms/iPhoneSimulator.platform/Developer/Library/Frameworks -iframework /Applications/Xcode.app/Contents/Developer/Platforms/iPhoneSimulator.platform/Developer/SDKs/iPhoneSimulator26.2.sdk/Developer/Library/Frameworks -filelist /Users/leonardofigueiredo/Library/Developer/Xcode/DerivedData/Ratio-dgukedwfifpyteflgeptozrgzmmp/Build/Intermediates.noindex/nanopb.build/Debug-iphonesimulator/nanopb.build/Objects-normal/arm64/nanopb.LinkFileList -nostdlib -Xlinker -object_path_lto -Xlinker /Users/leonardofigueiredo/Library/Developer/Xcode/DerivedData/Ratio-dgukedwfifpyteflgeptozrgzmmp/Build/Intermediates.noindex/nanopb.build/Debug-iphonesimulator/nanopb.build/Objects-normal/arm64/nanopb_lto.o -rdynamic -Xlinker -no_deduplicate -Xlinker -objc_abi_version -Xlinker 2 -Xlinker -dependency_info -Xlinker /Users/leonardofigueiredo/Library/Developer/Xcode/DerivedData/Ratio-dgukedwfifpyteflgeptozrgzmmp/Build/Intermediates.noindex/nanopb.build/Debug-iphonesimulator/nanopb.build/Objects-normal/arm64/nanopb_dependency_info.dat -fobjc-arc -fobjc-link-runtime -o /Users/leonardofigueiredo/Library/Developer/Xcode/DerivedData/Ratio-dgukedwfifpyteflgeptozrgzmmp/Build/Products/Debug-iphonesimulator/nanopb.o

Ld /Users/leonardofigueiredo/Library/Developer/Xcode/DerivedData/Ratio-dgukedwfifpyteflgeptozrgzmmp/Build/Products/Debug-iphonesimulator/leveldb.o normal (in target 'leveldb' from project 'leveldb')
    cd /Users/leonardofigueiredo/Library/Developer/Xcode/DerivedData/Ratio-dgukedwfifpyteflgeptozrgzmmp/SourcePackages/checkouts/leveldb
    /Applications/Xcode.app/Contents/Developer/Toolchains/XcodeDefault.xctoolchain/usr/bin/clang++ -Xlinker -reproducible -target arm64-apple-ios12.0-simulator -r -isysroot /Applications/Xcode.app/Contents/Developer/Platforms/iPhoneSimulator.platform/Developer/SDKs/iPhoneSimulator26.2.sdk -O0 -w -L/Users/leonardofigueiredo/Library/Developer/Xcode/DerivedData/Ratio-dgukedwfifpyteflgeptozrgzmmp/Build/Intermediates.noindex/EagerLinkingTBDs/Debug-iphonesimulator -L/Users/leonardofigueiredo/Library/Developer/Xcode/DerivedData/Ratio-dgukedwfifpyteflgeptozrgzmmp/Build/Products/Debug-iphonesimulator -L/Applications/Xcode.app/Contents/Developer/Platforms/iPhoneSimulator.platform/Developer/usr/lib -F/Users/leonardofigueiredo/Library/Developer/Xcode/DerivedData/Ratio-dgukedwfifpyteflgeptozrgzmmp/Build/Intermediates.noindex/EagerLinkingTBDs/Debug-iphonesimulator -F/Users/leonardofigueiredo/Library/Developer/Xcode/DerivedData/Ratio-dgukedwfifpyteflgeptozrgzmmp/Build/Products/Debug-iphonesimulator -iframework /Applications/Xcode.app/Contents/Developer/Platforms/iPhoneSimulator.platform/Developer/Library/Frameworks -iframework /Applications/Xcode.app/Contents/Developer/Platforms/iPhoneSimulator.platform/Developer/SDKs/iPhoneSimulator26.2.sdk/Developer/Library/Frameworks -filelist /Users/leonardofigueiredo/Library/Developer/Xcode/DerivedData/Ratio-dgukedwfifpyteflgeptozrgzmmp/Build/Intermediates.noindex/leveldb.build/Debug-iphonesimulator/leveldb.build/Objects-normal/arm64/leveldb.LinkFileList -nostdlib -Xlinker -object_path_lto -Xlinker /Users/leonardofigueiredo/Library/Developer/Xcode/DerivedData/Ratio-dgukedwfifpyteflgeptozrgzmmp/Build/Intermediates.noindex/leveldb.build/Debug-iphonesimulator/leveldb.build/Objects-normal/arm64/leveldb_lto.o -rdynamic -Xlinker -no_deduplicate -Xlinker -objc_abi_version -Xlinker 2 -Xlinker -dependency_info -Xlinker /Users/leonardofigueiredo/Library/Developer/Xcode/DerivedData/Ratio-dgukedwfifpyteflgeptozrgzmmp/Build/Intermediates.noindex/leveldb.build/Debug-iphonesimulator/leveldb.build/Objects-normal/arm64/leveldb_dependency_info.dat -fobjc-arc -fobjc-link-runtime -o /Users/leonardofigueiredo/Library/Developer/Xcode/DerivedData/Ratio-dgukedwfifpyteflgeptozrgzmmp/Build/Products/Debug-iphonesimulator/leveldb.o

Ld /Users/leonardofigueiredo/Library/Developer/Xcode/DerivedData/Ratio-dgukedwfifpyteflgeptozrgzmmp/Build/Products/Debug-iphonesimulator/opensslWrapper.o normal (in target 'opensslWrapper' from project 'gRPC')
    cd /Users/leonardofigueiredo/Library/Developer/Xcode/DerivedData/Ratio-dgukedwfifpyteflgeptozrgzmmp/SourcePackages/checkouts/grpc-binary
    /Applications/Xcode.app/Contents/Developer/Toolchains/XcodeDefault.xctoolchain/usr/bin/clang -Xlinker -reproducible -target arm64-apple-ios12.0-simulator -r -isysroot /Applications/Xcode.app/Contents/Developer/Platforms/iPhoneSimulator.platform/Developer/SDKs/iPhoneSimulator26.2.sdk -O0 -w -L/Users/leonardofigueiredo/Library/Developer/Xcode/DerivedData/Ratio-dgukedwfifpyteflgeptozrgzmmp/Build/Intermediates.noindex/EagerLinkingTBDs/Debug-iphonesimulator -L/Users/leonardofigueiredo/Library/Developer/Xcode/DerivedData/Ratio-dgukedwfifpyteflgeptozrgzmmp/Build/Products/Debug-iphonesimulator -L/Applications/Xcode.app/Contents/Developer/Platforms/iPhoneSimulator.platform/Developer/usr/lib -F/Users/leonardofigueiredo/Library/Developer/Xcode/DerivedData/Ratio-dgukedwfifpyteflgeptozrgzmmp/Build/Intermediates.noindex/EagerLinkingTBDs/Debug-iphonesimulator -F/Users/leonardofigueiredo/Library/Developer/Xcode/DerivedData/Ratio-dgukedwfifpyteflgeptozrgzmmp/Build/Products/Debug-iphonesimulator -iframework /Applications/Xcode.app/Contents/Developer/Platforms/iPhoneSimulator.platform/Developer/Library/Frameworks -iframework /Applications/Xcode.app/Contents/Developer/Platforms/iPhoneSimulator.platform/Developer/SDKs/iPhoneSimulator26.2.sdk/Developer/Library/Frameworks -filelist /Users/leonardofigueiredo/Library/Developer/Xcode/DerivedData/Ratio-dgukedwfifpyteflgeptozrgzmmp/Build/Intermediates.noindex/gRPC.build/Debug-iphonesimulator/opensslWrapper.build/Objects-normal/arm64/opensslWrapper.LinkFileList -nostdlib -Xlinker -object_path_lto -Xlinker /Users/leonardofigueiredo/Library/Developer/Xcode/DerivedData/Ratio-dgukedwfifpyteflgeptozrgzmmp/Build/Intermediates.noindex/gRPC.build/Debug-iphonesimulator/opensslWrapper.build/Objects-normal/arm64/opensslWrapper_lto.o -rdynamic -Xlinker -no_deduplicate -Xlinker -objc_abi_version -Xlinker 2 -Xlinker -dependency_info -Xlinker /Users/leonardofigueiredo/Library/Developer/Xcode/DerivedData/Ratio-dgukedwfifpyteflgeptozrgzmmp/Build/Intermediates.noindex/gRPC.build/Debug-iphonesimulator/opensslWrapper.build/Objects-normal/arm64/opensslWrapper_dependency_info.dat -fobjc-arc -fobjc-link-runtime -o /Users/leonardofigueiredo/Library/Developer/Xcode/DerivedData/Ratio-dgukedwfifpyteflgeptozrgzmmp/Build/Products/Debug-iphonesimulator/opensslWrapper.o

Ld /Users/leonardofigueiredo/Library/Developer/Xcode/DerivedData/Ratio-dgukedwfifpyteflgeptozrgzmmp/Build/Products/Debug-iphonesimulator/grpcWrapper.o normal (in target 'grpcWrapper' from project 'gRPC')
    cd /Users/leonardofigueiredo/Library/Developer/Xcode/DerivedData/Ratio-dgukedwfifpyteflgeptozrgzmmp/SourcePackages/checkouts/grpc-binary
    /Applications/Xcode.app/Contents/Developer/Toolchains/XcodeDefault.xctoolchain/usr/bin/clang -Xlinker -reproducible -target arm64-apple-ios12.0-simulator -r -isysroot /Applications/Xcode.app/Contents/Developer/Platforms/iPhoneSimulator.platform/Developer/SDKs/iPhoneSimulator26.2.sdk -O0 -w -L/Users/leonardofigueiredo/Library/Developer/Xcode/DerivedData/Ratio-dgukedwfifpyteflgeptozrgzmmp/Build/Intermediates.noindex/EagerLinkingTBDs/Debug-iphonesimulator -L/Users/leonardofigueiredo/Library/Developer/Xcode/DerivedData/Ratio-dgukedwfifpyteflgeptozrgzmmp/Build/Products/Debug-iphonesimulator -L/Applications/Xcode.app/Contents/Developer/Platforms/iPhoneSimulator.platform/Developer/usr/lib -F/Users/leonardofigueiredo/Library/Developer/Xcode/DerivedData/Ratio-dgukedwfifpyteflgeptozrgzmmp/Build/Intermediates.noindex/EagerLinkingTBDs/Debug-iphonesimulator -F/Users/leonardofigueiredo/Library/Developer/Xcode/DerivedData/Ratio-dgukedwfifpyteflgeptozrgzmmp/Build/Products/Debug-iphonesimulator -iframework /Applications/Xcode.app/Contents/Developer/Platforms/iPhoneSimulator.platform/Developer/Library/Frameworks -iframework /Applications/Xcode.app/Contents/Developer/Platforms/iPhoneSimulator.platform/Developer/SDKs/iPhoneSimulator26.2.sdk/Developer/Library/Frameworks -filelist /Users/leonardofigueiredo/Library/Developer/Xcode/DerivedData/Ratio-dgukedwfifpyteflgeptozrgzmmp/Build/Intermediates.noindex/gRPC.build/Debug-iphonesimulator/grpcWrapper.build/Objects-normal/arm64/grpcWrapper.LinkFileList -nostdlib -Xlinker -object_path_lto -Xlinker /Users/leonardofigueiredo/Library/Developer/Xcode/DerivedData/Ratio-dgukedwfifpyteflgeptozrgzmmp/Build/Intermediates.noindex/gRPC.build/Debug-iphonesimulator/grpcWrapper.build/Objects-normal/arm64/grpcWrapper_lto.o -rdynamic -Xlinker -no_deduplicate -Xlinker -objc_abi_version -Xlinker 2 -Xlinker -dependency_info -Xlinker /Users/leonardofigueiredo/Library/Developer/Xcode/DerivedData/Ratio-dgukedwfifpyteflgeptozrgzmmp/Build/Intermediates.noindex/gRPC.build/Debug-iphonesimulator/grpcWrapper.build/Objects-normal/arm64/grpcWrapper_dependency_info.dat -fobjc-arc -fobjc-link-runtime -o /Users/leonardofigueiredo/Library/Developer/Xcode/DerivedData/Ratio-dgukedwfifpyteflgeptozrgzmmp/Build/Products/Debug-iphonesimulator/grpcWrapper.o

WriteAuxiliaryFile /Users/leonardofigueiredo/Library/Developer/Xcode/DerivedData/Ratio-dgukedwfifpyteflgeptozrgzmmp/Build/Intermediates.noindex/Ratio.build/Debug-iphonesimulator/Ratio.build/Objects-normal/arm64/Ratio.SwiftFileList (in target 'Ratio' from project 'Ratio')
    cd /Users/leonardofigueiredo/Projetos\ Mobile/ratio-ios/Ratio
    write-file /Users/leonardofigueiredo/Library/Developer/Xcode/DerivedData/Ratio-dgukedwfifpyteflgeptozrgzmmp/Build/Intermediates.noindex/Ratio.build/Debug-iphonesimulator/Ratio.build/Objects-normal/arm64/Ratio.SwiftFileList

WriteAuxiliaryFile /Users/leonardofigueiredo/Library/Developer/Xcode/DerivedData/Ratio-dgukedwfifpyteflgeptozrgzmmp/Build/Intermediates.noindex/Ratio.build/Debug-iphonesimulator/Ratio.build/Objects-normal/arm64/Ratio.SwiftConstValuesFileList (in target 'Ratio' from project 'Ratio')
    cd /Users/leonardofigueiredo/Projetos\ Mobile/ratio-ios/Ratio
    write-file /Users/leonardofigueiredo/Library/Developer/Xcode/DerivedData/Ratio-dgukedwfifpyteflgeptozrgzmmp/Build/Intermediates.noindex/Ratio.build/Debug-iphonesimulator/Ratio.build/Objects-normal/arm64/Ratio.SwiftConstValuesFileList

WriteAuxiliaryFile /Users/leonardofigueiredo/Library/Developer/Xcode/DerivedData/Ratio-dgukedwfifpyteflgeptozrgzmmp/Build/Intermediates.noindex/Ratio.build/Debug-iphonesimulator/Ratio.build/Objects-normal/arm64/Ratio.LinkFileList (in target 'Ratio' from project 'Ratio')
    cd /Users/leonardofigueiredo/Projetos\ Mobile/ratio-ios/Ratio
    write-file /Users/leonardofigueiredo/Library/Developer/Xcode/DerivedData/Ratio-dgukedwfifpyteflgeptozrgzmmp/Build/Intermediates.noindex/Ratio.build/Debug-iphonesimulator/Ratio.build/Objects-normal/arm64/Ratio.LinkFileList

Ld /Users/leonardofigueiredo/Library/Developer/Xcode/DerivedData/Ratio-dgukedwfifpyteflgeptozrgzmmp/Build/Products/Debug-iphonesimulator/GoogleUtilities-NSData.o normal (in target 'GoogleUtilities-NSData' from project 'GoogleUtilities')
    cd /Users/leonardofigueiredo/Library/Developer/Xcode/DerivedData/Ratio-dgukedwfifpyteflgeptozrgzmmp/SourcePackages/checkouts/GoogleUtilities
    /Applications/Xcode.app/Contents/Developer/Toolchains/XcodeDefault.xctoolchain/usr/bin/clang -Xlinker -reproducible -target arm64-apple-ios12.0-simulator -r -isysroot /Applications/Xcode.app/Contents/Developer/Platforms/iPhoneSimulator.platform/Developer/SDKs/iPhoneSimulator26.2.sdk -O0 -w -L/Users/leonardofigueiredo/Library/Developer/Xcode/DerivedData/Ratio-dgukedwfifpyteflgeptozrgzmmp/Build/Intermediates.noindex/EagerLinkingTBDs/Debug-iphonesimulator -L/Users/leonardofigueiredo/Library/Developer/Xcode/DerivedData/Ratio-dgukedwfifpyteflgeptozrgzmmp/Build/Products/Debug-iphonesimulator -L/Applications/Xcode.app/Contents/Developer/Platforms/iPhoneSimulator.platform/Developer/usr/lib -F/Users/leonardofigueiredo/Library/Developer/Xcode/DerivedData/Ratio-dgukedwfifpyteflgeptozrgzmmp/Build/Intermediates.noindex/EagerLinkingTBDs/Debug-iphonesimulator -F/Users/leonardofigueiredo/Library/Developer/Xcode/DerivedData/Ratio-dgukedwfifpyteflgeptozrgzmmp/Build/Products/Debug-iphonesimulator -iframework /Applications/Xcode.app/Contents/Developer/Platforms/iPhoneSimulator.platform/Developer/Library/Frameworks -iframework /Applications/Xcode.app/Contents/Developer/Platforms/iPhoneSimulator.platform/Developer/SDKs/iPhoneSimulator26.2.sdk/Developer/Library/Frameworks -filelist /Users/leonardofigueiredo/Library/Developer/Xcode/DerivedData/Ratio-dgukedwfifpyteflgeptozrgzmmp/Build/Intermediates.noindex/GoogleUtilities.build/Debug-iphonesimulator/GoogleUtilities-NSData.build/Objects-normal/arm64/GoogleUtilities-NSData.LinkFileList -nostdlib -Xlinker -object_path_lto -Xlinker /Users/leonardofigueiredo/Library/Developer/Xcode/DerivedData/Ratio-dgukedwfifpyteflgeptozrgzmmp/Build/Intermediates.noindex/GoogleUtilities.build/Debug-iphonesimulator/GoogleUtilities-NSData.build/Objects-normal/arm64/GoogleUtilities-NSData_lto.o -rdynamic -Xlinker -no_deduplicate -Xlinker -objc_abi_version -Xlinker 2 -Xlinker -dependency_info -Xlinker /Users/leonardofigueiredo/Library/Developer/Xcode/DerivedData/Ratio-dgukedwfifpyteflgeptozrgzmmp/Build/Intermediates.noindex/GoogleUtilities.build/Debug-iphonesimulator/GoogleUtilities-NSData.build/Objects-normal/arm64/GoogleUtilities-NSData_dependency_info.dat -fobjc-arc -fobjc-link-runtime -o /Users/leonardofigueiredo/Library/Developer/Xcode/DerivedData/Ratio-dgukedwfifpyteflgeptozrgzmmp/Build/Products/Debug-iphonesimulator/GoogleUtilities-NSData.o

Ld /Users/leonardofigueiredo/Library/Developer/Xcode/DerivedData/Ratio-dgukedwfifpyteflgeptozrgzmmp/Build/Products/Debug-iphonesimulator/FBLPromises.o normal (in target 'FBLPromises' from project 'Promises')
    cd /Users/leonardofigueiredo/Library/Developer/Xcode/DerivedData/Ratio-dgukedwfifpyteflgeptozrgzmmp/SourcePackages/checkouts/promises
    /Applications/Xcode.app/Contents/Developer/Toolchains/XcodeDefault.xctoolchain/usr/bin/clang -Xlinker -reproducible -target arm64-apple-ios12.0-simulator -r -isysroot /Applications/Xcode.app/Contents/Developer/Platforms/iPhoneSimulator.platform/Developer/SDKs/iPhoneSimulator26.2.sdk -O0 -w -L/Users/leonardofigueiredo/Library/Developer/Xcode/DerivedData/Ratio-dgukedwfifpyteflgeptozrgzmmp/Build/Intermediates.noindex/EagerLinkingTBDs/Debug-iphonesimulator -L/Users/leonardofigueiredo/Library/Developer/Xcode/DerivedData/Ratio-dgukedwfifpyteflgeptozrgzmmp/Build/Products/Debug-iphonesimulator -L/Applications/Xcode.app/Contents/Developer/Platforms/iPhoneSimulator.platform/Developer/usr/lib -F/Users/leonardofigueiredo/Library/Developer/Xcode/DerivedData/Ratio-dgukedwfifpyteflgeptozrgzmmp/Build/Intermediates.noindex/EagerLinkingTBDs/Debug-iphonesimulator -F/Users/leonardofigueiredo/Library/Developer/Xcode/DerivedData/Ratio-dgukedwfifpyteflgeptozrgzmmp/Build/Products/Debug-iphonesimulator -iframework /Applications/Xcode.app/Contents/Developer/Platforms/iPhoneSimulator.platform/Developer/Library/Frameworks -iframework /Applications/Xcode.app/Contents/Developer/Platforms/iPhoneSimulator.platform/Developer/SDKs/iPhoneSimulator26.2.sdk/Developer/Library/Frameworks -filelist /Users/leonardofigueiredo/Library/Developer/Xcode/DerivedData/Ratio-dgukedwfifpyteflgeptozrgzmmp/Build/Intermediates.noindex/Promises.build/Debug-iphonesimulator/FBLPromises.build/Objects-normal/arm64/FBLPromises.LinkFileList -nostdlib -Xlinker -object_path_lto -Xlinker /Users/leonardofigueiredo/Library/Developer/Xcode/DerivedData/Ratio-dgukedwfifpyteflgeptozrgzmmp/Build/Intermediates.noindex/Promises.build/Debug-iphonesimulator/FBLPromises.build/Objects-normal/arm64/FBLPromises_lto.o -rdynamic -Xlinker -no_deduplicate -Xlinker -objc_abi_version -Xlinker 2 -Xlinker -dependency_info -Xlinker /Users/leonardofigueiredo/Library/Developer/Xcode/DerivedData/Ratio-dgukedwfifpyteflgeptozrgzmmp/Build/Intermediates.noindex/Promises.build/Debug-iphonesimulator/FBLPromises.build/Objects-normal/arm64/FBLPromises_dependency_info.dat -fobjc-arc -fobjc-link-runtime -o /Users/leonardofigueiredo/Library/Developer/Xcode/DerivedData/Ratio-dgukedwfifpyteflgeptozrgzmmp/Build/Products/Debug-iphonesimulator/FBLPromises.o

ProcessInfoPlistFile /Users/leonardofigueiredo/Library/Developer/Xcode/DerivedData/Ratio-dgukedwfifpyteflgeptozrgzmmp/Build/Products/Debug-iphonesimulator/GoogleUtilities_GoogleUtilities-AppDelegateSwizzler.bundle/Info.plist /Users/leonardofigueiredo/Library/Developer/Xcode/DerivedData/Ratio-dgukedwfifpyteflgeptozrgzmmp/Build/Intermediates.noindex/GoogleUtilities.build/Debug-iphonesimulator/GoogleUtilities_GoogleUtilities-AppDelegateSwizzler.build/empty-GoogleUtilities_GoogleUtilities-AppDelegateSwizzler.plist (in target 'GoogleUtilities_GoogleUtilities-AppDelegateSwizzler' from project 'GoogleUtilities')
    cd /Users/leonardofigueiredo/Library/Developer/Xcode/DerivedData/Ratio-dgukedwfifpyteflgeptozrgzmmp/SourcePackages/checkouts/GoogleUtilities
    builtin-infoPlistUtility /Users/leonardofigueiredo/Library/Developer/Xcode/DerivedData/Ratio-dgukedwfifpyteflgeptozrgzmmp/Build/Intermediates.noindex/GoogleUtilities.build/Debug-iphonesimulator/GoogleUtilities_GoogleUtilities-AppDelegateSwizzler.build/empty-GoogleUtilities_GoogleUtilities-AppDelegateSwizzler.plist -producttype com.apple.product-type.bundle -expandbuildsettings -format binary -platform iphonesimulator -o /Users/leonardofigueiredo/Library/Developer/Xcode/DerivedData/Ratio-dgukedwfifpyteflgeptozrgzmmp/Build/Products/Debug-iphonesimulator/GoogleUtilities_GoogleUtilities-AppDelegateSwizzler.bundle/Info.plist

ProcessInfoPlistFile /Users/leonardofigueiredo/Library/Developer/Xcode/DerivedData/Ratio-dgukedwfifpyteflgeptozrgzmmp/Build/Products/Debug-iphonesimulator/GoogleDataTransport_GoogleDataTransport.bundle/Info.plist /Users/leonardofigueiredo/Library/Developer/Xcode/DerivedData/Ratio-dgukedwfifpyteflgeptozrgzmmp/Build/Intermediates.noindex/GoogleDataTransport.build/Debug-iphonesimulator/GoogleDataTransport_GoogleDataTransport.build/empty-GoogleDataTransport_GoogleDataTransport.plist (in target 'GoogleDataTransport_GoogleDataTransport' from project 'GoogleDataTransport')
    cd /Users/leonardofigueiredo/Library/Developer/Xcode/DerivedData/Ratio-dgukedwfifpyteflgeptozrgzmmp/SourcePackages/checkouts/GoogleDataTransport
    builtin-infoPlistUtility /Users/leonardofigueiredo/Library/Developer/Xcode/DerivedData/Ratio-dgukedwfifpyteflgeptozrgzmmp/Build/Intermediates.noindex/GoogleDataTransport.build/Debug-iphonesimulator/GoogleDataTransport_GoogleDataTransport.build/empty-GoogleDataTransport_GoogleDataTransport.plist -producttype com.apple.product-type.bundle -expandbuildsettings -format binary -platform iphonesimulator -o /Users/leonardofigueiredo/Library/Developer/Xcode/DerivedData/Ratio-dgukedwfifpyteflgeptozrgzmmp/Build/Products/Debug-iphonesimulator/GoogleDataTransport_GoogleDataTransport.bundle/Info.plist

ProcessInfoPlistFile /Users/leonardofigueiredo/Library/Developer/Xcode/DerivedData/Ratio-dgukedwfifpyteflgeptozrgzmmp/Build/Products/Debug-iphonesimulator/GTMSessionFetcher_GTMSessionFetcherCore.bundle/Info.plist /Users/leonardofigueiredo/Library/Developer/Xcode/DerivedData/Ratio-dgukedwfifpyteflgeptozrgzmmp/Build/Intermediates.noindex/GTMSessionFetcher.build/Debug-iphonesimulator/GTMSessionFetcher_GTMSessionFetcherCore.build/empty-GTMSessionFetcher_GTMSessionFetcherCore.plist (in target 'GTMSessionFetcher_GTMSessionFetcherCore' from project 'GTMSessionFetcher')
    cd /Users/leonardofigueiredo/Library/Developer/Xcode/DerivedData/Ratio-dgukedwfifpyteflgeptozrgzmmp/SourcePackages/checkouts/gtm-session-fetcher
    builtin-infoPlistUtility /Users/leonardofigueiredo/Library/Developer/Xcode/DerivedData/Ratio-dgukedwfifpyteflgeptozrgzmmp/Build/Intermediates.noindex/GTMSessionFetcher.build/Debug-iphonesimulator/GTMSessionFetcher_GTMSessionFetcherCore.build/empty-GTMSessionFetcher_GTMSessionFetcherCore.plist -producttype com.apple.product-type.bundle -expandbuildsettings -format binary -platform iphonesimulator -o /Users/leonardofigueiredo/Library/Developer/Xcode/DerivedData/Ratio-dgukedwfifpyteflgeptozrgzmmp/Build/Products/Debug-iphonesimulator/GTMSessionFetcher_GTMSessionFetcherCore.bundle/Info.plist

ProcessInfoPlistFile /Users/leonardofigueiredo/Library/Developer/Xcode/DerivedData/Ratio-dgukedwfifpyteflgeptozrgzmmp/Build/Products/Debug-iphonesimulator/Firebase_FirebaseMessaging.bundle/Info.plist /Users/leonardofigueiredo/Library/Developer/Xcode/DerivedData/Ratio-dgukedwfifpyteflgeptozrgzmmp/Build/Intermediates.noindex/Firebase.build/Debug-iphonesimulator/Firebase_FirebaseMessaging.build/empty-Firebase_FirebaseMessaging.plist (in target 'Firebase_FirebaseMessaging' from project 'Firebase')
    cd /Users/leonardofigueiredo/Library/Developer/Xcode/DerivedData/Ratio-dgukedwfifpyteflgeptozrgzmmp/SourcePackages/checkouts/firebase-ios-sdk
    builtin-infoPlistUtility /Users/leonardofigueiredo/Library/Developer/Xcode/DerivedData/Ratio-dgukedwfifpyteflgeptozrgzmmp/Build/Intermediates.noindex/Firebase.build/Debug-iphonesimulator/Firebase_FirebaseMessaging.build/empty-Firebase_FirebaseMessaging.plist -producttype com.apple.product-type.bundle -expandbuildsettings -format binary -platform iphonesimulator -o /Users/leonardofigueiredo/Library/Developer/Xcode/DerivedData/Ratio-dgukedwfifpyteflgeptozrgzmmp/Build/Products/Debug-iphonesimulator/Firebase_FirebaseMessaging.bundle/Info.plist

ProcessInfoPlistFile /Users/leonardofigueiredo/Library/Developer/Xcode/DerivedData/Ratio-dgukedwfifpyteflgeptozrgzmmp/Build/Products/Debug-iphonesimulator/Firebase_FirebaseInstallations.bundle/Info.plist /Users/leonardofigueiredo/Library/Developer/Xcode/DerivedData/Ratio-dgukedwfifpyteflgeptozrgzmmp/Build/Intermediates.noindex/Firebase.build/Debug-iphonesimulator/Firebase_FirebaseInstallations.build/empty-Firebase_FirebaseInstallations.plist (in target 'Firebase_FirebaseInstallations' from project 'Firebase')
    cd /Users/leonardofigueiredo/Library/Developer/Xcode/DerivedData/Ratio-dgukedwfifpyteflgeptozrgzmmp/SourcePackages/checkouts/firebase-ios-sdk
    builtin-infoPlistUtility /Users/leonardofigueiredo/Library/Developer/Xcode/DerivedData/Ratio-dgukedwfifpyteflgeptozrgzmmp/Build/Intermediates.noindex/Firebase.build/Debug-iphonesimulator/Firebase_FirebaseInstallations.build/empty-Firebase_FirebaseInstallations.plist -producttype com.apple.product-type.bundle -expandbuildsettings -format binary -platform iphonesimulator -o /Users/leonardofigueiredo/Library/Developer/Xcode/DerivedData/Ratio-dgukedwfifpyteflgeptozrgzmmp/Build/Products/Debug-iphonesimulator/Firebase_FirebaseInstallations.bundle/Info.plist

ProcessProductPackaging /Users/leonardofigueiredo/Projetos\ Mobile/ratio-ios/Ratio/Ratio/Ratio.entitlements /Users/leonardofigueiredo/Library/Developer/Xcode/DerivedData/Ratio-dgukedwfifpyteflgeptozrgzmmp/Build/Intermediates.noindex/Ratio.build/Debug-iphonesimulator/Ratio.build/Ratio.app.xcent (in target 'Ratio' from project 'Ratio')
    cd /Users/leonardofigueiredo/Projetos\ Mobile/ratio-ios/Ratio
    
    Entitlements:
    
    {
}
    
    builtin-productPackagingUtility /Users/leonardofigueiredo/Projetos\ Mobile/ratio-ios/Ratio/Ratio/Ratio.entitlements -entitlements -format xml -o /Users/leonardofigueiredo/Library/Developer/Xcode/DerivedData/Ratio-dgukedwfifpyteflgeptozrgzmmp/Build/Intermediates.noindex/Ratio.build/Debug-iphonesimulator/Ratio.build/Ratio.app.xcent

ProcessProductPackaging /Users/leonardofigueiredo/Projetos\ Mobile/ratio-ios/Ratio/Ratio/Ratio.entitlements /Users/leonardofigueiredo/Library/Developer/Xcode/DerivedData/Ratio-dgukedwfifpyteflgeptozrgzmmp/Build/Intermediates.noindex/Ratio.build/Debug-iphonesimulator/Ratio.build/Ratio.app-Simulated.xcent (in target 'Ratio' from project 'Ratio')
    cd /Users/leonardofigueiredo/Projetos\ Mobile/ratio-ios/Ratio
    
    Entitlements:
    
    {
    "application-identifier" = "GH7SLB4C75.com.redpixel.Ratio";
    "aps-environment" = development;
    "com.apple.developer.aps-environment" = development;
    "com.apple.developer.associated-domains" =     (
        "applinks:uaipixel.com"
    );
}
    
    builtin-productPackagingUtility /Users/leonardofigueiredo/Projetos\ Mobile/ratio-ios/Ratio/Ratio/Ratio.entitlements -entitlements -format xml -o /Users/leonardofigueiredo/Library/Developer/Xcode/DerivedData/Ratio-dgukedwfifpyteflgeptozrgzmmp/Build/Intermediates.noindex/Ratio.build/Debug-iphonesimulator/Ratio.build/Ratio.app-Simulated.xcent

ProcessProductPackagingDER /Users/leonardofigueiredo/Library/Developer/Xcode/DerivedData/Ratio-dgukedwfifpyteflgeptozrgzmmp/Build/Intermediates.noindex/Ratio.build/Debug-iphonesimulator/Ratio.build/Ratio.app.xcent /Users/leonardofigueiredo/Library/Developer/Xcode/DerivedData/Ratio-dgukedwfifpyteflgeptozrgzmmp/Build/Intermediates.noindex/Ratio.build/Debug-iphonesimulator/Ratio.build/Ratio.app.xcent.der (in target 'Ratio' from project 'Ratio')
    cd /Users/leonardofigueiredo/Projetos\ Mobile/ratio-ios/Ratio
    /usr/bin/derq query -f xml -i /Users/leonardofigueiredo/Library/Developer/Xcode/DerivedData/Ratio-dgukedwfifpyteflgeptozrgzmmp/Build/Intermediates.noindex/Ratio.build/Debug-iphonesimulator/Ratio.build/Ratio.app.xcent -o /Users/leonardofigueiredo/Library/Developer/Xcode/DerivedData/Ratio-dgukedwfifpyteflgeptozrgzmmp/Build/Intermediates.noindex/Ratio.build/Debug-iphonesimulator/Ratio.build/Ratio.app.xcent.der --raw

ProcessProductPackagingDER /Users/leonardofigueiredo/Library/Developer/Xcode/DerivedData/Ratio-dgukedwfifpyteflgeptozrgzmmp/Build/Intermediates.noindex/Ratio.build/Debug-iphonesimulator/Ratio.build/Ratio.app-Simulated.xcent /Users/leonardofigueiredo/Library/Developer/Xcode/DerivedData/Ratio-dgukedwfifpyteflgeptozrgzmmp/Build/Intermediates.noindex/Ratio.build/Debug-iphonesimulator/Ratio.build/Ratio.app-Simulated.xcent.der (in target 'Ratio' from project 'Ratio')
    cd /Users/leonardofigueiredo/Projetos\ Mobile/ratio-ios/Ratio
    /usr/bin/derq query -f xml -i /Users/leonardofigueiredo/Library/Developer/Xcode/DerivedData/Ratio-dgukedwfifpyteflgeptozrgzmmp/Build/Intermediates.noindex/Ratio.build/Debug-iphonesimulator/Ratio.build/Ratio.app-Simulated.xcent -o /Users/leonardofigueiredo/Library/Developer/Xcode/DerivedData/Ratio-dgukedwfifpyteflgeptozrgzmmp/Build/Intermediates.noindex/Ratio.build/Debug-iphonesimulator/Ratio.build/Ratio.app-Simulated.xcent.der --raw

ProcessInfoPlistFile /Users/leonardofigueiredo/Library/Developer/Xcode/DerivedData/Ratio-dgukedwfifpyteflgeptozrgzmmp/Build/Products/Debug-iphonesimulator/Firebase_FirebaseFirestore.bundle/Info.plist /Users/leonardofigueiredo/Library/Developer/Xcode/DerivedData/Ratio-dgukedwfifpyteflgeptozrgzmmp/Build/Intermediates.noindex/Firebase.build/Debug-iphonesimulator/Firebase_FirebaseFirestore.build/empty-Firebase_FirebaseFirestore.plist (in target 'Firebase_FirebaseFirestore' from project 'Firebase')
    cd /Users/leonardofigueiredo/Library/Developer/Xcode/DerivedData/Ratio-dgukedwfifpyteflgeptozrgzmmp/SourcePackages/checkouts/firebase-ios-sdk
    builtin-infoPlistUtility /Users/leonardofigueiredo/Library/Developer/Xcode/DerivedData/Ratio-dgukedwfifpyteflgeptozrgzmmp/Build/Intermediates.noindex/Firebase.build/Debug-iphonesimulator/Firebase_FirebaseFirestore.build/empty-Firebase_FirebaseFirestore.plist -producttype com.apple.product-type.bundle -expandbuildsettings -format binary -platform iphonesimulator -o /Users/leonardofigueiredo/Library/Developer/Xcode/DerivedData/Ratio-dgukedwfifpyteflgeptozrgzmmp/Build/Products/Debug-iphonesimulator/Firebase_FirebaseFirestore.bundle/Info.plist

ProcessInfoPlistFile /Users/leonardofigueiredo/Library/Developer/Xcode/DerivedData/Ratio-dgukedwfifpyteflgeptozrgzmmp/Build/Products/Debug-iphonesimulator/Firebase_FirebaseCrashlyticsSwift.bundle/Info.plist /Users/leonardofigueiredo/Library/Developer/Xcode/DerivedData/Ratio-dgukedwfifpyteflgeptozrgzmmp/Build/Intermediates.noindex/Firebase.build/Debug-iphonesimulator/Firebase_FirebaseCrashlyticsSwift.build/empty-Firebase_FirebaseCrashlyticsSwift.plist (in target 'Firebase_FirebaseCrashlyticsSwift' from project 'Firebase')
    cd /Users/leonardofigueiredo/Library/Developer/Xcode/DerivedData/Ratio-dgukedwfifpyteflgeptozrgzmmp/SourcePackages/checkouts/firebase-ios-sdk
    builtin-infoPlistUtility /Users/leonardofigueiredo/Library/Developer/Xcode/DerivedData/Ratio-dgukedwfifpyteflgeptozrgzmmp/Build/Intermediates.noindex/Firebase.build/Debug-iphonesimulator/Firebase_FirebaseCrashlyticsSwift.build/empty-Firebase_FirebaseCrashlyticsSwift.plist -producttype com.apple.product-type.bundle -expandbuildsettings -format binary -platform iphonesimulator -o /Users/leonardofigueiredo/Library/Developer/Xcode/DerivedData/Ratio-dgukedwfifpyteflgeptozrgzmmp/Build/Products/Debug-iphonesimulator/Firebase_FirebaseCrashlyticsSwift.bundle/Info.plist

ProcessInfoPlistFile /Users/leonardofigueiredo/Library/Developer/Xcode/DerivedData/Ratio-dgukedwfifpyteflgeptozrgzmmp/Build/Products/Debug-iphonesimulator/Firebase_FirebaseCrashlytics.bundle/Info.plist /Users/leonardofigueiredo/Library/Developer/Xcode/DerivedData/Ratio-dgukedwfifpyteflgeptozrgzmmp/Build/Intermediates.noindex/Firebase.build/Debug-iphonesimulator/Firebase_FirebaseCrashlytics.build/empty-Firebase_FirebaseCrashlytics.plist (in target 'Firebase_FirebaseCrashlytics' from project 'Firebase')
    cd /Users/leonardofigueiredo/Library/Developer/Xcode/DerivedData/Ratio-dgukedwfifpyteflgeptozrgzmmp/SourcePackages/checkouts/firebase-ios-sdk
    builtin-infoPlistUtility /Users/leonardofigueiredo/Library/Developer/Xcode/DerivedData/Ratio-dgukedwfifpyteflgeptozrgzmmp/Build/Intermediates.noindex/Firebase.build/Debug-iphonesimulator/Firebase_FirebaseCrashlytics.build/empty-Firebase_FirebaseCrashlytics.plist -producttype com.apple.product-type.bundle -expandbuildsettings -format binary -platform iphonesimulator -o /Users/leonardofigueiredo/Library/Developer/Xcode/DerivedData/Ratio-dgukedwfifpyteflgeptozrgzmmp/Build/Products/Debug-iphonesimulator/Firebase_FirebaseCrashlytics.bundle/Info.plist

ProcessInfoPlistFile /Users/leonardofigueiredo/Library/Developer/Xcode/DerivedData/Ratio-dgukedwfifpyteflgeptozrgzmmp/Build/Products/Debug-iphonesimulator/Firebase_FirebaseCoreInternal.bundle/Info.plist /Users/leonardofigueiredo/Library/Developer/Xcode/DerivedData/Ratio-dgukedwfifpyteflgeptozrgzmmp/Build/Intermediates.noindex/Firebase.build/Debug-iphonesimulator/Firebase_FirebaseCoreInternal.build/empty-Firebase_FirebaseCoreInternal.plist (in target 'Firebase_FirebaseCoreInternal' from project 'Firebase')
    cd /Users/leonardofigueiredo/Library/Developer/Xcode/DerivedData/Ratio-dgukedwfifpyteflgeptozrgzmmp/SourcePackages/checkouts/firebase-ios-sdk
    builtin-infoPlistUtility /Users/leonardofigueiredo/Library/Developer/Xcode/DerivedData/Ratio-dgukedwfifpyteflgeptozrgzmmp/Build/Intermediates.noindex/Firebase.build/Debug-iphonesimulator/Firebase_FirebaseCoreInternal.build/empty-Firebase_FirebaseCoreInternal.plist -producttype com.apple.product-type.bundle -expandbuildsettings -format binary -platform iphonesimulator -o /Users/leonardofigueiredo/Library/Developer/Xcode/DerivedData/Ratio-dgukedwfifpyteflgeptozrgzmmp/Build/Products/Debug-iphonesimulator/Firebase_FirebaseCoreInternal.bundle/Info.plist

ProcessInfoPlistFile /Users/leonardofigueiredo/Library/Developer/Xcode/DerivedData/Ratio-dgukedwfifpyteflgeptozrgzmmp/Build/Products/Debug-iphonesimulator/Firebase_FirebaseCoreExtension.bundle/Info.plist /Users/leonardofigueiredo/Library/Developer/Xcode/DerivedData/Ratio-dgukedwfifpyteflgeptozrgzmmp/Build/Intermediates.noindex/Firebase.build/Debug-iphonesimulator/Firebase_FirebaseCoreExtension.build/empty-Firebase_FirebaseCoreExtension.plist (in target 'Firebase_FirebaseCoreExtension' from project 'Firebase')
    cd /Users/leonardofigueiredo/Library/Developer/Xcode/DerivedData/Ratio-dgukedwfifpyteflgeptozrgzmmp/SourcePackages/checkouts/firebase-ios-sdk
    builtin-infoPlistUtility /Users/leonardofigueiredo/Library/Developer/Xcode/DerivedData/Ratio-dgukedwfifpyteflgeptozrgzmmp/Build/Intermediates.noindex/Firebase.build/Debug-iphonesimulator/Firebase_FirebaseCoreExtension.build/empty-Firebase_FirebaseCoreExtension.plist -producttype com.apple.product-type.bundle -expandbuildsettings -format binary -platform iphonesimulator -o /Users/leonardofigueiredo/Library/Developer/Xcode/DerivedData/Ratio-dgukedwfifpyteflgeptozrgzmmp/Build/Products/Debug-iphonesimulator/Firebase_FirebaseCoreExtension.bundle/Info.plist

ProcessInfoPlistFile /Users/leonardofigueiredo/Library/Developer/Xcode/DerivedData/Ratio-dgukedwfifpyteflgeptozrgzmmp/Build/Products/Debug-iphonesimulator/Firebase_FirebaseCore.bundle/Info.plist /Users/leonardofigueiredo/Library/Developer/Xcode/DerivedData/Ratio-dgukedwfifpyteflgeptozrgzmmp/Build/Intermediates.noindex/Firebase.build/Debug-iphonesimulator/Firebase_FirebaseCore.build/empty-Firebase_FirebaseCore.plist (in target 'Firebase_FirebaseCore' from project 'Firebase')
    cd /Users/leonardofigueiredo/Library/Developer/Xcode/DerivedData/Ratio-dgukedwfifpyteflgeptozrgzmmp/SourcePackages/checkouts/firebase-ios-sdk
    builtin-infoPlistUtility /Users/leonardofigueiredo/Library/Developer/Xcode/DerivedData/Ratio-dgukedwfifpyteflgeptozrgzmmp/Build/Intermediates.noindex/Firebase.build/Debug-iphonesimulator/Firebase_FirebaseCore.build/empty-Firebase_FirebaseCore.plist -producttype com.apple.product-type.bundle -expandbuildsettings -format binary -platform iphonesimulator -o /Users/leonardofigueiredo/Library/Developer/Xcode/DerivedData/Ratio-dgukedwfifpyteflgeptozrgzmmp/Build/Products/Debug-iphonesimulator/Firebase_FirebaseCore.bundle/Info.plist

ProcessInfoPlistFile /Users/leonardofigueiredo/Library/Developer/Xcode/DerivedData/Ratio-dgukedwfifpyteflgeptozrgzmmp/Build/Products/Debug-iphonesimulator/Firebase_FirebaseAuth.bundle/Info.plist /Users/leonardofigueiredo/Library/Developer/Xcode/DerivedData/Ratio-dgukedwfifpyteflgeptozrgzmmp/Build/Intermediates.noindex/Firebase.build/Debug-iphonesimulator/Firebase_FirebaseAuth.build/empty-Firebase_FirebaseAuth.plist (in target 'Firebase_FirebaseAuth' from project 'Firebase')
    cd /Users/leonardofigueiredo/Library/Developer/Xcode/DerivedData/Ratio-dgukedwfifpyteflgeptozrgzmmp/SourcePackages/checkouts/firebase-ios-sdk
    builtin-infoPlistUtility /Users/leonardofigueiredo/Library/Developer/Xcode/DerivedData/Ratio-dgukedwfifpyteflgeptozrgzmmp/Build/Intermediates.noindex/Firebase.build/Debug-iphonesimulator/Firebase_FirebaseAuth.build/empty-Firebase_FirebaseAuth.plist -producttype com.apple.product-type.bundle -expandbuildsettings -format binary -platform iphonesimulator -o /Users/leonardofigueiredo/Library/Developer/Xcode/DerivedData/Ratio-dgukedwfifpyteflgeptozrgzmmp/Build/Products/Debug-iphonesimulator/Firebase_FirebaseAuth.bundle/Info.plist

ProcessInfoPlistFile /Users/leonardofigueiredo/Library/Developer/Xcode/DerivedData/Ratio-dgukedwfifpyteflgeptozrgzmmp/Build/Products/Debug-iphonesimulator/Firebase_FirebaseABTesting.bundle/Info.plist /Users/leonardofigueiredo/Library/Developer/Xcode/DerivedData/Ratio-dgukedwfifpyteflgeptozrgzmmp/Build/Intermediates.noindex/Firebase.build/Debug-iphonesimulator/Firebase_FirebaseABTesting.build/empty-Firebase_FirebaseABTesting.plist (in target 'Firebase_FirebaseABTesting' from project 'Firebase')
    cd /Users/leonardofigueiredo/Library/Developer/Xcode/DerivedData/Ratio-dgukedwfifpyteflgeptozrgzmmp/SourcePackages/checkouts/firebase-ios-sdk
    builtin-infoPlistUtility /Users/leonardofigueiredo/Library/Developer/Xcode/DerivedData/Ratio-dgukedwfifpyteflgeptozrgzmmp/Build/Intermediates.noindex/Firebase.build/Debug-iphonesimulator/Firebase_FirebaseABTesting.build/empty-Firebase_FirebaseABTesting.plist -producttype com.apple.product-type.bundle -expandbuildsettings -format binary -platform iphonesimulator -o /Users/leonardofigueiredo/Library/Developer/Xcode/DerivedData/Ratio-dgukedwfifpyteflgeptozrgzmmp/Build/Products/Debug-iphonesimulator/Firebase_FirebaseABTesting.bundle/Info.plist

Ld /Users/leonardofigueiredo/Library/Developer/Xcode/DerivedData/Ratio-dgukedwfifpyteflgeptozrgzmmp/Build/Products/Debug-iphonesimulator/GTMSessionFetcherCore.o normal (in target 'GTMSessionFetcherCore' from project 'GTMSessionFetcher')
    cd /Users/leonardofigueiredo/Library/Developer/Xcode/DerivedData/Ratio-dgukedwfifpyteflgeptozrgzmmp/SourcePackages/checkouts/gtm-session-fetcher
    /Applications/Xcode.app/Contents/Developer/Toolchains/XcodeDefault.xctoolchain/usr/bin/clang -Xlinker -reproducible -target arm64-apple-ios15.0-simulator -r -isysroot /Applications/Xcode.app/Contents/Developer/Platforms/iPhoneSimulator.platform/Developer/SDKs/iPhoneSimulator26.2.sdk -O0 -w -L/Users/leonardofigueiredo/Library/Developer/Xcode/DerivedData/Ratio-dgukedwfifpyteflgeptozrgzmmp/Build/Intermediates.noindex/EagerLinkingTBDs/Debug-iphonesimulator -L/Users/leonardofigueiredo/Library/Developer/Xcode/DerivedData/Ratio-dgukedwfifpyteflgeptozrgzmmp/Build/Products/Debug-iphonesimulator -L/Applications/Xcode.app/Contents/Developer/Platforms/iPhoneSimulator.platform/Developer/usr/lib -F/Users/leonardofigueiredo/Library/Developer/Xcode/DerivedData/Ratio-dgukedwfifpyteflgeptozrgzmmp/Build/Intermediates.noindex/EagerLinkingTBDs/Debug-iphonesimulator -F/Users/leonardofigueiredo/Library/Developer/Xcode/DerivedData/Ratio-dgukedwfifpyteflgeptozrgzmmp/Build/Products/Debug-iphonesimulator -iframework /Applications/Xcode.app/Contents/Developer/Platforms/iPhoneSimulator.platform/Developer/Library/Frameworks -iframework /Applications/Xcode.app/Contents/Developer/Platforms/iPhoneSimulator.platform/Developer/SDKs/iPhoneSimulator26.2.sdk/Developer/Library/Frameworks -filelist /Users/leonardofigueiredo/Library/Developer/Xcode/DerivedData/Ratio-dgukedwfifpyteflgeptozrgzmmp/Build/Intermediates.noindex/GTMSessionFetcher.build/Debug-iphonesimulator/GTMSessionFetcherCore.build/Objects-normal/arm64/GTMSessionFetcherCore.LinkFileList -nostdlib -Xlinker -object_path_lto -Xlinker /Users/leonardofigueiredo/Library/Developer/Xcode/DerivedData/Ratio-dgukedwfifpyteflgeptozrgzmmp/Build/Intermediates.noindex/GTMSessionFetcher.build/Debug-iphonesimulator/GTMSessionFetcherCore.build/Objects-normal/arm64/GTMSessionFetcherCore_lto.o -rdynamic -Xlinker -no_deduplicate -Xlinker -objc_abi_version -Xlinker 2 -Xlinker -dependency_info -Xlinker /Users/leonardofigueiredo/Library/Developer/Xcode/DerivedData/Ratio-dgukedwfifpyteflgeptozrgzmmp/Build/Intermediates.noindex/GTMSessionFetcher.build/Debug-iphonesimulator/GTMSessionFetcherCore.build/Objects-normal/arm64/GTMSessionFetcherCore_dependency_info.dat -fobjc-arc -fobjc-link-runtime -o /Users/leonardofigueiredo/Library/Developer/Xcode/DerivedData/Ratio-dgukedwfifpyteflgeptozrgzmmp/Build/Products/Debug-iphonesimulator/GTMSessionFetcherCore.o

RegisterExecutionPolicyException /Users/leonardofigueiredo/Library/Developer/Xcode/DerivedData/Ratio-dgukedwfifpyteflgeptozrgzmmp/Build/Products/Debug-iphonesimulator/third-party-IsAppEncrypted.o (in target 'third-party-IsAppEncrypted' from project 'GoogleUtilities')
    cd /Users/leonardofigueiredo/Library/Developer/Xcode/DerivedData/Ratio-dgukedwfifpyteflgeptozrgzmmp/SourcePackages/checkouts/GoogleUtilities
    builtin-RegisterExecutionPolicyException /Users/leonardofigueiredo/Library/Developer/Xcode/DerivedData/Ratio-dgukedwfifpyteflgeptozrgzmmp/Build/Products/Debug-iphonesimulator/third-party-IsAppEncrypted.o

RegisterExecutionPolicyException /Users/leonardofigueiredo/Library/Developer/Xcode/DerivedData/Ratio-dgukedwfifpyteflgeptozrgzmmp/Build/Products/Debug-iphonesimulator/opensslWrapper.o (in target 'opensslWrapper' from project 'gRPC')
    cd /Users/leonardofigueiredo/Library/Developer/Xcode/DerivedData/Ratio-dgukedwfifpyteflgeptozrgzmmp/SourcePackages/checkouts/grpc-binary
    builtin-RegisterExecutionPolicyException /Users/leonardofigueiredo/Library/Developer/Xcode/DerivedData/Ratio-dgukedwfifpyteflgeptozrgzmmp/Build/Products/Debug-iphonesimulator/opensslWrapper.o

SwiftDriver Ratio normal arm64 com.apple.xcode.tools.swift.compiler (in target 'Ratio' from project 'Ratio')
    cd /Users/leonardofigueiredo/Projetos\ Mobile/ratio-ios/Ratio
    builtin-SwiftDriver -- /Applications/Xcode.app/Contents/Developer/Toolchains/XcodeDefault.xctoolchain/usr/bin/swiftc -module-name Ratio -Onone -enforce-exclusivity\=checked @/Users/leonardofigueiredo/Library/Developer/Xcode/DerivedData/Ratio-dgukedwfifpyteflgeptozrgzmmp/Build/Intermediates.noindex/Ratio.build/Debug-iphonesimulator/Ratio.build/Objects-normal/arm64/Ratio.SwiftFileList -DDEBUG -Xcc -fmodule-map-file\=/Users/leonardofigueiredo/Library/Developer/Xcode/DerivedData/Ratio-dgukedwfifpyteflgeptozrgzmmp/Build/Intermediates.noindex/GeneratedModuleMaps-iphonesimulator/FirebasePerformance.modulemap -Xcc -fmodule-map-file\=/Users/leonardofigueiredo/Library/Developer/Xcode/DerivedData/Ratio-dgukedwfifpyteflgeptozrgzmmp/Build/Intermediates.noindex/GeneratedModuleMaps-iphonesimulator/FirebaseRemoteConfigInternal.modulemap -Xcc -fmodule-map-file\=/Users/leonardofigueiredo/Library/Developer/Xcode/DerivedData/Ratio-dgukedwfifpyteflgeptozrgzmmp/Build/Intermediates.noindex/GeneratedModuleMaps-iphonesimulator/FirebaseABTesting.modulemap -Xcc -fmodule-map-file\=/Users/leonardofigueiredo/Library/Developer/Xcode/DerivedData/Ratio-dgukedwfifpyteflgeptozrgzmmp/Build/Intermediates.noindex/GeneratedModuleMaps-iphonesimulator/FirebasePerformanceTarget.modulemap -Xcc -fmodule-map-file\=/Users/leonardofigueiredo/Library/Developer/Xcode/DerivedData/Ratio-dgukedwfifpyteflgeptozrgzmmp/Build/Intermediates.noindex/GeneratedModuleMaps-iphonesimulator/FirebaseMessaging.modulemap -Xcc -fmodule-map-file\=/Users/leonardofigueiredo/Library/Developer/Xcode/DerivedData/Ratio-dgukedwfifpyteflgeptozrgzmmp/Build/Intermediates.noindex/GeneratedModuleMaps-iphonesimulator/GoogleAdsOnDeviceConversionTarget.modulemap -Xcc -fmodule-map-file\=/Users/leonardofigueiredo/Library/Developer/Xcode/DerivedData/Ratio-dgukedwfifpyteflgeptozrgzmmp/Build/Intermediates.noindex/GeneratedModuleMaps-iphonesimulator/GoogleAppMeasurementTarget.modulemap -Xcc -fmodule-map-file\=/Users/leonardofigueiredo/Library/Developer/Xcode/DerivedData/Ratio-dgukedwfifpyteflgeptozrgzmmp/Build/Intermediates.noindex/GeneratedModuleMaps-iphonesimulator/FirebaseAnalyticsWrapper.modulemap -Xcc -fmodule-map-file\=/Users/leonardofigueiredo/Library/Developer/Xcode/DerivedData/Ratio-dgukedwfifpyteflgeptozrgzmmp/Build/Intermediates.noindex/GeneratedModuleMaps-iphonesimulator/FirebaseAnalyticsTarget.modulemap -Xcc -fmodule-map-file\=/Users/leonardofigueiredo/Library/Developer/Xcode/DerivedData/Ratio-dgukedwfifpyteflgeptozrgzmmp/Build/Intermediates.noindex/GeneratedModuleMaps-iphonesimulator/GoogleDataTransport.modulemap -Xcc -fmodule-map-file\=/Users/leonardofigueiredo/Library/Developer/Xcode/DerivedData/Ratio-dgukedwfifpyteflgeptozrgzmmp/Build/Intermediates.noindex/GeneratedModuleMaps-iphonesimulator/FirebaseSessionsObjC.modulemap -Xcc -fmodule-map-file\=/Users/leonardofigueiredo/Library/Developer/Xcode/DerivedData/Ratio-dgukedwfifpyteflgeptozrgzmmp/Build/Intermediates.noindex/GeneratedModuleMaps-iphonesimulator/FirebaseCrashlytics.modulemap -Xcc -fmodule-map-file\=/Users/leonardofigueiredo/Library/Developer/Xcode/DerivedData/Ratio-dgukedwfifpyteflgeptozrgzmmp/Build/Intermediates.noindex/GeneratedModuleMaps-iphonesimulator/RecaptchaInterop.modulemap -Xcc -fmodule-map-file\=/Users/leonardofigueiredo/Library/Developer/Xcode/DerivedData/Ratio-dgukedwfifpyteflgeptozrgzmmp/Build/Intermediates.noindex/GeneratedModuleMaps-iphonesimulator/FirebaseAuthInternal.modulemap -Xcc -fmodule-map-file\=/Users/leonardofigueiredo/Library/Developer/Xcode/DerivedData/Ratio-dgukedwfifpyteflgeptozrgzmmp/Build/Intermediates.noindex/GeneratedModuleMaps-iphonesimulator/abslWrapper.modulemap -Xcc -fmodule-map-file\=/Users/leonardofigueiredo/Library/Developer/Xcode/DerivedData/Ratio-dgukedwfifpyteflgeptozrgzmmp/Build/Intermediates.noindex/GeneratedModuleMaps-iphonesimulator/opensslWrapper.modulemap -Xcc -fmodule-map-file\=/Users/leonardofigueiredo/Library/Developer/Xcode/DerivedData/Ratio-dgukedwfifpyteflgeptozrgzmmp/Build/Intermediates.noindex/GeneratedModuleMaps-iphonesimulator/grpcWrapper.modulemap -Xcc -fmodule-map-file\=/Users/leonardofigueiredo/Library/Developer/Xcode/DerivedData/Ratio-dgukedwfifpyteflgeptozrgzmmp/Build/Intermediates.noindex/GeneratedModuleMaps-iphonesimulator/grpcppWrapper.modulemap -Xcc -fmodule-map-file\=/Users/leonardofigueiredo/Library/Developer/Xcode/DerivedData/Ratio-dgukedwfifpyteflgeptozrgzmmp/Build/Intermediates.noindex/GeneratedModuleMaps-iphonesimulator/leveldb.modulemap -Xcc -fmodule-map-file\=/Users/leonardofigueiredo/Library/Developer/Xcode/DerivedData/Ratio-dgukedwfifpyteflgeptozrgzmmp/Build/Intermediates.noindex/GeneratedModuleMaps-iphonesimulator/FirebaseFirestoreInternalWrapper.modulemap -Xcc -fmodule-map-file\=/Users/leonardofigueiredo/Library/Developer/Xcode/DerivedData/Ratio-dgukedwfifpyteflgeptozrgzmmp/Build/Intermediates.noindex/GeneratedModuleMaps-iphonesimulator/FirebaseFirestoreTarget.modulemap -Xcc -fmodule-map-file\=/Users/leonardofigueiredo/Library/Developer/Xcode/DerivedData/Ratio-dgukedwfifpyteflgeptozrgzmmp/Build/Intermediates.noindex/GeneratedModuleMaps-iphonesimulator/GoogleUtilities-UserDefaults.modulemap -Xcc -fmodule-map-file\=/Users/leonardofigueiredo/Library/Developer/Xcode/DerivedData/Ratio-dgukedwfifpyteflgeptozrgzmmp/Build/Intermediates.noindex/GeneratedModuleMaps-iphonesimulator/GoogleAppMeasurementCoreTarget.modulemap -Xcc -fmodule-map-file\=/Users/leonardofigueiredo/Library/Developer/Xcode/DerivedData/Ratio-dgukedwfifpyteflgeptozrgzmmp/Build/Intermediates.noindex/GeneratedModuleMaps-iphonesimulator/GoogleUtilities-AppDelegateSwizzler.modulemap -Xcc -fmodule-map-file\=/Users/leonardofigueiredo/Library/Developer/Xcode/DerivedData/Ratio-dgukedwfifpyteflgeptozrgzmmp/Build/Intermediates.noindex/GeneratedModuleMaps-iphonesimulator/GoogleUtilities-MethodSwizzler.modulemap -Xcc -fmodule-map-file\=/Users/leonardofigueiredo/Library/Developer/Xcode/DerivedData/Ratio-dgukedwfifpyteflgeptozrgzmmp/Build/Intermediates.noindex/GeneratedModuleMaps-iphonesimulator/GoogleUtilities-Reachability.modulemap -Xcc -fmodule-map-file\=/Users/leonardofigueiredo/Library/Developer/Xcode/DerivedData/Ratio-dgukedwfifpyteflgeptozrgzmmp/Build/Intermediates.noindex/GeneratedModuleMaps-iphonesimulator/GoogleUtilities-Network.modulemap -Xcc -fmodule-map-file\=/Users/leonardofigueiredo/Library/Developer/Xcode/DerivedData/Ratio-dgukedwfifpyteflgeptozrgzmmp/Build/Intermediates.noindex/GeneratedModuleMaps-iphonesimulator/nanopb.modulemap -Xcc -fmodule-map-file\=/Users/leonardofigueiredo/Library/Developer/Xcode/DerivedData/Ratio-dgukedwfifpyteflgeptozrgzmmp/Build/Intermediates.noindex/GeneratedModuleMaps-iphonesimulator/FirebaseAnalyticsCoreWrapper.modulemap -Xcc -fmodule-map-file\=/Users/leonardofigueiredo/Library/Developer/Xcode/DerivedData/Ratio-dgukedwfifpyteflgeptozrgzmmp/Build/Intermediates.noindex/GeneratedModuleMaps-iphonesimulator/FirebaseInstallations.modulemap -Xcc -fmodule-map-file\=/Users/leonardofigueiredo/Library/Developer/Xcode/DerivedData/Ratio-dgukedwfifpyteflgeptozrgzmmp/Build/Intermediates.noindex/GeneratedModuleMaps-iphonesimulator/FirebaseAnalyticsCoreTarget.modulemap -Xcc -fmodule-map-file\=/Users/leonardofigueiredo/Library/Developer/Xcode/DerivedData/Ratio-dgukedwfifpyteflgeptozrgzmmp/Build/Intermediates.noindex/GeneratedModuleMaps-iphonesimulator/GoogleUtilities-NSData.modulemap -Xcc -fmodule-map-file\=/Users/leonardofigueiredo/Library/Developer/Xcode/DerivedData/Ratio-dgukedwfifpyteflgeptozrgzmmp/Build/Intermediates.noindex/GeneratedModuleMaps-iphonesimulator/GoogleUtilities-Environment.modulemap -Xcc -fmodule-map-file\=/Users/leonardofigueiredo/Library/Developer/Xcode/DerivedData/Ratio-dgukedwfifpyteflgeptozrgzmmp/Build/Intermediates.noindex/GeneratedModuleMaps-iphonesimulator/third-party-IsAppEncrypted.modulemap -Xcc -fmodule-map-file\=/Users/leonardofigueiredo/Library/Developer/Xcode/DerivedData/Ratio-dgukedwfifpyteflgeptozrgzmmp/Build/Intermediates.noindex/GeneratedModuleMaps-iphonesimulator/GoogleUtilities-Logger.modulemap -Xcc -fmodule-map-file\=/Users/leonardofigueiredo/Library/Developer/Xcode/DerivedData/Ratio-dgukedwfifpyteflgeptozrgzmmp/Build/Intermediates.noindex/GeneratedModuleMaps-iphonesimulator/GTMSessionFetcherCore.modulemap -Xcc -fmodule-map-file\=/Users/leonardofigueiredo/Library/Developer/Xcode/DerivedData/Ratio-dgukedwfifpyteflgeptozrgzmmp/Build/Intermediates.noindex/GeneratedModuleMaps-iphonesimulator/FirebaseCoreExtension.modulemap -Xcc -fmodule-map-file\=/Users/leonardofigueiredo/Library/Developer/Xcode/DerivedData/Ratio-dgukedwfifpyteflgeptozrgzmmp/Build/Intermediates.noindex/GeneratedModuleMaps-iphonesimulator/FirebaseCore.modulemap -Xcc -fmodule-map-file\=/Users/leonardofigueiredo/Library/Developer/Xcode/DerivedData/Ratio-dgukedwfifpyteflgeptozrgzmmp/Build/Intermediates.noindex/GeneratedModuleMaps-iphonesimulator/FirebaseAuthInterop.modulemap -Xcc -fmodule-map-file\=/Users/leonardofigueiredo/Library/Developer/Xcode/DerivedData/Ratio-dgukedwfifpyteflgeptozrgzmmp/Build/Intermediates.noindex/GeneratedModuleMaps-iphonesimulator/FirebaseAppCheckInterop.modulemap -default-isolation\=MainActor -enable-bare-slash-regex -enable-upcoming-feature DisableOutwardActorInference -enable-upcoming-feature InferSendableFromCaptures -enable-upcoming-feature GlobalActorIsolatedTypesUsability -enable-upcoming-feature MemberImportVisibility -enable-upcoming-feature InferIsolatedConformances -enable-upcoming-feature NonisolatedNonsendingByDefault -enable-experimental-feature DebugDescriptionMacro -sdk /Applications/Xcode.app/Contents/Developer/Platforms/iPhoneSimulator.platform/Developer/SDKs/iPhoneSimulator26.2.sdk -target arm64-apple-ios17.6-simulator -g -module-cache-path /Users/leonardofigueiredo/Library/Developer/Xcode/DerivedData/ModuleCache.noindex -Xfrontend -serialize-debugging-options -enable-testing -index-store-path /Users/leonardofigueiredo/Library/Developer/Xcode/DerivedData/Ratio-dgukedwfifpyteflgeptozrgzmmp/Index.noindex/DataStore -Xcc -D_LIBCPP_HARDENING_MODE\=_LIBCPP_HARDENING_MODE_DEBUG -swift-version 5 -I /Users/leonardofigueiredo/Library/Developer/Xcode/DerivedData/Ratio-dgukedwfifpyteflgeptozrgzmmp/Build/Products/Debug-iphonesimulator -F /Users/leonardofigueiredo/Library/Developer/Xcode/DerivedData/Ratio-dgukedwfifpyteflgeptozrgzmmp/Build/Products/Debug-iphonesimulator/PackageFrameworks -F /Users/leonardofigueiredo/Library/Developer/Xcode/DerivedData/Ratio-dgukedwfifpyteflgeptozrgzmmp/Build/Products/Debug-iphonesimulator/PackageFrameworks -F /Users/leonardofigueiredo/Library/Developer/Xcode/DerivedData/Ratio-dgukedwfifpyteflgeptozrgzmmp/Build/Products/Debug-iphonesimulator/PackageFrameworks -F /Users/leonardofigueiredo/Library/Developer/Xcode/DerivedData/Ratio-dgukedwfifpyteflgeptozrgzmmp/Build/Products/Debug-iphonesimulator/PackageFrameworks -F /Users/leonardofigueiredo/Library/Developer/Xcode/DerivedData/Ratio-dgukedwfifpyteflgeptozrgzmmp/Build/Products/Debug-iphonesimulator/PackageFrameworks -F /Users/leonardofigueiredo/Library/Developer/Xcode/DerivedData/Ratio-dgukedwfifpyteflgeptozrgzmmp/Build/Products/Debug-iphonesimulator/PackageFrameworks -F /Users/leonardofigueiredo/Library/Developer/Xcode/DerivedData/Ratio-dgukedwfifpyteflgeptozrgzmmp/Build/Products/Debug-iphonesimulator/PackageFrameworks -F /Users/leonardofigueiredo/Library/Developer/Xcode/DerivedData/Ratio-dgukedwfifpyteflgeptozrgzmmp/Build/Products/Debug-iphonesimulator/PackageFrameworks -F /Users/leonardofigueiredo/Library/Developer/Xcode/DerivedData/Ratio-dgukedwfifpyteflgeptozrgzmmp/Build/Products/Debug-iphonesimulator/PackageFrameworks -F /Users/leonardofigueiredo/Library/Developer/Xcode/DerivedData/Ratio-dgukedwfifpyteflgeptozrgzmmp/Build/Products/Debug-iphonesimulator/PackageFrameworks -F /Users/leonardofigueiredo/Library/Developer/Xcode/DerivedData/Ratio-dgukedwfifpyteflgeptozrgzmmp/Build/Products/Debug-iphonesimulator/PackageFrameworks -F /Users/leonardofigueiredo/Library/Developer/Xcode/DerivedData/Ratio-dgukedwfifpyteflgeptozrgzmmp/Build/Products/Debug-iphonesimulator/PackageFrameworks -F /Users/leonardofigueiredo/Library/Developer/Xcode/DerivedData/Ratio-dgukedwfifpyteflgeptozrgzmmp/Build/Products/Debug-iphonesimulator/PackageFrameworks -F /Users/leonardofigueiredo/Library/Developer/Xcode/DerivedData/Ratio-dgukedwfifpyteflgeptozrgzmmp/Build/Products/Debug-iphonesimulator/PackageFrameworks -F /Users/leonardofigueiredo/Library/Developer/Xcode/DerivedData/Ratio-dgukedwfifpyteflgeptozrgzmmp/Build/Products/Debug-iphonesimulator/PackageFrameworks -F /Users/leonardofigueiredo/Library/Developer/Xcode/DerivedData/Ratio-dgukedwfifpyteflgeptozrgzmmp/Build/Products/Debug-iphonesimulator/PackageFrameworks -F /Users/leonardofigueiredo/Library/Developer/Xcode/DerivedData/Ratio-dgukedwfifpyteflgeptozrgzmmp/Build/Products/Debug-iphonesimulator/PackageFrameworks -F /Users/leonardofigueiredo/Library/Developer/Xcode/DerivedData/Ratio-dgukedwfifpyteflgeptozrgzmmp/Build/Products/Debug-iphonesimulator/PackageFrameworks -F /Users/leonardofigueiredo/Library/Developer/Xcode/DerivedData/Ratio-dgukedwfifpyteflgeptozrgzmmp/Build/Products/Debug-iphonesimulator/PackageFrameworks -F /Users/leonardofigueiredo/Library/Developer/Xcode/DerivedData/Ratio-dgukedwfifpyteflgeptozrgzmmp/Build/Products/Debug-iphonesimulator/PackageFrameworks -F /Users/leonardofigueiredo/Library/Developer/Xcode/DerivedData/Ratio-dgukedwfifpyteflgeptozrgzmmp/Build/Products/Debug-iphonesimulator/PackageFrameworks -F /Users/leonardofigueiredo/Library/Developer/Xcode/DerivedData/Ratio-dgukedwfifpyteflgeptozrgzmmp/Build/Products/Debug-iphonesimulator/PackageFrameworks -F /Users/leonardofigueiredo/Library/Developer/Xcode/DerivedData/Ratio-dgukedwfifpyteflgeptozrgzmmp/Build/Products/Debug-iphonesimulator/PackageFrameworks -F /Users/leonardofigueiredo/Library/Developer/Xcode/DerivedData/Ratio-dgukedwfifpyteflgeptozrgzmmp/Build/Products/Debug-iphonesimulator/PackageFrameworks -F /Users/leonardofigueiredo/Library/Developer/Xcode/DerivedData/Ratio-dgukedwfifpyteflgeptozrgzmmp/Build/Products/Debug-iphonesimulator/PackageFrameworks -F /Users/leonardofigueiredo/Library/Developer/Xcode/DerivedData/Ratio-dgukedwfifpyteflgeptozrgzmmp/Build/Products/Debug-iphonesimulator/PackageFrameworks -F /Users/leonardofigueiredo/Library/Developer/Xcode/DerivedData/Ratio-dgukedwfifpyteflgeptozrgzmmp/Build/Products/Debug-iphonesimulator/PackageFrameworks -F /Users/leonardofigueiredo/Library/Developer/Xcode/DerivedData/Ratio-dgukedwfifpyteflgeptozrgzmmp/Build/Products/Debug-iphonesimulator/PackageFrameworks -F /Users/leonardofigueiredo/Library/Developer/Xcode/DerivedData/Ratio-dgukedwfifpyteflgeptozrgzmmp/Build/Products/Debug-iphonesimulator/PackageFrameworks -F /Users/leonardofigueiredo/Library/Developer/Xcode/DerivedData/Ratio-dgukedwfifpyteflgeptozrgzmmp/Build/Products/Debug-iphonesimulator/PackageFrameworks -F /Users/leonardofigueiredo/Library/Developer/Xcode/DerivedData/Ratio-dgukedwfifpyteflgeptozrgzmmp/Build/Products/Debug-iphonesimulator/PackageFrameworks -F /Users/leonardofigueiredo/Library/Developer/Xcode/DerivedData/Ratio-dgukedwfifpyteflgeptozrgzmmp/Build/Products/Debug-iphonesimulator/PackageFrameworks -F /Users/leonardofigueiredo/Library/Developer/Xcode/DerivedData/Ratio-dgukedwfifpyteflgeptozrgzmmp/Build/Products/Debug-iphonesimulator/PackageFrameworks -F /Users/leonardofigueiredo/Library/Developer/Xcode/DerivedData/Ratio-dgukedwfifpyteflgeptozrgzmmp/Build/Products/Debug-iphonesimulator/PackageFrameworks -F /Users/leonardofigueiredo/Library/Developer/Xcode/DerivedData/Ratio-dgukedwfifpyteflgeptozrgzmmp/Build/Products/Debug-iphonesimulator/PackageFrameworks -F /Users/leonardofigueiredo/Library/Developer/Xcode/DerivedData/Ratio-dgukedwfifpyteflgeptozrgzmmp/Build/Products/Debug-iphonesimulator/PackageFrameworks -F /Users/leonardofigueiredo/Library/Developer/Xcode/DerivedData/Ratio-dgukedwfifpyteflgeptozrgzmmp/Build/Products/Debug-iphonesimulator/PackageFrameworks -F /Users/leonardofigueiredo/Library/Developer/Xcode/DerivedData/Ratio-dgukedwfifpyteflgeptozrgzmmp/Build/Products/Debug-iphonesimulator/PackageFrameworks -F /Users/leonardofigueiredo/Library/Developer/Xcode/DerivedData/Ratio-dgukedwfifpyteflgeptozrgzmmp/Build/Products/Debug-iphonesimulator/PackageFrameworks -F /Users/leonardofigueiredo/Library/Developer/Xcode/DerivedData/Ratio-dgukedwfifpyteflgeptozrgzmmp/Build/Products/Debug-iphonesimulator/PackageFrameworks -F /Users/leonardofigueiredo/Library/Developer/Xcode/DerivedData/Ratio-dgukedwfifpyteflgeptozrgzmmp/Build/Products/Debug-iphonesimulator/PackageFrameworks -F /Users/leonardofigueiredo/Library/Developer/Xcode/DerivedData/Ratio-dgukedwfifpyteflgeptozrgzmmp/Build/Products/Debug-iphonesimulator/PackageFrameworks -F /Users/leonardofigueiredo/Library/Developer/Xcode/DerivedData/Ratio-dgukedwfifpyteflgeptozrgzmmp/Build/Products/Debug-iphonesimulator/PackageFrameworks -F /Users/leonardofigueiredo/Library/Developer/Xcode/DerivedData/Ratio-dgukedwfifpyteflgeptozrgzmmp/Build/Products/Debug-iphonesimulator/PackageFrameworks -F /Users/leonardofigueiredo/Library/Developer/Xcode/DerivedData/Ratio-dgukedwfifpyteflgeptozrgzmmp/Build/Products/Debug-iphonesimulator/PackageFrameworks -F /Users/leonardofigueiredo/Library/Developer/Xcode/DerivedData/Ratio-dgukedwfifpyteflgeptozrgzmmp/Build/Products/Debug-iphonesimulator/PackageFrameworks -F /Users/leonardofigueiredo/Library/Developer/Xcode/DerivedData/Ratio-dgukedwfifpyteflgeptozrgzmmp/Build/Products/Debug-iphonesimulator/PackageFrameworks -F /Users/leonardofigueiredo/Library/Developer/Xcode/DerivedData/Ratio-dgukedwfifpyteflgeptozrgzmmp/Build/Products/Debug-iphonesimulator/PackageFrameworks -F /Users/leonardofigueiredo/Library/Developer/Xcode/DerivedData/Ratio-dgukedwfifpyteflgeptozrgzmmp/Build/Products/Debug-iphonesimulator/PackageFrameworks -F /Users/leonardofigueiredo/Library/Developer/Xcode/DerivedData/Ratio-dgukedwfifpyteflgeptozrgzmmp/Build/Products/Debug-iphonesimulator/PackageFrameworks -F /Users/leonardofigueiredo/Library/Developer/Xcode/DerivedData/Ratio-dgukedwfifpyteflgeptozrgzmmp/Build/Products/Debug-iphonesimulator/PackageFrameworks -F /Users/leonardofigueiredo/Library/Developer/Xcode/DerivedData/Ratio-dgukedwfifpyteflgeptozrgzmmp/Build/Products/Debug-iphonesimulator -emit-localized-strings -emit-localized-strings-path /Users/leonardofigueiredo/Library/Developer/Xcode/DerivedData/Ratio-dgukedwfifpyteflgeptozrgzmmp/Build/Intermediates.noindex/Ratio.build/Debug-iphonesimulator/Ratio.build/Objects-normal/arm64 -c -j12 -enable-batch-mode -incremental -Xcc -ivfsstatcache -Xcc /Users/leonardofigueiredo/Library/Developer/Xcode/DerivedData/SDKStatCaches.noindex/iphonesimulator26.2-23C53-7d00a8b37fbd7999ea79df8ebc024bf0.sdkstatcache -output-file-map /Users/leonardofigueiredo/Library/Developer/Xcode/DerivedData/Ratio-dgukedwfifpyteflgeptozrgzmmp/Build/Intermediates.noindex/Ratio.build/Debug-iphonesimulator/Ratio.build/Objects-normal/arm64/Ratio-OutputFileMap.json -use-frontend-parseable-output -save-temps -no-color-diagnostics -explicit-module-build -module-cache-path /Users/leonardofigueiredo/Library/Developer/Xcode/DerivedData/Ratio-dgukedwfifpyteflgeptozrgzmmp/Build/Intermediates.noindex/SwiftExplicitPrecompiledModules -clang-scanner-module-cache-path /Users/leonardofigueiredo/Library/Developer/Xcode/DerivedData/ModuleCache.noindex -sdk-module-cache-path /Users/leonardofigueiredo/Library/Developer/Xcode/DerivedData/ModuleCache.noindex -serialize-diagnostics -emit-dependencies -emit-module -emit-module-path /Users/leonardofigueiredo/Library/Developer/Xcode/DerivedData/Ratio-dgukedwfifpyteflgeptozrgzmmp/Build/Intermediates.noindex/Ratio.build/Debug-iphonesimulator/Ratio.build/Objects-normal/arm64/Ratio.swiftmodule -validate-clang-modules-once -clang-build-session-file /Users/leonardofigueiredo/Library/Developer/Xcode/DerivedData/ModuleCache.noindex/Session.modulevalidation -Xcc -I/Users/leonardofigueiredo/Library/Developer/Xcode/DerivedData/Ratio-dgukedwfifpyteflgeptozrgzmmp/Build/Intermediates.noindex/Ratio.build/Debug-iphonesimulator/Ratio.build/swift-overrides.hmap -emit-const-values -Xfrontend -const-gather-protocols-file -Xfrontend /Users/leonardofigueiredo/Library/Developer/Xcode/DerivedData/Ratio-dgukedwfifpyteflgeptozrgzmmp/Build/Intermediates.noindex/Ratio.build/Debug-iphonesimulator/Ratio.build/Objects-normal/arm64/Ratio_const_extract_protocols.json -Xcc -iquote -Xcc /Users/leonardofigueiredo/Library/Developer/Xcode/DerivedData/Ratio-dgukedwfifpyteflgeptozrgzmmp/Build/Intermediates.noindex/Ratio.build/Debug-iphonesimulator/Ratio.build/Ratio-generated-files.hmap -Xcc -I/Users/leonardofigueiredo/Library/Developer/Xcode/DerivedData/Ratio-dgukedwfifpyteflgeptozrgzmmp/Build/Intermediates.noindex/Ratio.build/Debug-iphonesimulator/Ratio.build/Ratio-own-target-headers.hmap -Xcc -I/Users/leonardofigueiredo/Library/Developer/Xcode/DerivedData/Ratio-dgukedwfifpyteflgeptozrgzmmp/Build/Intermediates.noindex/Ratio.build/Debug-iphonesimulator/Ratio.build/Ratio-all-non-framework-target-headers.hmap -Xcc -ivfsoverlay -Xcc /Users/leonardofigueiredo/Library/Developer/Xcode/DerivedData/Ratio-dgukedwfifpyteflgeptozrgzmmp/Build/Intermediates.noindex/Ratio.build/Debug-iphonesimulator/Ratio-0b73ba7045a2529270712259fb1f38a7-VFS-iphonesimulator/all-product-headers.yaml -Xcc -iquote -Xcc /Users/leonardofigueiredo/Library/Developer/Xcode/DerivedData/Ratio-dgukedwfifpyteflgeptozrgzmmp/Build/Intermediates.noindex/Ratio.build/Debug-iphonesimulator/Ratio.build/Ratio-project-headers.hmap -Xcc -I/Users/leonardofigueiredo/Library/Developer/Xcode/DerivedData/Ratio-dgukedwfifpyteflgeptozrgzmmp/SourcePackages/checkouts/firebase-ios-sdk/FirebasePerformance/Sources/Public -Xcc -I/Users/leonardofigueiredo/Library/Developer/Xcode/DerivedData/Ratio-dgukedwfifpyteflgeptozrgzmmp/SourcePackages/checkouts/firebase-ios-sdk/FirebaseRemoteConfig/Sources/Public -Xcc -I/Users/leonardofigueiredo/Library/Developer/Xcode/DerivedData/Ratio-dgukedwfifpyteflgeptozrgzmmp/SourcePackages/checkouts/firebase-ios-sdk/FirebaseABTesting/Sources/Public -Xcc -I/Users/leonardofigueiredo/Library/Developer/Xcode/DerivedData/Ratio-dgukedwfifpyteflgeptozrgzmmp/SourcePackages/checkouts/firebase-ios-sdk/SwiftPM-PlatformExclude/FirebasePerformanceWrap/include -Xcc -I/Users/leonardofigueiredo/Library/Developer/Xcode/DerivedData/Ratio-dgukedwfifpyteflgeptozrgzmmp/SourcePackages/checkouts/firebase-ios-sdk/FirebaseMessaging/Sources/Public -Xcc -I/Users/leonardofigueiredo/Library/Developer/Xcode/DerivedData/Ratio-dgukedwfifpyteflgeptozrgzmmp/SourcePackages/checkouts/google-ads-on-device-conversion-ios-sdk/GoogleAdsOnDeviceConversionWrapper/include -Xcc -I/Users/leonardofigueiredo/Library/Developer/Xcode/DerivedData/Ratio-dgukedwfifpyteflgeptozrgzmmp/SourcePackages/checkouts/GoogleAppMeasurement/GoogleAppMeasurementWrapper/include -Xcc -I/Users/leonardofigueiredo/Library/Developer/Xcode/DerivedData/Ratio-dgukedwfifpyteflgeptozrgzmmp/SourcePackages/checkouts/firebase-ios-sdk/FirebaseAnalyticsWrapper/include -Xcc -I/Users/leonardofigueiredo/Library/Developer/Xcode/DerivedData/Ratio-dgukedwfifpyteflgeptozrgzmmp/SourcePackages/checkouts/firebase-ios-sdk/SwiftPM-PlatformExclude/FirebaseAnalyticsWrap/include -Xcc -I/Users/leonardofigueiredo/Library/Developer/Xcode/DerivedData/Ratio-dgukedwfifpyteflgeptozrgzmmp/SourcePackages/checkouts/GoogleDataTransport/GoogleDataTransport/GDTCORLibrary/Public -Xcc -I/Users/leonardofigueiredo/Library/Developer/Xcode/DerivedData/Ratio-dgukedwfifpyteflgeptozrgzmmp/SourcePackages/checkouts/firebase-ios-sdk/FirebaseSessions/SourcesObjC -Xcc -I/Users/leonardofigueiredo/Library/Developer/Xcode/DerivedData/Ratio-dgukedwfifpyteflgeptozrgzmmp/SourcePackages/checkouts/firebase-ios-sdk/Crashlytics/Crashlytics/Public -Xcc -I/Users/leonardofigueiredo/Library/Developer/Xcode/DerivedData/Ratio-dgukedwfifpyteflgeptozrgzmmp/SourcePackages/checkouts/interop-ios-for-google-sdks/RecaptchaEnterprise/RecaptchaInterop/Public -Xcc -I/Users/leonardofigueiredo/Library/Developer/Xcode/DerivedData/Ratio-dgukedwfifpyteflgeptozrgzmmp/SourcePackages/checkouts/firebase-ios-sdk/FirebaseAuth/Sources/Public -Xcc -I/Users/leonardofigueiredo/Library/Developer/Xcode/DerivedData/Ratio-dgukedwfifpyteflgeptozrgzmmp/SourcePackages/checkouts/abseil-cpp-binary/absl-Wrapper/include -Xcc -I/Users/leonardofigueiredo/Library/Developer/Xcode/DerivedData/Ratio-dgukedwfifpyteflgeptozrgzmmp/SourcePackages/checkouts/grpc-binary/openssl-grpc-Wrapper/include -Xcc -I/Users/leonardofigueiredo/Library/Developer/Xcode/DerivedData/Ratio-dgukedwfifpyteflgeptozrgzmmp/SourcePackages/checkouts/grpc-binary/grpc-Wrapper/include -Xcc -I/Users/leonardofigueiredo/Library/Developer/Xcode/DerivedData/Ratio-dgukedwfifpyteflgeptozrgzmmp/SourcePackages/checkouts/grpc-binary/grpcpp-Wrapper/include -Xcc -I/Users/leonardofigueiredo/Library/Developer/Xcode/DerivedData/Ratio-dgukedwfifpyteflgeptozrgzmmp/SourcePackages/checkouts/leveldb/include -Xcc -I/Users/leonardofigueiredo/Library/Developer/Xcode/DerivedData/Ratio-dgukedwfifpyteflgeptozrgzmmp/SourcePackages/checkouts/firebase-ios-sdk/FirebaseFirestoreInternal -Xcc -I/Users/leonardofigueiredo/Library/Developer/Xcode/DerivedData/Ratio-dgukedwfifpyteflgeptozrgzmmp/SourcePackages/checkouts/firebase-ios-sdk/SwiftPM-PlatformExclude/FirebaseFirestoreWrap/include -Xcc -I/Users/leonardofigueiredo/Library/Developer/Xcode/DerivedData/Ratio-dgukedwfifpyteflgeptozrgzmmp/SourcePackages/checkouts/promises/Sources/FBLPromises/include -Xcc -I/Users/leonardofigueiredo/Library/Developer/Xcode/DerivedData/Ratio-dgukedwfifpyteflgeptozrgzmmp/SourcePackages/checkouts/GoogleUtilities/GoogleUtilities/UserDefaults/Public -Xcc -I/Users/leonardofigueiredo/Library/Developer/Xcode/DerivedData/Ratio-dgukedwfifpyteflgeptozrgzmmp/SourcePackages/checkouts/GoogleAppMeasurement/GoogleAppMeasurementCoreWrapper/include -Xcc -I/Users/leonardofigueiredo/Library/Developer/Xcode/DerivedData/Ratio-dgukedwfifpyteflgeptozrgzmmp/SourcePackages/checkouts/GoogleUtilities/GoogleUtilities/AppDelegateSwizzler/Public -Xcc -I/Users/leonardofigueiredo/Library/Developer/Xcode/DerivedData/Ratio-dgukedwfifpyteflgeptozrgzmmp/SourcePackages/checkouts/GoogleUtilities/GoogleUtilities/MethodSwizzler/Public -Xcc -I/Users/leonardofigueiredo/Library/Developer/Xcode/DerivedData/Ratio-dgukedwfifpyteflgeptozrgzmmp/SourcePackages/checkouts/GoogleUtilities/GoogleUtilities/Reachability/Public -Xcc -I/Users/leonardofigueiredo/Library/Developer/Xcode/DerivedData/Ratio-dgukedwfifpyteflgeptozrgzmmp/SourcePackages/checkouts/GoogleUtilities/GoogleUtilities/Network/Public -Xcc -I/Users/leonardofigueiredo/Library/Developer/Xcode/DerivedData/Ratio-dgukedwfifpyteflgeptozrgzmmp/SourcePackages/checkouts/nanopb/spm_headers -Xcc -I/Users/leonardofigueiredo/Library/Developer/Xcode/DerivedData/Ratio-dgukedwfifpyteflgeptozrgzmmp/SourcePackages/checkouts/firebase-ios-sdk/FirebaseAnalyticsCoreWrapper/include -Xcc -I/Users/leonardofigueiredo/Library/Developer/Xcode/DerivedData/Ratio-dgukedwfifpyteflgeptozrgzmmp/SourcePackages/checkouts/firebase-ios-sdk/FirebaseInstallations/Source/Library/Public -Xcc -I/Users/leonardofigueiredo/Library/Developer/Xcode/DerivedData/Ratio-dgukedwfifpyteflgeptozrgzmmp/SourcePackages/checkouts/firebase-ios-sdk/SwiftPM-PlatformExclude/FirebaseAnalyticsCoreWrap/include -Xcc -I/Users/leonardofigueiredo/Library/Developer/Xcode/DerivedData/Ratio-dgukedwfifpyteflgeptozrgzmmp/SourcePackages/checkouts/GoogleUtilities/GoogleUtilities/NSData+zlib/Public -Xcc -I/Users/leonardofigueiredo/Library/Developer/Xcode/DerivedData/Ratio-dgukedwfifpyteflgeptozrgzmmp/SourcePackages/checkouts/GoogleUtilities/GoogleUtilities/Environment/Public -Xcc -I/Users/leonardofigueiredo/Library/Developer/Xcode/DerivedData/Ratio-dgukedwfifpyteflgeptozrgzmmp/SourcePackages/checkouts/GoogleUtilities/third_party/IsAppEncrypted/Public -Xcc -I/Users/leonardofigueiredo/Library/Developer/Xcode/DerivedData/Ratio-dgukedwfifpyteflgeptozrgzmmp/SourcePackages/checkouts/GoogleUtilities/GoogleUtilities/Logger/Public -Xcc -I/Users/leonardofigueiredo/Library/Developer/Xcode/DerivedData/Ratio-dgukedwfifpyteflgeptozrgzmmp/SourcePackages/checkouts/gtm-session-fetcher/Sources/Core/Public -Xcc -I/Users/leonardofigueiredo/Library/Developer/Xcode/DerivedData/Ratio-dgukedwfifpyteflgeptozrgzmmp/SourcePackages/checkouts/firebase-ios-sdk/FirebaseCore/Extension -Xcc -I/Users/leonardofigueiredo/Library/Developer/Xcode/DerivedData/Ratio-dgukedwfifpyteflgeptozrgzmmp/SourcePackages/checkouts/firebase-ios-sdk/FirebaseCore/Sources/Public -Xcc -I/Users/leonardofigueiredo/Library/Developer/Xcode/DerivedData/Ratio-dgukedwfifpyteflgeptozrgzmmp/SourcePackages/checkouts/firebase-ios-sdk/CoreOnly/Sources -Xcc -I/Users/leonardofigueiredo/Library/Developer/Xcode/DerivedData/Ratio-dgukedwfifpyteflgeptozrgzmmp/SourcePackages/checkouts/firebase-ios-sdk/FirebaseAuth/Interop/Public -Xcc -I/Users/leonardofigueiredo/Library/Developer/Xcode/DerivedData/Ratio-dgukedwfifpyteflgeptozrgzmmp/SourcePackages/checkouts/firebase-ios-sdk/FirebaseAppCheck/Interop/Public -Xcc -I/Users/leonardofigueiredo/Library/Developer/Xcode/DerivedData/Ratio-dgukedwfifpyteflgeptozrgzmmp/Build/Products/Debug-iphonesimulator/include -Xcc -I/Users/leonardofigueiredo/Library/Developer/Xcode/DerivedData/Ratio-dgukedwfifpyteflgeptozrgzmmp/Build/Intermediates.noindex/Ratio.build/Debug-iphonesimulator/Ratio.build/DerivedSources-normal/arm64 -Xcc -I/Users/leonardofigueiredo/Library/Developer/Xcode/DerivedData/Ratio-dgukedwfifpyteflgeptozrgzmmp/Build/Intermediates.noindex/Ratio.build/Debug-iphonesimulator/Ratio.build/DerivedSources/arm64 -Xcc -I/Users/leonardofigueiredo/Library/Developer/Xcode/DerivedData/Ratio-dgukedwfifpyteflgeptozrgzmmp/Build/Intermediates.noindex/Ratio.build/Debug-iphonesimulator/Ratio.build/DerivedSources -Xcc -DDEBUG\=1 -emit-objc-header -emit-objc-header-path /Users/leonardofigueiredo/Library/Developer/Xcode/DerivedData/Ratio-dgukedwfifpyteflgeptozrgzmmp/Build/Intermediates.noindex/Ratio.build/Debug-iphonesimulator/Ratio.build/Objects-normal/arm64/Ratio-Swift.h -working-directory /Users/leonardofigueiredo/Projetos\ Mobile/ratio-ios/Ratio -experimental-emit-module-separately -disable-cmo
/Users/leonardofigueiredo/Projetos Mobile/ratio-ios/Ratio/Ratio/Features/Groups/Presentation/Views/EditGroupView.swift:217:5: error: attribute 'private' can only be used in a non-local scope
    private var notesSection: some View {
    ^
/Users/leonardofigueiredo/Projetos Mobile/ratio-ios/Ratio/Ratio/Features/Groups/Presentation/Views/EditGroupView.swift:224:5: error: attribute 'private' can only be used in a non-local scope
    private var membersSection: some View {
    ^
/Users/leonardofigueiredo/Projetos Mobile/ratio-ios/Ratio/Ratio/Features/Groups/Presentation/Views/EditGroupView.swift:254:5: error: attribute 'private' can only be used in a non-local scope
    private var summarySection: some View {
    ^
/Users/leonardofigueiredo/Projetos Mobile/ratio-ios/Ratio/Ratio/Features/Groups/Presentation/Views/EditGroupView.swift:268:5: error: attribute 'private' can only be used in a non-local scope
    private var deleteSection: some View {
    ^
/Users/leonardofigueiredo/Projetos Mobile/ratio-ios/Ratio/Ratio/Features/Groups/Presentation/Views/EditGroupView.swift:279:5: error: attribute 'private' can only be used in a non-local scope
    private var inviteSection: some View {
    ^
/Users/leonardofigueiredo/Projetos Mobile/ratio-ios/Ratio/Ratio/Features/Groups/Presentation/Views/EditGroupView.swift:321:5: error: attribute 'private' can only be used in a non-local scope
    private var canSubmit: Bool {
    ^
/Users/leonardofigueiredo/Projetos Mobile/ratio-ios/Ratio/Ratio/Features/Groups/Presentation/Views/EditGroupView.swift:328:5: error: attribute 'private' can only be used in a non-local scope
    private func normalizedMemberList() -> [GroupMemberDraft] {
    ^
/Users/leonardofigueiredo/Projetos Mobile/ratio-ios/Ratio/Ratio/Features/Groups/Presentation/Views/EditGroupView.swift:340:5: error: attribute 'private' can only be used in a non-local scope
    private func deleteMember(at offsets: IndexSet) {
    ^
/Users/leonardofigueiredo/Projetos Mobile/ratio-ios/Ratio/Ratio/Features/Groups/Presentation/Views/EditGroupView.swift:344:5: error: attribute 'private' can only be used in a non-local scope
    private func applyEqualSplit() {
    ^
/Users/leonardofigueiredo/Projetos Mobile/ratio-ios/Ratio/Ratio/Features/Groups/Presentation/Views/EditGroupView.swift:355:5: error: attribute 'private' can only be used in a non-local scope
    private func updateSelectedSubscription() {
    ^
/Users/leonardofigueiredo/Projetos Mobile/ratio-ios/Ratio/Ratio/Features/Groups/Presentation/Views/EditGroupView.swift:371:5: error: attribute 'private' can only be used in a non-local scope
    private func parseAmount(_ text: String) -> Double? {
    ^
/Users/leonardofigueiredo/Projetos Mobile/ratio-ios/Ratio/Ratio/Features/Groups/Presentation/Views/EditGroupView.swift:376:5: error: attribute 'private' can only be used in a non-local scope
    private func formatAmount(_ value: Double) -> String {
    ^
/Users/leonardofigueiredo/Projetos Mobile/ratio-ios/Ratio/Ratio/Features/Groups/Presentation/Views/EditGroupView.swift:385:5: error: attribute 'private' can only be used in a non-local scope
    private func addMember() {
    ^
/Users/leonardofigueiredo/Projetos Mobile/ratio-ios/Ratio/Ratio/Features/Groups/Presentation/Views/EditGroupView.swift:395:5: error: attribute 'private' can only be used in a non-local scope
    private func inviteMessage(for url: URL) -> String {
    ^
/Users/leonardofigueiredo/Projetos Mobile/ratio-ios/Ratio/Ratio/Features/Groups/Presentation/Views/EditGroupView.swift:407:5: error: attribute 'private' can only be used in a non-local scope
    private var perPersonAmount: Double {
    ^
/Users/leonardofigueiredo/Projetos Mobile/ratio-ios/Ratio/Ratio/Features/Groups/Presentation/Views/EditGroupView.swift:412:5: error: attribute 'private' can only be used in a non-local scope
    private func formattedCurrency(_ value: Double, currencyCode: String) -> String {
    ^
/Users/leonardofigueiredo/Projetos Mobile/ratio-ios/Ratio/Ratio/Features/Groups/Presentation/Views/EditGroupView.swift:420:5: error: attribute 'private' can only be used in a non-local scope
    private var currencySymbol: String {
    ^
/Users/leonardofigueiredo/Projetos Mobile/ratio-ios/Ratio/Ratio/Features/Groups/Presentation/Views/EditGroupView.swift:428:5: error: attribute 'private' can only be used in a non-local scope
    private var selectedSubscription: SubscriptionItem? {
    ^
/Users/leonardofigueiredo/Projetos Mobile/ratio-ios/Ratio/Ratio/Features/Groups/Presentation/Views/EditGroupView.swift:433:5: error: attribute 'private' can only be used in a non-local scope
    private var selectedSubscriptionForSave: SubscriptionItem? {
    ^
/Users/leonardofigueiredo/Projetos Mobile/ratio-ios/Ratio/Ratio/Features/Groups/Presentation/Views/EditGroupView.swift:487:1: error: expected '}' in struct

^
/Users/leonardofigueiredo/Projetos Mobile/ratio-ios/Ratio/Ratio/Features/Groups/Presentation/Views/EditGroupView.swift:11:28: note: to match this opening '{'
struct EditGroupView: View {
                           ^
/Users/leonardofigueiredo/Projetos Mobile/ratio-ios/Ratio/Ratio/Features/Groups/Presentation/Views/EditGroupView.swift:217:5: error: Attribute 'private' can only be used in a non-local scope
    private var notesSection: some View {
    ^ (in target 'Ratio' from project 'Ratio')
/Users/leonardofigueiredo/Projetos Mobile/ratio-ios/Ratio/Ratio/Features/Groups/Presentation/Views/EditGroupView.swift:224:5: error: Attribute 'private' can only be used in a non-local scope
    private var membersSection: some View {
    ^ (in target 'Ratio' from project 'Ratio')
/Users/leonardofigueiredo/Projetos Mobile/ratio-ios/Ratio/Ratio/Features/Groups/Presentation/Views/EditGroupView.swift:254:5: error: Attribute 'private' can only be used in a non-local scope
    private var summarySection: some View {
    ^ (in target 'Ratio' from project 'Ratio')
/Users/leonardofigueiredo/Projetos Mobile/ratio-ios/Ratio/Ratio/Features/Groups/Presentation/Views/EditGroupView.swift:268:5: error: Attribute 'private' can only be used in a non-local scope
    private var deleteSection: some View {
    ^ (in target 'Ratio' from project 'Ratio')
/Users/leonardofigueiredo/Projetos Mobile/ratio-ios/Ratio/Ratio/Features/Groups/Presentation/Views/EditGroupView.swift:279:5: error: Attribute 'private' can only be used in a non-local scope
    private var inviteSection: some View {
    ^ (in target 'Ratio' from project 'Ratio')
/Users/leonardofigueiredo/Projetos Mobile/ratio-ios/Ratio/Ratio/Features/Groups/Presentation/Views/EditGroupView.swift:321:5: error: Attribute 'private' can only be used in a non-local scope
    private var canSubmit: Bool {
    ^ (in target 'Ratio' from project 'Ratio')
/Users/leonardofigueiredo/Projetos Mobile/ratio-ios/Ratio/Ratio/Features/Groups/Presentation/Views/EditGroupView.swift:328:5: error: Attribute 'private' can only be used in a non-local scope
    private func normalizedMemberList() -> [GroupMemberDraft] {
    ^ (in target 'Ratio' from project 'Ratio')
/Users/leonardofigueiredo/Projetos Mobile/ratio-ios/Ratio/Ratio/Features/Groups/Presentation/Views/EditGroupView.swift:340:5: error: Attribute 'private' can only be used in a non-local scope
    private func deleteMember(at offsets: IndexSet) {
    ^ (in target 'Ratio' from project 'Ratio')
/Users/leonardofigueiredo/Projetos Mobile/ratio-ios/Ratio/Ratio/Features/Groups/Presentation/Views/EditGroupView.swift:344:5: error: Attribute 'private' can only be used in a non-local scope
    private func applyEqualSplit() {
    ^ (in target 'Ratio' from project 'Ratio')
/Users/leonardofigueiredo/Projetos Mobile/ratio-ios/Ratio/Ratio/Features/Groups/Presentation/Views/EditGroupView.swift:355:5: error: Attribute 'private' can only be used in a non-local scope
    private func updateSelectedSubscription() {
    ^ (in target 'Ratio' from project 'Ratio')
/Users/leonardofigueiredo/Projetos Mobile/ratio-ios/Ratio/Ratio/Features/Groups/Presentation/Views/EditGroupView.swift:371:5: error: Attribute 'private' can only be used in a non-local scope
    private func parseAmount(_ text: String) -> Double? {
    ^ (in target 'Ratio' from project 'Ratio')
/Users/leonardofigueiredo/Projetos Mobile/ratio-ios/Ratio/Ratio/Features/Groups/Presentation/Views/EditGroupView.swift:376:5: error: Attribute 'private' can only be used in a non-local scope
    private func formatAmount(_ value: Double) -> String {
    ^ (in target 'Ratio' from project 'Ratio')
/Users/leonardofigueiredo/Projetos Mobile/ratio-ios/Ratio/Ratio/Features/Groups/Presentation/Views/EditGroupView.swift:385:5: error: Attribute 'private' can only be used in a non-local scope
    private func addMember() {
    ^ (in target 'Ratio' from project 'Ratio')
/Users/leonardofigueiredo/Projetos Mobile/ratio-ios/Ratio/Ratio/Features/Groups/Presentation/Views/EditGroupView.swift:395:5: error: Attribute 'private' can only be used in a non-local scope
    private func inviteMessage(for url: URL) -> String {
    ^ (in target 'Ratio' from project 'Ratio')
/Users/leonardofigueiredo/Projetos Mobile/ratio-ios/Ratio/Ratio/Features/Groups/Presentation/Views/EditGroupView.swift:407:5: error: Attribute 'private' can only be used in a non-local scope
    private var perPersonAmount: Double {
    ^ (in target 'Ratio' from project 'Ratio')
/Users/leonardofigueiredo/Projetos Mobile/ratio-ios/Ratio/Ratio/Features/Groups/Presentation/Views/EditGroupView.swift:412:5: error: Attribute 'private' can only be used in a non-local scope
    private func formattedCurrency(_ value: Double, currencyCode: String) -> String {
    ^ (in target 'Ratio' from project 'Ratio')
/Users/leonardofigueiredo/Projetos Mobile/ratio-ios/Ratio/Ratio/Features/Groups/Presentation/Views/EditGroupView.swift:420:5: error: Attribute 'private' can only be used in a non-local scope
    private var currencySymbol: String {
    ^ (in target 'Ratio' from project 'Ratio')
/Users/leonardofigueiredo/Projetos Mobile/ratio-ios/Ratio/Ratio/Features/Groups/Presentation/Views/EditGroupView.swift:428:5: error: Attribute 'private' can only be used in a non-local scope
    private var selectedSubscription: SubscriptionItem? {
    ^ (in target 'Ratio' from project 'Ratio')
/Users/leonardofigueiredo/Projetos Mobile/ratio-ios/Ratio/Ratio/Features/Groups/Presentation/Views/EditGroupView.swift:433:5: error: Attribute 'private' can only be used in a non-local scope
    private var selectedSubscriptionForSave: SubscriptionItem? {
    ^ (in target 'Ratio' from project 'Ratio')
/Users/leonardofigueiredo/Projetos Mobile/ratio-ios/Ratio/Ratio/Features/Groups/Presentation/Views/EditGroupView.swift:487:1: error: Expected '}' in struct

^ (in target 'Ratio' from project 'Ratio')
/Users/leonardofigueiredo/Projetos Mobile/ratio-ios/Ratio/Ratio/Features/Groups/Presentation/Views/EditGroupView.swift:11:28: note: To match this opening '{'
struct EditGroupView: View {
                           ^ (in target 'Ratio' from project 'Ratio')

RegisterExecutionPolicyException /Users/leonardofigueiredo/Library/Developer/Xcode/DerivedData/Ratio-dgukedwfifpyteflgeptozrgzmmp/Build/Products/Debug-iphonesimulator/nanopb.o (in target 'nanopb' from project 'nanopb')
    cd /Users/leonardofigueiredo/Library/Developer/Xcode/DerivedData/Ratio-dgukedwfifpyteflgeptozrgzmmp/SourcePackages/checkouts/nanopb
    builtin-RegisterExecutionPolicyException /Users/leonardofigueiredo/Library/Developer/Xcode/DerivedData/Ratio-dgukedwfifpyteflgeptozrgzmmp/Build/Products/Debug-iphonesimulator/nanopb.o

RegisterExecutionPolicyException /Users/leonardofigueiredo/Library/Developer/Xcode/DerivedData/Ratio-dgukedwfifpyteflgeptozrgzmmp/Build/Products/Debug-iphonesimulator/leveldb.o (in target 'leveldb' from project 'leveldb')
    cd /Users/leonardofigueiredo/Library/Developer/Xcode/DerivedData/Ratio-dgukedwfifpyteflgeptozrgzmmp/SourcePackages/checkouts/leveldb
    builtin-RegisterExecutionPolicyException /Users/leonardofigueiredo/Library/Developer/Xcode/DerivedData/Ratio-dgukedwfifpyteflgeptozrgzmmp/Build/Products/Debug-iphonesimulator/leveldb.o

RegisterExecutionPolicyException /Users/leonardofigueiredo/Library/Developer/Xcode/DerivedData/Ratio-dgukedwfifpyteflgeptozrgzmmp/Build/Products/Debug-iphonesimulator/grpcWrapper.o (in target 'grpcWrapper' from project 'gRPC')
    cd /Users/leonardofigueiredo/Library/Developer/Xcode/DerivedData/Ratio-dgukedwfifpyteflgeptozrgzmmp/SourcePackages/checkouts/grpc-binary
    builtin-RegisterExecutionPolicyException /Users/leonardofigueiredo/Library/Developer/Xcode/DerivedData/Ratio-dgukedwfifpyteflgeptozrgzmmp/Build/Products/Debug-iphonesimulator/grpcWrapper.o

RegisterExecutionPolicyException /Users/leonardofigueiredo/Library/Developer/Xcode/DerivedData/Ratio-dgukedwfifpyteflgeptozrgzmmp/Build/Products/Debug-iphonesimulator/abslWrapper.o (in target 'abslWrapper' from project 'abseil')
    cd /Users/leonardofigueiredo/Library/Developer/Xcode/DerivedData/Ratio-dgukedwfifpyteflgeptozrgzmmp/SourcePackages/checkouts/abseil-cpp-binary
    builtin-RegisterExecutionPolicyException /Users/leonardofigueiredo/Library/Developer/Xcode/DerivedData/Ratio-dgukedwfifpyteflgeptozrgzmmp/Build/Products/Debug-iphonesimulator/abslWrapper.o

RegisterExecutionPolicyException /Users/leonardofigueiredo/Library/Developer/Xcode/DerivedData/Ratio-dgukedwfifpyteflgeptozrgzmmp/Build/Products/Debug-iphonesimulator/RecaptchaInterop.o (in target 'RecaptchaInterop' from project 'InteropForGoogle')
    cd /Users/leonardofigueiredo/Library/Developer/Xcode/DerivedData/Ratio-dgukedwfifpyteflgeptozrgzmmp/SourcePackages/checkouts/interop-ios-for-google-sdks
    builtin-RegisterExecutionPolicyException /Users/leonardofigueiredo/Library/Developer/Xcode/DerivedData/Ratio-dgukedwfifpyteflgeptozrgzmmp/Build/Products/Debug-iphonesimulator/RecaptchaInterop.o

RegisterExecutionPolicyException /Users/leonardofigueiredo/Library/Developer/Xcode/DerivedData/Ratio-dgukedwfifpyteflgeptozrgzmmp/Build/Products/Debug-iphonesimulator/GoogleUtilities-NSData.o (in target 'GoogleUtilities-NSData' from project 'GoogleUtilities')
    cd /Users/leonardofigueiredo/Library/Developer/Xcode/DerivedData/Ratio-dgukedwfifpyteflgeptozrgzmmp/SourcePackages/checkouts/GoogleUtilities
    builtin-RegisterExecutionPolicyException /Users/leonardofigueiredo/Library/Developer/Xcode/DerivedData/Ratio-dgukedwfifpyteflgeptozrgzmmp/Build/Products/Debug-iphonesimulator/GoogleUtilities-NSData.o

ExtractAppIntentsMetadata (in target 'FirebaseSharedSwift' from project 'Firebase')
    cd /Users/leonardofigueiredo/Library/Developer/Xcode/DerivedData/Ratio-dgukedwfifpyteflgeptozrgzmmp/SourcePackages/checkouts/firebase-ios-sdk
    /Applications/Xcode.app/Contents/Developer/Toolchains/XcodeDefault.xctoolchain/usr/bin/appintentsmetadataprocessor --toolchain-dir /Applications/Xcode.app/Contents/Developer/Toolchains/XcodeDefault.xctoolchain --module-name FirebaseSharedSwift --sdk-root /Applications/Xcode.app/Contents/Developer/Platforms/iPhoneSimulator.platform/Developer/SDKs/iPhoneSimulator26.2.sdk --xcode-version 17C52 --platform-family iOS --deployment-target 15.0 --bundle-identifier firebase-ios-sdk.FirebaseSharedSwift --output /Users/leonardofigueiredo/Library/Developer/Xcode/DerivedData/Ratio-dgukedwfifpyteflgeptozrgzmmp/Build/Products/Debug-iphonesimulator/FirebaseSharedSwift.appintents --target-triple arm64-apple-ios15.0-simulator --binary-file /Users/leonardofigueiredo/Library/Developer/Xcode/DerivedData/Ratio-dgukedwfifpyteflgeptozrgzmmp/Build/Products/Debug-iphonesimulator/FirebaseSharedSwift.o --dependency-file /Users/leonardofigueiredo/Library/Developer/Xcode/DerivedData/Ratio-dgukedwfifpyteflgeptozrgzmmp/Build/Intermediates.noindex/Firebase.build/Debug-iphonesimulator/FirebaseSharedSwift.build/Objects-normal/arm64/FirebaseSharedSwift_dependency_info.dat --stringsdata-file /Users/leonardofigueiredo/Library/Developer/Xcode/DerivedData/Ratio-dgukedwfifpyteflgeptozrgzmmp/Build/Intermediates.noindex/Firebase.build/Debug-iphonesimulator/FirebaseSharedSwift.build/Objects-normal/arm64/ExtractedAppShortcutsMetadata.stringsdata --source-file-list /Users/leonardofigueiredo/Library/Developer/Xcode/DerivedData/Ratio-dgukedwfifpyteflgeptozrgzmmp/Build/Intermediates.noindex/Firebase.build/Debug-iphonesimulator/FirebaseSharedSwift.build/Objects-normal/arm64/FirebaseSharedSwift.SwiftFileList --metadata-file-list /Users/leonardofigueiredo/Library/Developer/Xcode/DerivedData/Ratio-dgukedwfifpyteflgeptozrgzmmp/Build/Intermediates.noindex/Firebase.build/Debug-iphonesimulator/FirebaseSharedSwift.build/FirebaseSharedSwift.DependencyMetadataFileList --static-metadata-file-list /Users/leonardofigueiredo/Library/Developer/Xcode/DerivedData/Ratio-dgukedwfifpyteflgeptozrgzmmp/Build/Intermediates.noindex/Firebase.build/Debug-iphonesimulator/FirebaseSharedSwift.build/FirebaseSharedSwift.DependencyStaticMetadataFileList --swift-const-vals-list /Users/leonardofigueiredo/Library/Developer/Xcode/DerivedData/Ratio-dgukedwfifpyteflgeptozrgzmmp/Build/Intermediates.noindex/Firebase.build/Debug-iphonesimulator/FirebaseSharedSwift.build/Objects-normal/arm64/FirebaseSharedSwift.SwiftConstValuesFileList --force --compile-time-extraction --deployment-aware-processing --validate-assistant-intents --no-app-shortcuts-localization
2026-01-12 11:25:42.358 appintentsmetadataprocessor[77520:1421792] Starting appintentsmetadataprocessor export
2026-01-12 11:25:42.446 appintentsmetadataprocessor[77520:1421792] Extracted no relevant App Intents symbols, skipping writing output

ExtractAppIntentsMetadata (in target 'FirebaseRemoteConfigInterop' from project 'Firebase')
    cd /Users/leonardofigueiredo/Library/Developer/Xcode/DerivedData/Ratio-dgukedwfifpyteflgeptozrgzmmp/SourcePackages/checkouts/firebase-ios-sdk
    /Applications/Xcode.app/Contents/Developer/Toolchains/XcodeDefault.xctoolchain/usr/bin/appintentsmetadataprocessor --toolchain-dir /Applications/Xcode.app/Contents/Developer/Toolchains/XcodeDefault.xctoolchain --module-name FirebaseRemoteConfigInterop --sdk-root /Applications/Xcode.app/Contents/Developer/Platforms/iPhoneSimulator.platform/Developer/SDKs/iPhoneSimulator26.2.sdk --xcode-version 17C52 --platform-family iOS --deployment-target 15.0 --bundle-identifier firebase-ios-sdk.FirebaseRemoteConfigInterop --output /Users/leonardofigueiredo/Library/Developer/Xcode/DerivedData/Ratio-dgukedwfifpyteflgeptozrgzmmp/Build/Products/Debug-iphonesimulator/FirebaseRemoteConfigInterop.appintents --target-triple arm64-apple-ios15.0-simulator --binary-file /Users/leonardofigueiredo/Library/Developer/Xcode/DerivedData/Ratio-dgukedwfifpyteflgeptozrgzmmp/Build/Products/Debug-iphonesimulator/FirebaseRemoteConfigInterop.o --dependency-file /Users/leonardofigueiredo/Library/Developer/Xcode/DerivedData/Ratio-dgukedwfifpyteflgeptozrgzmmp/Build/Intermediates.noindex/Firebase.build/Debug-iphonesimulator/FirebaseRemoteConfigInterop.build/Objects-normal/arm64/FirebaseRemoteConfigInterop_dependency_info.dat --stringsdata-file /Users/leonardofigueiredo/Library/Developer/Xcode/DerivedData/Ratio-dgukedwfifpyteflgeptozrgzmmp/Build/Intermediates.noindex/Firebase.build/Debug-iphonesimulator/FirebaseRemoteConfigInterop.build/Objects-normal/arm64/ExtractedAppShortcutsMetadata.stringsdata --source-file-list /Users/leonardofigueiredo/Library/Developer/Xcode/DerivedData/Ratio-dgukedwfifpyteflgeptozrgzmmp/Build/Intermediates.noindex/Firebase.build/Debug-iphonesimulator/FirebaseRemoteConfigInterop.build/Objects-normal/arm64/FirebaseRemoteConfigInterop.SwiftFileList --metadata-file-list /Users/leonardofigueiredo/Library/Developer/Xcode/DerivedData/Ratio-dgukedwfifpyteflgeptozrgzmmp/Build/Intermediates.noindex/Firebase.build/Debug-iphonesimulator/FirebaseRemoteConfigInterop.build/FirebaseRemoteConfigInterop.DependencyMetadataFileList --static-metadata-file-list /Users/leonardofigueiredo/Library/Developer/Xcode/DerivedData/Ratio-dgukedwfifpyteflgeptozrgzmmp/Build/Intermediates.noindex/Firebase.build/Debug-iphonesimulator/FirebaseRemoteConfigInterop.build/FirebaseRemoteConfigInterop.DependencyStaticMetadataFileList --swift-const-vals-list /Users/leonardofigueiredo/Library/Developer/Xcode/DerivedData/Ratio-dgukedwfifpyteflgeptozrgzmmp/Build/Intermediates.noindex/Firebase.build/Debug-iphonesimulator/FirebaseRemoteConfigInterop.build/Objects-normal/arm64/FirebaseRemoteConfigInterop.SwiftConstValuesFileList --force --compile-time-extraction --deployment-aware-processing --validate-assistant-intents --no-app-shortcuts-localization
2026-01-12 11:25:42.358 appintentsmetadataprocessor[77521:1421795] Starting appintentsmetadataprocessor export
2026-01-12 11:25:42.446 appintentsmetadataprocessor[77521:1421795] Extracted no relevant App Intents symbols, skipping writing output

Ld /Users/leonardofigueiredo/Library/Developer/Xcode/DerivedData/Ratio-dgukedwfifpyteflgeptozrgzmmp/Build/Products/Debug-iphonesimulator/FirebaseCoreExtension.o normal (in target 'FirebaseCoreExtension' from project 'Firebase')
    cd /Users/leonardofigueiredo/Library/Developer/Xcode/DerivedData/Ratio-dgukedwfifpyteflgeptozrgzmmp/SourcePackages/checkouts/firebase-ios-sdk
    /Applications/Xcode.app/Contents/Developer/Toolchains/XcodeDefault.xctoolchain/usr/bin/clang -Xlinker -reproducible -target arm64-apple-ios15.0-simulator -r -isysroot /Applications/Xcode.app/Contents/Developer/Platforms/iPhoneSimulator.platform/Developer/SDKs/iPhoneSimulator26.2.sdk -O0 -w -L/Users/leonardofigueiredo/Library/Developer/Xcode/DerivedData/Ratio-dgukedwfifpyteflgeptozrgzmmp/Build/Intermediates.noindex/EagerLinkingTBDs/Debug-iphonesimulator -L/Users/leonardofigueiredo/Library/Developer/Xcode/DerivedData/Ratio-dgukedwfifpyteflgeptozrgzmmp/Build/Products/Debug-iphonesimulator -L/Applications/Xcode.app/Contents/Developer/Platforms/iPhoneSimulator.platform/Developer/usr/lib -F/Users/leonardofigueiredo/Library/Developer/Xcode/DerivedData/Ratio-dgukedwfifpyteflgeptozrgzmmp/Build/Intermediates.noindex/EagerLinkingTBDs/Debug-iphonesimulator -F/Users/leonardofigueiredo/Library/Developer/Xcode/DerivedData/Ratio-dgukedwfifpyteflgeptozrgzmmp/Build/Products/Debug-iphonesimulator -iframework /Applications/Xcode.app/Contents/Developer/Platforms/iPhoneSimulator.platform/Developer/Library/Frameworks -iframework /Applications/Xcode.app/Contents/Developer/Platforms/iPhoneSimulator.platform/Developer/SDKs/iPhoneSimulator26.2.sdk/Developer/Library/Frameworks -filelist /Users/leonardofigueiredo/Library/Developer/Xcode/DerivedData/Ratio-dgukedwfifpyteflgeptozrgzmmp/Build/Intermediates.noindex/Firebase.build/Debug-iphonesimulator/FirebaseCoreExtension.build/Objects-normal/arm64/FirebaseCoreExtension.LinkFileList -nostdlib -Xlinker -object_path_lto -Xlinker /Users/leonardofigueiredo/Library/Developer/Xcode/DerivedData/Ratio-dgukedwfifpyteflgeptozrgzmmp/Build/Intermediates.noindex/Firebase.build/Debug-iphonesimulator/FirebaseCoreExtension.build/Objects-normal/arm64/FirebaseCoreExtension_lto.o -rdynamic -Xlinker -no_deduplicate -Xlinker -objc_abi_version -Xlinker 2 -Xlinker -dependency_info -Xlinker /Users/leonardofigueiredo/Library/Developer/Xcode/DerivedData/Ratio-dgukedwfifpyteflgeptozrgzmmp/Build/Intermediates.noindex/Firebase.build/Debug-iphonesimulator/FirebaseCoreExtension.build/Objects-normal/arm64/FirebaseCoreExtension_dependency_info.dat -fobjc-arc -fobjc-link-runtime -o /Users/leonardofigueiredo/Library/Developer/Xcode/DerivedData/Ratio-dgukedwfifpyteflgeptozrgzmmp/Build/Products/Debug-iphonesimulator/FirebaseCoreExtension.o

RegisterExecutionPolicyException /Users/leonardofigueiredo/Library/Developer/Xcode/DerivedData/Ratio-dgukedwfifpyteflgeptozrgzmmp/Build/Products/Debug-iphonesimulator/FirebaseFirestoreInternalWrapper.o (in target 'FirebaseFirestoreInternalWrapper' from project 'Firebase')
    cd /Users/leonardofigueiredo/Library/Developer/Xcode/DerivedData/Ratio-dgukedwfifpyteflgeptozrgzmmp/SourcePackages/checkouts/firebase-ios-sdk
    builtin-RegisterExecutionPolicyException /Users/leonardofigueiredo/Library/Developer/Xcode/DerivedData/Ratio-dgukedwfifpyteflgeptozrgzmmp/Build/Products/Debug-iphonesimulator/FirebaseFirestoreInternalWrapper.o

RegisterExecutionPolicyException /Users/leonardofigueiredo/Library/Developer/Xcode/DerivedData/Ratio-dgukedwfifpyteflgeptozrgzmmp/Build/Products/Debug-iphonesimulator/FirebaseAppCheckInterop.o (in target 'FirebaseAppCheckInterop' from project 'Firebase')
    cd /Users/leonardofigueiredo/Library/Developer/Xcode/DerivedData/Ratio-dgukedwfifpyteflgeptozrgzmmp/SourcePackages/checkouts/firebase-ios-sdk
    builtin-RegisterExecutionPolicyException /Users/leonardofigueiredo/Library/Developer/Xcode/DerivedData/Ratio-dgukedwfifpyteflgeptozrgzmmp/Build/Products/Debug-iphonesimulator/FirebaseAppCheckInterop.o

RegisterExecutionPolicyException /Users/leonardofigueiredo/Library/Developer/Xcode/DerivedData/Ratio-dgukedwfifpyteflgeptozrgzmmp/Build/Products/Debug-iphonesimulator/Firebase.o (in target 'Firebase' from project 'Firebase')
    cd /Users/leonardofigueiredo/Library/Developer/Xcode/DerivedData/Ratio-dgukedwfifpyteflgeptozrgzmmp/SourcePackages/checkouts/firebase-ios-sdk
    builtin-RegisterExecutionPolicyException /Users/leonardofigueiredo/Library/Developer/Xcode/DerivedData/Ratio-dgukedwfifpyteflgeptozrgzmmp/Build/Products/Debug-iphonesimulator/Firebase.o

Ld /Users/leonardofigueiredo/Library/Developer/Xcode/DerivedData/Ratio-dgukedwfifpyteflgeptozrgzmmp/Build/Products/Debug-iphonesimulator/GoogleUtilities-Environment.o normal (in target 'GoogleUtilities-Environment' from project 'GoogleUtilities')
    cd /Users/leonardofigueiredo/Library/Developer/Xcode/DerivedData/Ratio-dgukedwfifpyteflgeptozrgzmmp/SourcePackages/checkouts/GoogleUtilities
    /Applications/Xcode.app/Contents/Developer/Toolchains/XcodeDefault.xctoolchain/usr/bin/clang -Xlinker -reproducible -target arm64-apple-ios12.0-simulator -r -isysroot /Applications/Xcode.app/Contents/Developer/Platforms/iPhoneSimulator.platform/Developer/SDKs/iPhoneSimulator26.2.sdk -O0 -w -L/Users/leonardofigueiredo/Library/Developer/Xcode/DerivedData/Ratio-dgukedwfifpyteflgeptozrgzmmp/Build/Intermediates.noindex/EagerLinkingTBDs/Debug-iphonesimulator -L/Users/leonardofigueiredo/Library/Developer/Xcode/DerivedData/Ratio-dgukedwfifpyteflgeptozrgzmmp/Build/Products/Debug-iphonesimulator -L/Applications/Xcode.app/Contents/Developer/Platforms/iPhoneSimulator.platform/Developer/usr/lib -F/Users/leonardofigueiredo/Library/Developer/Xcode/DerivedData/Ratio-dgukedwfifpyteflgeptozrgzmmp/Build/Intermediates.noindex/EagerLinkingTBDs/Debug-iphonesimulator -F/Users/leonardofigueiredo/Library/Developer/Xcode/DerivedData/Ratio-dgukedwfifpyteflgeptozrgzmmp/Build/Products/Debug-iphonesimulator/PackageFrameworks -F/Users/leonardofigueiredo/Library/Developer/Xcode/DerivedData/Ratio-dgukedwfifpyteflgeptozrgzmmp/Build/Products/Debug-iphonesimulator -iframework /Applications/Xcode.app/Contents/Developer/Platforms/iPhoneSimulator.platform/Developer/Library/Frameworks -iframework /Applications/Xcode.app/Contents/Developer/Platforms/iPhoneSimulator.platform/Developer/SDKs/iPhoneSimulator26.2.sdk/Developer/Library/Frameworks -filelist /Users/leonardofigueiredo/Library/Developer/Xcode/DerivedData/Ratio-dgukedwfifpyteflgeptozrgzmmp/Build/Intermediates.noindex/GoogleUtilities.build/Debug-iphonesimulator/GoogleUtilities-Environment.build/Objects-normal/arm64/GoogleUtilities-Environment.LinkFileList -nostdlib -Xlinker -object_path_lto -Xlinker /Users/leonardofigueiredo/Library/Developer/Xcode/DerivedData/Ratio-dgukedwfifpyteflgeptozrgzmmp/Build/Intermediates.noindex/GoogleUtilities.build/Debug-iphonesimulator/GoogleUtilities-Environment.build/Objects-normal/arm64/GoogleUtilities-Environment_lto.o -rdynamic -Xlinker -no_deduplicate -Xlinker -objc_abi_version -Xlinker 2 -Xlinker -dependency_info -Xlinker /Users/leonardofigueiredo/Library/Developer/Xcode/DerivedData/Ratio-dgukedwfifpyteflgeptozrgzmmp/Build/Intermediates.noindex/GoogleUtilities.build/Debug-iphonesimulator/GoogleUtilities-Environment.build/Objects-normal/arm64/GoogleUtilities-Environment_dependency_info.dat -fobjc-arc -fobjc-link-runtime -o /Users/leonardofigueiredo/Library/Developer/Xcode/DerivedData/Ratio-dgukedwfifpyteflgeptozrgzmmp/Build/Products/Debug-iphonesimulator/GoogleUtilities-Environment.o

RegisterExecutionPolicyException /Users/leonardofigueiredo/Library/Developer/Xcode/DerivedData/Ratio-dgukedwfifpyteflgeptozrgzmmp/Build/Products/Debug-iphonesimulator/FBLPromises.o (in target 'FBLPromises' from project 'Promises')
    cd /Users/leonardofigueiredo/Library/Developer/Xcode/DerivedData/Ratio-dgukedwfifpyteflgeptozrgzmmp/SourcePackages/checkouts/promises
    builtin-RegisterExecutionPolicyException /Users/leonardofigueiredo/Library/Developer/Xcode/DerivedData/Ratio-dgukedwfifpyteflgeptozrgzmmp/Build/Products/Debug-iphonesimulator/FBLPromises.o

RegisterExecutionPolicyException /Users/leonardofigueiredo/Library/Developer/Xcode/DerivedData/Ratio-dgukedwfifpyteflgeptozrgzmmp/Build/Products/Debug-iphonesimulator/GTMSessionFetcherCore.o (in target 'GTMSessionFetcherCore' from project 'GTMSessionFetcher')
    cd /Users/leonardofigueiredo/Library/Developer/Xcode/DerivedData/Ratio-dgukedwfifpyteflgeptozrgzmmp/SourcePackages/checkouts/gtm-session-fetcher
    builtin-RegisterExecutionPolicyException /Users/leonardofigueiredo/Library/Developer/Xcode/DerivedData/Ratio-dgukedwfifpyteflgeptozrgzmmp/Build/Products/Debug-iphonesimulator/GTMSessionFetcherCore.o

RegisterExecutionPolicyException /Users/leonardofigueiredo/Library/Developer/Xcode/DerivedData/Ratio-dgukedwfifpyteflgeptozrgzmmp/Build/Products/Debug-iphonesimulator/GoogleUtilities-Environment.o (in target 'GoogleUtilities-Environment' from project 'GoogleUtilities')
    cd /Users/leonardofigueiredo/Library/Developer/Xcode/DerivedData/Ratio-dgukedwfifpyteflgeptozrgzmmp/SourcePackages/checkouts/GoogleUtilities
    builtin-RegisterExecutionPolicyException /Users/leonardofigueiredo/Library/Developer/Xcode/DerivedData/Ratio-dgukedwfifpyteflgeptozrgzmmp/Build/Products/Debug-iphonesimulator/GoogleUtilities-Environment.o

Ld /Users/leonardofigueiredo/Library/Developer/Xcode/DerivedData/Ratio-dgukedwfifpyteflgeptozrgzmmp/Build/Products/Debug-iphonesimulator/grpcppWrapper.o normal (in target 'grpcppWrapper' from project 'gRPC')
    cd /Users/leonardofigueiredo/Library/Developer/Xcode/DerivedData/Ratio-dgukedwfifpyteflgeptozrgzmmp/SourcePackages/checkouts/grpc-binary
    /Applications/Xcode.app/Contents/Developer/Toolchains/XcodeDefault.xctoolchain/usr/bin/clang -Xlinker -reproducible -target arm64-apple-ios12.0-simulator -r -isysroot /Applications/Xcode.app/Contents/Developer/Platforms/iPhoneSimulator.platform/Developer/SDKs/iPhoneSimulator26.2.sdk -O0 -w -L/Users/leonardofigueiredo/Library/Developer/Xcode/DerivedData/Ratio-dgukedwfifpyteflgeptozrgzmmp/Build/Intermediates.noindex/EagerLinkingTBDs/Debug-iphonesimulator -L/Users/leonardofigueiredo/Library/Developer/Xcode/DerivedData/Ratio-dgukedwfifpyteflgeptozrgzmmp/Build/Products/Debug-iphonesimulator -L/Applications/Xcode.app/Contents/Developer/Platforms/iPhoneSimulator.platform/Developer/usr/lib -F/Users/leonardofigueiredo/Library/Developer/Xcode/DerivedData/Ratio-dgukedwfifpyteflgeptozrgzmmp/Build/Intermediates.noindex/EagerLinkingTBDs/Debug-iphonesimulator -F/Users/leonardofigueiredo/Library/Developer/Xcode/DerivedData/Ratio-dgukedwfifpyteflgeptozrgzmmp/Build/Products/Debug-iphonesimulator/PackageFrameworks -F/Users/leonardofigueiredo/Library/Developer/Xcode/DerivedData/Ratio-dgukedwfifpyteflgeptozrgzmmp/Build/Products/Debug-iphonesimulator/PackageFrameworks -F/Users/leonardofigueiredo/Library/Developer/Xcode/DerivedData/Ratio-dgukedwfifpyteflgeptozrgzmmp/Build/Products/Debug-iphonesimulator/PackageFrameworks -F/Users/leonardofigueiredo/Library/Developer/Xcode/DerivedData/Ratio-dgukedwfifpyteflgeptozrgzmmp/Build/Products/Debug-iphonesimulator -iframework /Applications/Xcode.app/Contents/Developer/Platforms/iPhoneSimulator.platform/Developer/Library/Frameworks -iframework /Applications/Xcode.app/Contents/Developer/Platforms/iPhoneSimulator.platform/Developer/SDKs/iPhoneSimulator26.2.sdk/Developer/Library/Frameworks -filelist /Users/leonardofigueiredo/Library/Developer/Xcode/DerivedData/Ratio-dgukedwfifpyteflgeptozrgzmmp/Build/Intermediates.noindex/gRPC.build/Debug-iphonesimulator/grpcppWrapper.build/Objects-normal/arm64/grpcppWrapper.LinkFileList -nostdlib -Xlinker -object_path_lto -Xlinker /Users/leonardofigueiredo/Library/Developer/Xcode/DerivedData/Ratio-dgukedwfifpyteflgeptozrgzmmp/Build/Intermediates.noindex/gRPC.build/Debug-iphonesimulator/grpcppWrapper.build/Objects-normal/arm64/grpcppWrapper_lto.o -rdynamic -Xlinker -no_deduplicate -Xlinker -objc_abi_version -Xlinker 2 -Xlinker -dependency_info -Xlinker /Users/leonardofigueiredo/Library/Developer/Xcode/DerivedData/Ratio-dgukedwfifpyteflgeptozrgzmmp/Build/Intermediates.noindex/gRPC.build/Debug-iphonesimulator/grpcppWrapper.build/Objects-normal/arm64/grpcppWrapper_dependency_info.dat -fobjc-arc -fobjc-link-runtime -o /Users/leonardofigueiredo/Library/Developer/Xcode/DerivedData/Ratio-dgukedwfifpyteflgeptozrgzmmp/Build/Products/Debug-iphonesimulator/grpcppWrapper.o

Ld /Users/leonardofigueiredo/Library/Developer/Xcode/DerivedData/Ratio-dgukedwfifpyteflgeptozrgzmmp/Build/Products/Debug-iphonesimulator/FirebaseAuthInternal.o normal (in target 'FirebaseAuthInternal' from project 'Firebase')
    cd /Users/leonardofigueiredo/Library/Developer/Xcode/DerivedData/Ratio-dgukedwfifpyteflgeptozrgzmmp/SourcePackages/checkouts/firebase-ios-sdk
    /Applications/Xcode.app/Contents/Developer/Toolchains/XcodeDefault.xctoolchain/usr/bin/clang -Xlinker -reproducible -target arm64-apple-ios15.0-simulator -r -isysroot /Applications/Xcode.app/Contents/Developer/Platforms/iPhoneSimulator.platform/Developer/SDKs/iPhoneSimulator26.2.sdk -O0 -w -L/Users/leonardofigueiredo/Library/Developer/Xcode/DerivedData/Ratio-dgukedwfifpyteflgeptozrgzmmp/Build/Intermediates.noindex/EagerLinkingTBDs/Debug-iphonesimulator -L/Users/leonardofigueiredo/Library/Developer/Xcode/DerivedData/Ratio-dgukedwfifpyteflgeptozrgzmmp/Build/Products/Debug-iphonesimulator -L/Applications/Xcode.app/Contents/Developer/Platforms/iPhoneSimulator.platform/Developer/usr/lib -F/Users/leonardofigueiredo/Library/Developer/Xcode/DerivedData/Ratio-dgukedwfifpyteflgeptozrgzmmp/Build/Intermediates.noindex/EagerLinkingTBDs/Debug-iphonesimulator -F/Users/leonardofigueiredo/Library/Developer/Xcode/DerivedData/Ratio-dgukedwfifpyteflgeptozrgzmmp/Build/Products/Debug-iphonesimulator/PackageFrameworks -F/Users/leonardofigueiredo/Library/Developer/Xcode/DerivedData/Ratio-dgukedwfifpyteflgeptozrgzmmp/Build/Products/Debug-iphonesimulator -iframework /Applications/Xcode.app/Contents/Developer/Platforms/iPhoneSimulator.platform/Developer/Library/Frameworks -iframework /Applications/Xcode.app/Contents/Developer/Platforms/iPhoneSimulator.platform/Developer/SDKs/iPhoneSimulator26.2.sdk/Developer/Library/Frameworks -filelist /Users/leonardofigueiredo/Library/Developer/Xcode/DerivedData/Ratio-dgukedwfifpyteflgeptozrgzmmp/Build/Intermediates.noindex/Firebase.build/Debug-iphonesimulator/FirebaseAuthInternal.build/Objects-normal/arm64/FirebaseAuthInternal.LinkFileList -nostdlib -Xlinker -object_path_lto -Xlinker /Users/leonardofigueiredo/Library/Developer/Xcode/DerivedData/Ratio-dgukedwfifpyteflgeptozrgzmmp/Build/Intermediates.noindex/Firebase.build/Debug-iphonesimulator/FirebaseAuthInternal.build/Objects-normal/arm64/FirebaseAuthInternal_lto.o -rdynamic -Xlinker -no_deduplicate -Xlinker -objc_abi_version -Xlinker 2 -Xlinker -dependency_info -Xlinker /Users/leonardofigueiredo/Library/Developer/Xcode/DerivedData/Ratio-dgukedwfifpyteflgeptozrgzmmp/Build/Intermediates.noindex/Firebase.build/Debug-iphonesimulator/FirebaseAuthInternal.build/Objects-normal/arm64/FirebaseAuthInternal_dependency_info.dat -fobjc-arc -fobjc-link-runtime -o /Users/leonardofigueiredo/Library/Developer/Xcode/DerivedData/Ratio-dgukedwfifpyteflgeptozrgzmmp/Build/Products/Debug-iphonesimulator/FirebaseAuthInternal.o

Ld /Users/leonardofigueiredo/Library/Developer/Xcode/DerivedData/Ratio-dgukedwfifpyteflgeptozrgzmmp/Build/Products/Debug-iphonesimulator/FirebaseCoreInternal.o normal (in target 'FirebaseCoreInternal' from project 'Firebase')
    cd /Users/leonardofigueiredo/Library/Developer/Xcode/DerivedData/Ratio-dgukedwfifpyteflgeptozrgzmmp/SourcePackages/checkouts/firebase-ios-sdk
    /Applications/Xcode.app/Contents/Developer/Toolchains/XcodeDefault.xctoolchain/usr/bin/clang -Xlinker -reproducible -target arm64-apple-ios15.0-simulator -r -isysroot /Applications/Xcode.app/Contents/Developer/Platforms/iPhoneSimulator.platform/Developer/SDKs/iPhoneSimulator26.2.sdk -O0 -w -L/Users/leonardofigueiredo/Library/Developer/Xcode/DerivedData/Ratio-dgukedwfifpyteflgeptozrgzmmp/Build/Intermediates.noindex/EagerLinkingTBDs/Debug-iphonesimulator -L/Users/leonardofigueiredo/Library/Developer/Xcode/DerivedData/Ratio-dgukedwfifpyteflgeptozrgzmmp/Build/Products/Debug-iphonesimulator -L/Applications/Xcode.app/Contents/Developer/Platforms/iPhoneSimulator.platform/Developer/usr/lib -F/Users/leonardofigueiredo/Library/Developer/Xcode/DerivedData/Ratio-dgukedwfifpyteflgeptozrgzmmp/Build/Intermediates.noindex/EagerLinkingTBDs/Debug-iphonesimulator -F/Users/leonardofigueiredo/Library/Developer/Xcode/DerivedData/Ratio-dgukedwfifpyteflgeptozrgzmmp/Build/Products/Debug-iphonesimulator/PackageFrameworks -F/Users/leonardofigueiredo/Library/Developer/Xcode/DerivedData/Ratio-dgukedwfifpyteflgeptozrgzmmp/Build/Products/Debug-iphonesimulator -iframework /Applications/Xcode.app/Contents/Developer/Platforms/iPhoneSimulator.platform/Developer/Library/Frameworks -iframework /Applications/Xcode.app/Contents/Developer/Platforms/iPhoneSimulator.platform/Developer/SDKs/iPhoneSimulator26.2.sdk/Developer/Library/Frameworks -filelist /Users/leonardofigueiredo/Library/Developer/Xcode/DerivedData/Ratio-dgukedwfifpyteflgeptozrgzmmp/Build/Intermediates.noindex/Firebase.build/Debug-iphonesimulator/FirebaseCoreInternal.build/Objects-normal/arm64/FirebaseCoreInternal.LinkFileList -nostdlib -Xlinker -object_path_lto -Xlinker /Users/leonardofigueiredo/Library/Developer/Xcode/DerivedData/Ratio-dgukedwfifpyteflgeptozrgzmmp/Build/Intermediates.noindex/Firebase.build/Debug-iphonesimulator/FirebaseCoreInternal.build/Objects-normal/arm64/FirebaseCoreInternal_lto.o -rdynamic -Xlinker -no_deduplicate -Xlinker -objc_abi_version -Xlinker 2 -Xlinker -dependency_info -Xlinker /Users/leonardofigueiredo/Library/Developer/Xcode/DerivedData/Ratio-dgukedwfifpyteflgeptozrgzmmp/Build/Intermediates.noindex/Firebase.build/Debug-iphonesimulator/FirebaseCoreInternal.build/Objects-normal/arm64/FirebaseCoreInternal_dependency_info.dat -fobjc-link-runtime -L/Applications/Xcode.app/Contents/Developer/Toolchains/XcodeDefault.xctoolchain/usr/lib/swift/iphonesimulator -L/usr/lib/swift -Xlinker -add_ast_path -Xlinker /Users/leonardofigueiredo/Library/Developer/Xcode/DerivedData/Ratio-dgukedwfifpyteflgeptozrgzmmp/Build/Intermediates.noindex/Firebase.build/Debug-iphonesimulator/FirebaseCoreInternal.build/Objects-normal/arm64/FirebaseCoreInternal.swiftmodule @/Users/leonardofigueiredo/Library/Developer/Xcode/DerivedData/Ratio-dgukedwfifpyteflgeptozrgzmmp/Build/Intermediates.noindex/Firebase.build/Debug-iphonesimulator/FirebaseCoreInternal.build/Objects-normal/arm64/FirebaseCoreInternal-linker-args.resp -o /Users/leonardofigueiredo/Library/Developer/Xcode/DerivedData/Ratio-dgukedwfifpyteflgeptozrgzmmp/Build/Products/Debug-iphonesimulator/FirebaseCoreInternal.o

RegisterExecutionPolicyException /Users/leonardofigueiredo/Library/Developer/Xcode/DerivedData/Ratio-dgukedwfifpyteflgeptozrgzmmp/Build/Products/Debug-iphonesimulator/grpcppWrapper.o (in target 'grpcppWrapper' from project 'gRPC')
    cd /Users/leonardofigueiredo/Library/Developer/Xcode/DerivedData/Ratio-dgukedwfifpyteflgeptozrgzmmp/SourcePackages/checkouts/grpc-binary
    builtin-RegisterExecutionPolicyException /Users/leonardofigueiredo/Library/Developer/Xcode/DerivedData/Ratio-dgukedwfifpyteflgeptozrgzmmp/Build/Products/Debug-iphonesimulator/grpcppWrapper.o

RegisterExecutionPolicyException /Users/leonardofigueiredo/Library/Developer/Xcode/DerivedData/Ratio-dgukedwfifpyteflgeptozrgzmmp/Build/Products/Debug-iphonesimulator/FirebaseAuthInterop.o (in target 'FirebaseAuthInterop' from project 'Firebase')
    cd /Users/leonardofigueiredo/Library/Developer/Xcode/DerivedData/Ratio-dgukedwfifpyteflgeptozrgzmmp/SourcePackages/checkouts/firebase-ios-sdk
    builtin-RegisterExecutionPolicyException /Users/leonardofigueiredo/Library/Developer/Xcode/DerivedData/Ratio-dgukedwfifpyteflgeptozrgzmmp/Build/Products/Debug-iphonesimulator/FirebaseAuthInterop.o

ExtractAppIntentsMetadata (in target 'FirebaseCoreInternal' from project 'Firebase')
    cd /Users/leonardofigueiredo/Library/Developer/Xcode/DerivedData/Ratio-dgukedwfifpyteflgeptozrgzmmp/SourcePackages/checkouts/firebase-ios-sdk
    /Applications/Xcode.app/Contents/Developer/Toolchains/XcodeDefault.xctoolchain/usr/bin/appintentsmetadataprocessor --toolchain-dir /Applications/Xcode.app/Contents/Developer/Toolchains/XcodeDefault.xctoolchain --module-name FirebaseCoreInternal --sdk-root /Applications/Xcode.app/Contents/Developer/Platforms/iPhoneSimulator.platform/Developer/SDKs/iPhoneSimulator26.2.sdk --xcode-version 17C52 --platform-family iOS --deployment-target 15.0 --bundle-identifier firebase-ios-sdk.FirebaseCoreInternal --output /Users/leonardofigueiredo/Library/Developer/Xcode/DerivedData/Ratio-dgukedwfifpyteflgeptozrgzmmp/Build/Products/Debug-iphonesimulator/FirebaseCoreInternal.appintents --target-triple arm64-apple-ios15.0-simulator --binary-file /Users/leonardofigueiredo/Library/Developer/Xcode/DerivedData/Ratio-dgukedwfifpyteflgeptozrgzmmp/Build/Products/Debug-iphonesimulator/FirebaseCoreInternal.o --dependency-file /Users/leonardofigueiredo/Library/Developer/Xcode/DerivedData/Ratio-dgukedwfifpyteflgeptozrgzmmp/Build/Intermediates.noindex/Firebase.build/Debug-iphonesimulator/FirebaseCoreInternal.build/Objects-normal/arm64/FirebaseCoreInternal_dependency_info.dat --stringsdata-file /Users/leonardofigueiredo/Library/Developer/Xcode/DerivedData/Ratio-dgukedwfifpyteflgeptozrgzmmp/Build/Intermediates.noindex/Firebase.build/Debug-iphonesimulator/FirebaseCoreInternal.build/Objects-normal/arm64/ExtractedAppShortcutsMetadata.stringsdata --source-file-list /Users/leonardofigueiredo/Library/Developer/Xcode/DerivedData/Ratio-dgukedwfifpyteflgeptozrgzmmp/Build/Intermediates.noindex/Firebase.build/Debug-iphonesimulator/FirebaseCoreInternal.build/Objects-normal/arm64/FirebaseCoreInternal.SwiftFileList --metadata-file-list /Users/leonardofigueiredo/Library/Developer/Xcode/DerivedData/Ratio-dgukedwfifpyteflgeptozrgzmmp/Build/Intermediates.noindex/Firebase.build/Debug-iphonesimulator/FirebaseCoreInternal.build/FirebaseCoreInternal.DependencyMetadataFileList --static-metadata-file-list /Users/leonardofigueiredo/Library/Developer/Xcode/DerivedData/Ratio-dgukedwfifpyteflgeptozrgzmmp/Build/Intermediates.noindex/Firebase.build/Debug-iphonesimulator/FirebaseCoreInternal.build/FirebaseCoreInternal.DependencyStaticMetadataFileList --swift-const-vals-list /Users/leonardofigueiredo/Library/Developer/Xcode/DerivedData/Ratio-dgukedwfifpyteflgeptozrgzmmp/Build/Intermediates.noindex/Firebase.build/Debug-iphonesimulator/FirebaseCoreInternal.build/Objects-normal/arm64/FirebaseCoreInternal.SwiftConstValuesFileList --force --compile-time-extraction --deployment-aware-processing --validate-assistant-intents --no-app-shortcuts-localization
2026-01-12 11:25:42.410 appintentsmetadataprocessor[77532:1421878] Starting appintentsmetadataprocessor export
2026-01-12 11:25:42.492 appintentsmetadataprocessor[77532:1421878] Extracted no relevant App Intents symbols, skipping writing output

Ld /Users/leonardofigueiredo/Library/Developer/Xcode/DerivedData/Ratio-dgukedwfifpyteflgeptozrgzmmp/Build/Products/Debug-iphonesimulator/Promises.o normal (in target 'Promises' from project 'Promises')
    cd /Users/leonardofigueiredo/Library/Developer/Xcode/DerivedData/Ratio-dgukedwfifpyteflgeptozrgzmmp/SourcePackages/checkouts/promises
    /Applications/Xcode.app/Contents/Developer/Toolchains/XcodeDefault.xctoolchain/usr/bin/clang -Xlinker -reproducible -target arm64-apple-ios12.0-simulator -r -isysroot /Applications/Xcode.app/Contents/Developer/Platforms/iPhoneSimulator.platform/Developer/SDKs/iPhoneSimulator26.2.sdk -O0 -w -L/Users/leonardofigueiredo/Library/Developer/Xcode/DerivedData/Ratio-dgukedwfifpyteflgeptozrgzmmp/Build/Intermediates.noindex/EagerLinkingTBDs/Debug-iphonesimulator -L/Users/leonardofigueiredo/Library/Developer/Xcode/DerivedData/Ratio-dgukedwfifpyteflgeptozrgzmmp/Build/Products/Debug-iphonesimulator -L/Applications/Xcode.app/Contents/Developer/Platforms/iPhoneSimulator.platform/Developer/usr/lib -F/Users/leonardofigueiredo/Library/Developer/Xcode/DerivedData/Ratio-dgukedwfifpyteflgeptozrgzmmp/Build/Intermediates.noindex/EagerLinkingTBDs/Debug-iphonesimulator -F/Users/leonardofigueiredo/Library/Developer/Xcode/DerivedData/Ratio-dgukedwfifpyteflgeptozrgzmmp/Build/Products/Debug-iphonesimulator/PackageFrameworks -F/Users/leonardofigueiredo/Library/Developer/Xcode/DerivedData/Ratio-dgukedwfifpyteflgeptozrgzmmp/Build/Products/Debug-iphonesimulator -iframework /Applications/Xcode.app/Contents/Developer/Platforms/iPhoneSimulator.platform/Developer/Library/Frameworks -iframework /Applications/Xcode.app/Contents/Developer/Platforms/iPhoneSimulator.platform/Developer/SDKs/iPhoneSimulator26.2.sdk/Developer/Library/Frameworks -filelist /Users/leonardofigueiredo/Library/Developer/Xcode/DerivedData/Ratio-dgukedwfifpyteflgeptozrgzmmp/Build/Intermediates.noindex/Promises.build/Debug-iphonesimulator/Promises.build/Objects-normal/arm64/Promises.LinkFileList -nostdlib -Xlinker -object_path_lto -Xlinker /Users/leonardofigueiredo/Library/Developer/Xcode/DerivedData/Ratio-dgukedwfifpyteflgeptozrgzmmp/Build/Intermediates.noindex/Promises.build/Debug-iphonesimulator/Promises.build/Objects-normal/arm64/Promises_lto.o -rdynamic -Xlinker -no_deduplicate -Xlinker -objc_abi_version -Xlinker 2 -Xlinker -dependency_info -Xlinker /Users/leonardofigueiredo/Library/Developer/Xcode/DerivedData/Ratio-dgukedwfifpyteflgeptozrgzmmp/Build/Intermediates.noindex/Promises.build/Debug-iphonesimulator/Promises.build/Objects-normal/arm64/Promises_dependency_info.dat -fobjc-link-runtime -L/Applications/Xcode.app/Contents/Developer/Toolchains/XcodeDefault.xctoolchain/usr/lib/swift/iphonesimulator -L/usr/lib/swift -Xlinker -add_ast_path -Xlinker /Users/leonardofigueiredo/Library/Developer/Xcode/DerivedData/Ratio-dgukedwfifpyteflgeptozrgzmmp/Build/Intermediates.noindex/Promises.build/Debug-iphonesimulator/Promises.build/Objects-normal/arm64/Promises.swiftmodule @/Users/leonardofigueiredo/Library/Developer/Xcode/DerivedData/Ratio-dgukedwfifpyteflgeptozrgzmmp/Build/Intermediates.noindex/Promises.build/Debug-iphonesimulator/Promises.build/Objects-normal/arm64/Promises-linker-args.resp -o /Users/leonardofigueiredo/Library/Developer/Xcode/DerivedData/Ratio-dgukedwfifpyteflgeptozrgzmmp/Build/Products/Debug-iphonesimulator/Promises.o

Ld /Users/leonardofigueiredo/Library/Developer/Xcode/DerivedData/Ratio-dgukedwfifpyteflgeptozrgzmmp/Build/Products/Debug-iphonesimulator/GoogleDataTransport.o normal (in target 'GoogleDataTransport' from project 'GoogleDataTransport')
    cd /Users/leonardofigueiredo/Library/Developer/Xcode/DerivedData/Ratio-dgukedwfifpyteflgeptozrgzmmp/SourcePackages/checkouts/GoogleDataTransport
    /Applications/Xcode.app/Contents/Developer/Toolchains/XcodeDefault.xctoolchain/usr/bin/clang -Xlinker -reproducible -target arm64-apple-ios12.0-simulator -r -isysroot /Applications/Xcode.app/Contents/Developer/Platforms/iPhoneSimulator.platform/Developer/SDKs/iPhoneSimulator26.2.sdk -O0 -w -L/Users/leonardofigueiredo/Library/Developer/Xcode/DerivedData/Ratio-dgukedwfifpyteflgeptozrgzmmp/Build/Intermediates.noindex/EagerLinkingTBDs/Debug-iphonesimulator -L/Users/leonardofigueiredo/Library/Developer/Xcode/DerivedData/Ratio-dgukedwfifpyteflgeptozrgzmmp/Build/Products/Debug-iphonesimulator -L/Applications/Xcode.app/Contents/Developer/Platforms/iPhoneSimulator.platform/Developer/usr/lib -F/Users/leonardofigueiredo/Library/Developer/Xcode/DerivedData/Ratio-dgukedwfifpyteflgeptozrgzmmp/Build/Intermediates.noindex/EagerLinkingTBDs/Debug-iphonesimulator -F/Users/leonardofigueiredo/Library/Developer/Xcode/DerivedData/Ratio-dgukedwfifpyteflgeptozrgzmmp/Build/Products/Debug-iphonesimulator/PackageFrameworks -F/Users/leonardofigueiredo/Library/Developer/Xcode/DerivedData/Ratio-dgukedwfifpyteflgeptozrgzmmp/Build/Products/Debug-iphonesimulator/PackageFrameworks -F/Users/leonardofigueiredo/Library/Developer/Xcode/DerivedData/Ratio-dgukedwfifpyteflgeptozrgzmmp/Build/Products/Debug-iphonesimulator -iframework /Applications/Xcode.app/Contents/Developer/Platforms/iPhoneSimulator.platform/Developer/Library/Frameworks -iframework /Applications/Xcode.app/Contents/Developer/Platforms/iPhoneSimulator.platform/Developer/SDKs/iPhoneSimulator26.2.sdk/Developer/Library/Frameworks -filelist /Users/leonardofigueiredo/Library/Developer/Xcode/DerivedData/Ratio-dgukedwfifpyteflgeptozrgzmmp/Build/Intermediates.noindex/GoogleDataTransport.build/Debug-iphonesimulator/GoogleDataTransport.build/Objects-normal/arm64/GoogleDataTransport.LinkFileList -nostdlib -Xlinker -object_path_lto -Xlinker /Users/leonardofigueiredo/Library/Developer/Xcode/DerivedData/Ratio-dgukedwfifpyteflgeptozrgzmmp/Build/Intermediates.noindex/GoogleDataTransport.build/Debug-iphonesimulator/GoogleDataTransport.build/Objects-normal/arm64/GoogleDataTransport_lto.o -rdynamic -Xlinker -no_deduplicate -Xlinker -objc_abi_version -Xlinker 2 -Xlinker -dependency_info -Xlinker /Users/leonardofigueiredo/Library/Developer/Xcode/DerivedData/Ratio-dgukedwfifpyteflgeptozrgzmmp/Build/Intermediates.noindex/GoogleDataTransport.build/Debug-iphonesimulator/GoogleDataTransport.build/Objects-normal/arm64/GoogleDataTransport_dependency_info.dat -fobjc-arc -fobjc-link-runtime -o /Users/leonardofigueiredo/Library/Developer/Xcode/DerivedData/Ratio-dgukedwfifpyteflgeptozrgzmmp/Build/Products/Debug-iphonesimulator/GoogleDataTransport.o

Ld /Users/leonardofigueiredo/Library/Developer/Xcode/DerivedData/Ratio-dgukedwfifpyteflgeptozrgzmmp/Build/Products/Debug-iphonesimulator/GoogleUtilities-Logger.o normal (in target 'GoogleUtilities-Logger' from project 'GoogleUtilities')
    cd /Users/leonardofigueiredo/Library/Developer/Xcode/DerivedData/Ratio-dgukedwfifpyteflgeptozrgzmmp/SourcePackages/checkouts/GoogleUtilities
    /Applications/Xcode.app/Contents/Developer/Toolchains/XcodeDefault.xctoolchain/usr/bin/clang -Xlinker -reproducible -target arm64-apple-ios12.0-simulator -r -isysroot /Applications/Xcode.app/Contents/Developer/Platforms/iPhoneSimulator.platform/Developer/SDKs/iPhoneSimulator26.2.sdk -O0 -w -L/Users/leonardofigueiredo/Library/Developer/Xcode/DerivedData/Ratio-dgukedwfifpyteflgeptozrgzmmp/Build/Intermediates.noindex/EagerLinkingTBDs/Debug-iphonesimulator -L/Users/leonardofigueiredo/Library/Developer/Xcode/DerivedData/Ratio-dgukedwfifpyteflgeptozrgzmmp/Build/Products/Debug-iphonesimulator -L/Applications/Xcode.app/Contents/Developer/Platforms/iPhoneSimulator.platform/Developer/usr/lib -F/Users/leonardofigueiredo/Library/Developer/Xcode/DerivedData/Ratio-dgukedwfifpyteflgeptozrgzmmp/Build/Intermediates.noindex/EagerLinkingTBDs/Debug-iphonesimulator -F/Users/leonardofigueiredo/Library/Developer/Xcode/DerivedData/Ratio-dgukedwfifpyteflgeptozrgzmmp/Build/Products/Debug-iphonesimulator/PackageFrameworks -F/Users/leonardofigueiredo/Library/Developer/Xcode/DerivedData/Ratio-dgukedwfifpyteflgeptozrgzmmp/Build/Products/Debug-iphonesimulator/PackageFrameworks -F/Users/leonardofigueiredo/Library/Developer/Xcode/DerivedData/Ratio-dgukedwfifpyteflgeptozrgzmmp/Build/Products/Debug-iphonesimulator -iframework /Applications/Xcode.app/Contents/Developer/Platforms/iPhoneSimulator.platform/Developer/Library/Frameworks -iframework /Applications/Xcode.app/Contents/Developer/Platforms/iPhoneSimulator.platform/Developer/SDKs/iPhoneSimulator26.2.sdk/Developer/Library/Frameworks -filelist /Users/leonardofigueiredo/Library/Developer/Xcode/DerivedData/Ratio-dgukedwfifpyteflgeptozrgzmmp/Build/Intermediates.noindex/GoogleUtilities.build/Debug-iphonesimulator/GoogleUtilities-Logger.build/Objects-normal/arm64/GoogleUtilities-Logger.LinkFileList -nostdlib -Xlinker -object_path_lto -Xlinker /Users/leonardofigueiredo/Library/Developer/Xcode/DerivedData/Ratio-dgukedwfifpyteflgeptozrgzmmp/Build/Intermediates.noindex/GoogleUtilities.build/Debug-iphonesimulator/GoogleUtilities-Logger.build/Objects-normal/arm64/GoogleUtilities-Logger_lto.o -rdynamic -Xlinker -no_deduplicate -Xlinker -objc_abi_version -Xlinker 2 -Xlinker -dependency_info -Xlinker /Users/leonardofigueiredo/Library/Developer/Xcode/DerivedData/Ratio-dgukedwfifpyteflgeptozrgzmmp/Build/Intermediates.noindex/GoogleUtilities.build/Debug-iphonesimulator/GoogleUtilities-Logger.build/Objects-normal/arm64/GoogleUtilities-Logger_dependency_info.dat -fobjc-arc -fobjc-link-runtime -o /Users/leonardofigueiredo/Library/Developer/Xcode/DerivedData/Ratio-dgukedwfifpyteflgeptozrgzmmp/Build/Products/Debug-iphonesimulator/GoogleUtilities-Logger.o

ExtractAppIntentsMetadata (in target 'Promises' from project 'Promises')
    cd /Users/leonardofigueiredo/Library/Developer/Xcode/DerivedData/Ratio-dgukedwfifpyteflgeptozrgzmmp/SourcePackages/checkouts/promises
    /Applications/Xcode.app/Contents/Developer/Toolchains/XcodeDefault.xctoolchain/usr/bin/appintentsmetadataprocessor --toolchain-dir /Applications/Xcode.app/Contents/Developer/Toolchains/XcodeDefault.xctoolchain --module-name Promises --sdk-root /Applications/Xcode.app/Contents/Developer/Platforms/iPhoneSimulator.platform/Developer/SDKs/iPhoneSimulator26.2.sdk --xcode-version 17C52 --platform-family iOS --deployment-target 12.0 --bundle-identifier promises.Promises --output /Users/leonardofigueiredo/Library/Developer/Xcode/DerivedData/Ratio-dgukedwfifpyteflgeptozrgzmmp/Build/Products/Debug-iphonesimulator/Promises.appintents --target-triple arm64-apple-ios12.0-simulator --binary-file /Users/leonardofigueiredo/Library/Developer/Xcode/DerivedData/Ratio-dgukedwfifpyteflgeptozrgzmmp/Build/Products/Debug-iphonesimulator/Promises.o --dependency-file /Users/leonardofigueiredo/Library/Developer/Xcode/DerivedData/Ratio-dgukedwfifpyteflgeptozrgzmmp/Build/Intermediates.noindex/Promises.build/Debug-iphonesimulator/Promises.build/Objects-normal/arm64/Promises_dependency_info.dat --stringsdata-file /Users/leonardofigueiredo/Library/Developer/Xcode/DerivedData/Ratio-dgukedwfifpyteflgeptozrgzmmp/Build/Intermediates.noindex/Promises.build/Debug-iphonesimulator/Promises.build/Objects-normal/arm64/ExtractedAppShortcutsMetadata.stringsdata --source-file-list /Users/leonardofigueiredo/Library/Developer/Xcode/DerivedData/Ratio-dgukedwfifpyteflgeptozrgzmmp/Build/Intermediates.noindex/Promises.build/Debug-iphonesimulator/Promises.build/Objects-normal/arm64/Promises.SwiftFileList --metadata-file-list /Users/leonardofigueiredo/Library/Developer/Xcode/DerivedData/Ratio-dgukedwfifpyteflgeptozrgzmmp/Build/Intermediates.noindex/Promises.build/Debug-iphonesimulator/Promises.build/Promises.DependencyMetadataFileList --static-metadata-file-list /Users/leonardofigueiredo/Library/Developer/Xcode/DerivedData/Ratio-dgukedwfifpyteflgeptozrgzmmp/Build/Intermediates.noindex/Promises.build/Debug-iphonesimulator/Promises.build/Promises.DependencyStaticMetadataFileList --swift-const-vals-list /Users/leonardofigueiredo/Library/Developer/Xcode/DerivedData/Ratio-dgukedwfifpyteflgeptozrgzmmp/Build/Intermediates.noindex/Promises.build/Debug-iphonesimulator/Promises.build/Objects-normal/arm64/Promises.SwiftConstValuesFileList --force --compile-time-extraction --deployment-aware-processing --validate-assistant-intents --no-app-shortcuts-localization
2026-01-12 11:25:42.445 appintentsmetadataprocessor[77539:1421911] Starting appintentsmetadataprocessor export
2026-01-12 11:25:42.517 appintentsmetadataprocessor[77539:1421911] Extracted no relevant App Intents symbols, skipping writing output

RegisterExecutionPolicyException /Users/leonardofigueiredo/Library/Developer/Xcode/DerivedData/Ratio-dgukedwfifpyteflgeptozrgzmmp/Build/Products/Debug-iphonesimulator/GoogleDataTransport.o (in target 'GoogleDataTransport' from project 'GoogleDataTransport')
    cd /Users/leonardofigueiredo/Library/Developer/Xcode/DerivedData/Ratio-dgukedwfifpyteflgeptozrgzmmp/SourcePackages/checkouts/GoogleDataTransport
    builtin-RegisterExecutionPolicyException /Users/leonardofigueiredo/Library/Developer/Xcode/DerivedData/Ratio-dgukedwfifpyteflgeptozrgzmmp/Build/Products/Debug-iphonesimulator/GoogleDataTransport.o

RegisterExecutionPolicyException /Users/leonardofigueiredo/Library/Developer/Xcode/DerivedData/Ratio-dgukedwfifpyteflgeptozrgzmmp/Build/Products/Debug-iphonesimulator/FirebaseAuthInternal.o (in target 'FirebaseAuthInternal' from project 'Firebase')
    cd /Users/leonardofigueiredo/Library/Developer/Xcode/DerivedData/Ratio-dgukedwfifpyteflgeptozrgzmmp/SourcePackages/checkouts/firebase-ios-sdk
    builtin-RegisterExecutionPolicyException /Users/leonardofigueiredo/Library/Developer/Xcode/DerivedData/Ratio-dgukedwfifpyteflgeptozrgzmmp/Build/Products/Debug-iphonesimulator/FirebaseAuthInternal.o

RegisterExecutionPolicyException /Users/leonardofigueiredo/Library/Developer/Xcode/DerivedData/Ratio-dgukedwfifpyteflgeptozrgzmmp/Build/Products/Debug-iphonesimulator/GoogleUtilities-Logger.o (in target 'GoogleUtilities-Logger' from project 'GoogleUtilities')
    cd /Users/leonardofigueiredo/Library/Developer/Xcode/DerivedData/Ratio-dgukedwfifpyteflgeptozrgzmmp/SourcePackages/checkouts/GoogleUtilities
    builtin-RegisterExecutionPolicyException /Users/leonardofigueiredo/Library/Developer/Xcode/DerivedData/Ratio-dgukedwfifpyteflgeptozrgzmmp/Build/Products/Debug-iphonesimulator/GoogleUtilities-Logger.o

RegisterExecutionPolicyException /Users/leonardofigueiredo/Library/Developer/Xcode/DerivedData/Ratio-dgukedwfifpyteflgeptozrgzmmp/Build/Products/Debug-iphonesimulator/FirebaseRemoteConfigInterop.o (in target 'FirebaseRemoteConfigInterop' from project 'Firebase')
    cd /Users/leonardofigueiredo/Library/Developer/Xcode/DerivedData/Ratio-dgukedwfifpyteflgeptozrgzmmp/SourcePackages/checkouts/firebase-ios-sdk
    builtin-RegisterExecutionPolicyException /Users/leonardofigueiredo/Library/Developer/Xcode/DerivedData/Ratio-dgukedwfifpyteflgeptozrgzmmp/Build/Products/Debug-iphonesimulator/FirebaseRemoteConfigInterop.o

Ld /Users/leonardofigueiredo/Library/Developer/Xcode/DerivedData/Ratio-dgukedwfifpyteflgeptozrgzmmp/Build/Products/Debug-iphonesimulator/GoogleUtilities-UserDefaults.o normal (in target 'GoogleUtilities-UserDefaults' from project 'GoogleUtilities')
    cd /Users/leonardofigueiredo/Library/Developer/Xcode/DerivedData/Ratio-dgukedwfifpyteflgeptozrgzmmp/SourcePackages/checkouts/GoogleUtilities
    /Applications/Xcode.app/Contents/Developer/Toolchains/XcodeDefault.xctoolchain/usr/bin/clang -Xlinker -reproducible -target arm64-apple-ios12.0-simulator -r -isysroot /Applications/Xcode.app/Contents/Developer/Platforms/iPhoneSimulator.platform/Developer/SDKs/iPhoneSimulator26.2.sdk -O0 -w -L/Users/leonardofigueiredo/Library/Developer/Xcode/DerivedData/Ratio-dgukedwfifpyteflgeptozrgzmmp/Build/Intermediates.noindex/EagerLinkingTBDs/Debug-iphonesimulator -L/Users/leonardofigueiredo/Library/Developer/Xcode/DerivedData/Ratio-dgukedwfifpyteflgeptozrgzmmp/Build/Products/Debug-iphonesimulator -L/Applications/Xcode.app/Contents/Developer/Platforms/iPhoneSimulator.platform/Developer/usr/lib -F/Users/leonardofigueiredo/Library/Developer/Xcode/DerivedData/Ratio-dgukedwfifpyteflgeptozrgzmmp/Build/Intermediates.noindex/EagerLinkingTBDs/Debug-iphonesimulator -F/Users/leonardofigueiredo/Library/Developer/Xcode/DerivedData/Ratio-dgukedwfifpyteflgeptozrgzmmp/Build/Products/Debug-iphonesimulator/PackageFrameworks -F/Users/leonardofigueiredo/Library/Developer/Xcode/DerivedData/Ratio-dgukedwfifpyteflgeptozrgzmmp/Build/Products/Debug-iphonesimulator/PackageFrameworks -F/Users/leonardofigueiredo/Library/Developer/Xcode/DerivedData/Ratio-dgukedwfifpyteflgeptozrgzmmp/Build/Products/Debug-iphonesimulator/PackageFrameworks -F/Users/leonardofigueiredo/Library/Developer/Xcode/DerivedData/Ratio-dgukedwfifpyteflgeptozrgzmmp/Build/Products/Debug-iphonesimulator -iframework /Applications/Xcode.app/Contents/Developer/Platforms/iPhoneSimulator.platform/Developer/Library/Frameworks -iframework /Applications/Xcode.app/Contents/Developer/Platforms/iPhoneSimulator.platform/Developer/SDKs/iPhoneSimulator26.2.sdk/Developer/Library/Frameworks -filelist /Users/leonardofigueiredo/Library/Developer/Xcode/DerivedData/Ratio-dgukedwfifpyteflgeptozrgzmmp/Build/Intermediates.noindex/GoogleUtilities.build/Debug-iphonesimulator/GoogleUtilities-UserDefaults.build/Objects-normal/arm64/GoogleUtilities-UserDefaults.LinkFileList -nostdlib -Xlinker -object_path_lto -Xlinker /Users/leonardofigueiredo/Library/Developer/Xcode/DerivedData/Ratio-dgukedwfifpyteflgeptozrgzmmp/Build/Intermediates.noindex/GoogleUtilities.build/Debug-iphonesimulator/GoogleUtilities-UserDefaults.build/Objects-normal/arm64/GoogleUtilities-UserDefaults_lto.o -rdynamic -Xlinker -no_deduplicate -Xlinker -objc_abi_version -Xlinker 2 -Xlinker -dependency_info -Xlinker /Users/leonardofigueiredo/Library/Developer/Xcode/DerivedData/Ratio-dgukedwfifpyteflgeptozrgzmmp/Build/Intermediates.noindex/GoogleUtilities.build/Debug-iphonesimulator/GoogleUtilities-UserDefaults.build/Objects-normal/arm64/GoogleUtilities-UserDefaults_dependency_info.dat -fobjc-arc -fobjc-link-runtime -o /Users/leonardofigueiredo/Library/Developer/Xcode/DerivedData/Ratio-dgukedwfifpyteflgeptozrgzmmp/Build/Products/Debug-iphonesimulator/GoogleUtilities-UserDefaults.o

Ld /Users/leonardofigueiredo/Library/Developer/Xcode/DerivedData/Ratio-dgukedwfifpyteflgeptozrgzmmp/Build/Products/Debug-iphonesimulator/GoogleUtilities-Reachability.o normal (in target 'GoogleUtilities-Reachability' from project 'GoogleUtilities')
    cd /Users/leonardofigueiredo/Library/Developer/Xcode/DerivedData/Ratio-dgukedwfifpyteflgeptozrgzmmp/SourcePackages/checkouts/GoogleUtilities
    /Applications/Xcode.app/Contents/Developer/Toolchains/XcodeDefault.xctoolchain/usr/bin/clang -Xlinker -reproducible -target arm64-apple-ios12.0-simulator -r -isysroot /Applications/Xcode.app/Contents/Developer/Platforms/iPhoneSimulator.platform/Developer/SDKs/iPhoneSimulator26.2.sdk -O0 -w -L/Users/leonardofigueiredo/Library/Developer/Xcode/DerivedData/Ratio-dgukedwfifpyteflgeptozrgzmmp/Build/Intermediates.noindex/EagerLinkingTBDs/Debug-iphonesimulator -L/Users/leonardofigueiredo/Library/Developer/Xcode/DerivedData/Ratio-dgukedwfifpyteflgeptozrgzmmp/Build/Products/Debug-iphonesimulator -L/Applications/Xcode.app/Contents/Developer/Platforms/iPhoneSimulator.platform/Developer/usr/lib -F/Users/leonardofigueiredo/Library/Developer/Xcode/DerivedData/Ratio-dgukedwfifpyteflgeptozrgzmmp/Build/Intermediates.noindex/EagerLinkingTBDs/Debug-iphonesimulator -F/Users/leonardofigueiredo/Library/Developer/Xcode/DerivedData/Ratio-dgukedwfifpyteflgeptozrgzmmp/Build/Products/Debug-iphonesimulator/PackageFrameworks -F/Users/leonardofigueiredo/Library/Developer/Xcode/DerivedData/Ratio-dgukedwfifpyteflgeptozrgzmmp/Build/Products/Debug-iphonesimulator/PackageFrameworks -F/Users/leonardofigueiredo/Library/Developer/Xcode/DerivedData/Ratio-dgukedwfifpyteflgeptozrgzmmp/Build/Products/Debug-iphonesimulator/PackageFrameworks -F/Users/leonardofigueiredo/Library/Developer/Xcode/DerivedData/Ratio-dgukedwfifpyteflgeptozrgzmmp/Build/Products/Debug-iphonesimulator -iframework /Applications/Xcode.app/Contents/Developer/Platforms/iPhoneSimulator.platform/Developer/Library/Frameworks -iframework /Applications/Xcode.app/Contents/Developer/Platforms/iPhoneSimulator.platform/Developer/SDKs/iPhoneSimulator26.2.sdk/Developer/Library/Frameworks -filelist /Users/leonardofigueiredo/Library/Developer/Xcode/DerivedData/Ratio-dgukedwfifpyteflgeptozrgzmmp/Build/Intermediates.noindex/GoogleUtilities.build/Debug-iphonesimulator/GoogleUtilities-Reachability.build/Objects-normal/arm64/GoogleUtilities-Reachability.LinkFileList -nostdlib -Xlinker -object_path_lto -Xlinker /Users/leonardofigueiredo/Library/Developer/Xcode/DerivedData/Ratio-dgukedwfifpyteflgeptozrgzmmp/Build/Intermediates.noindex/GoogleUtilities.build/Debug-iphonesimulator/GoogleUtilities-Reachability.build/Objects-normal/arm64/GoogleUtilities-Reachability_lto.o -rdynamic -Xlinker -no_deduplicate -Xlinker -objc_abi_version -Xlinker 2 -Xlinker -dependency_info -Xlinker /Users/leonardofigueiredo/Library/Developer/Xcode/DerivedData/Ratio-dgukedwfifpyteflgeptozrgzmmp/Build/Intermediates.noindex/GoogleUtilities.build/Debug-iphonesimulator/GoogleUtilities-Reachability.build/Objects-normal/arm64/GoogleUtilities-Reachability_dependency_info.dat -fobjc-arc -fobjc-link-runtime -o /Users/leonardofigueiredo/Library/Developer/Xcode/DerivedData/Ratio-dgukedwfifpyteflgeptozrgzmmp/Build/Products/Debug-iphonesimulator/GoogleUtilities-Reachability.o

Ld /Users/leonardofigueiredo/Library/Developer/Xcode/DerivedData/Ratio-dgukedwfifpyteflgeptozrgzmmp/Build/Products/Debug-iphonesimulator/GoogleUtilities-MethodSwizzler.o normal (in target 'GoogleUtilities-MethodSwizzler' from project 'GoogleUtilities')
    cd /Users/leonardofigueiredo/Library/Developer/Xcode/DerivedData/Ratio-dgukedwfifpyteflgeptozrgzmmp/SourcePackages/checkouts/GoogleUtilities
    /Applications/Xcode.app/Contents/Developer/Toolchains/XcodeDefault.xctoolchain/usr/bin/clang -Xlinker -reproducible -target arm64-apple-ios12.0-simulator -r -isysroot /Applications/Xcode.app/Contents/Developer/Platforms/iPhoneSimulator.platform/Developer/SDKs/iPhoneSimulator26.2.sdk -O0 -w -L/Users/leonardofigueiredo/Library/Developer/Xcode/DerivedData/Ratio-dgukedwfifpyteflgeptozrgzmmp/Build/Intermediates.noindex/EagerLinkingTBDs/Debug-iphonesimulator -L/Users/leonardofigueiredo/Library/Developer/Xcode/DerivedData/Ratio-dgukedwfifpyteflgeptozrgzmmp/Build/Products/Debug-iphonesimulator -L/Applications/Xcode.app/Contents/Developer/Platforms/iPhoneSimulator.platform/Developer/usr/lib -F/Users/leonardofigueiredo/Library/Developer/Xcode/DerivedData/Ratio-dgukedwfifpyteflgeptozrgzmmp/Build/Intermediates.noindex/EagerLinkingTBDs/Debug-iphonesimulator -F/Users/leonardofigueiredo/Library/Developer/Xcode/DerivedData/Ratio-dgukedwfifpyteflgeptozrgzmmp/Build/Products/Debug-iphonesimulator/PackageFrameworks -F/Users/leonardofigueiredo/Library/Developer/Xcode/DerivedData/Ratio-dgukedwfifpyteflgeptozrgzmmp/Build/Products/Debug-iphonesimulator/PackageFrameworks -F/Users/leonardofigueiredo/Library/Developer/Xcode/DerivedData/Ratio-dgukedwfifpyteflgeptozrgzmmp/Build/Products/Debug-iphonesimulator/PackageFrameworks -F/Users/leonardofigueiredo/Library/Developer/Xcode/DerivedData/Ratio-dgukedwfifpyteflgeptozrgzmmp/Build/Products/Debug-iphonesimulator -iframework /Applications/Xcode.app/Contents/Developer/Platforms/iPhoneSimulator.platform/Developer/Library/Frameworks -iframework /Applications/Xcode.app/Contents/Developer/Platforms/iPhoneSimulator.platform/Developer/SDKs/iPhoneSimulator26.2.sdk/Developer/Library/Frameworks -filelist /Users/leonardofigueiredo/Library/Developer/Xcode/DerivedData/Ratio-dgukedwfifpyteflgeptozrgzmmp/Build/Intermediates.noindex/GoogleUtilities.build/Debug-iphonesimulator/GoogleUtilities-MethodSwizzler.build/Objects-normal/arm64/GoogleUtilities-MethodSwizzler.LinkFileList -nostdlib -Xlinker -object_path_lto -Xlinker /Users/leonardofigueiredo/Library/Developer/Xcode/DerivedData/Ratio-dgukedwfifpyteflgeptozrgzmmp/Build/Intermediates.noindex/GoogleUtilities.build/Debug-iphonesimulator/GoogleUtilities-MethodSwizzler.build/Objects-normal/arm64/GoogleUtilities-MethodSwizzler_lto.o -rdynamic -Xlinker -no_deduplicate -Xlinker -objc_abi_version -Xlinker 2 -Xlinker -dependency_info -Xlinker /Users/leonardofigueiredo/Library/Developer/Xcode/DerivedData/Ratio-dgukedwfifpyteflgeptozrgzmmp/Build/Intermediates.noindex/GoogleUtilities.build/Debug-iphonesimulator/GoogleUtilities-MethodSwizzler.build/Objects-normal/arm64/GoogleUtilities-MethodSwizzler_dependency_info.dat -fobjc-arc -fobjc-link-runtime -o /Users/leonardofigueiredo/Library/Developer/Xcode/DerivedData/Ratio-dgukedwfifpyteflgeptozrgzmmp/Build/Products/Debug-iphonesimulator/GoogleUtilities-MethodSwizzler.o

Ld /Users/leonardofigueiredo/Library/Developer/Xcode/DerivedData/Ratio-dgukedwfifpyteflgeptozrgzmmp/Build/Products/Debug-iphonesimulator/FirebaseCrashlyticsSwift.o normal (in target 'FirebaseCrashlyticsSwift' from project 'Firebase')
    cd /Users/leonardofigueiredo/Library/Developer/Xcode/DerivedData/Ratio-dgukedwfifpyteflgeptozrgzmmp/SourcePackages/checkouts/firebase-ios-sdk
    /Applications/Xcode.app/Contents/Developer/Toolchains/XcodeDefault.xctoolchain/usr/bin/clang -Xlinker -reproducible -target arm64-apple-ios15.0-simulator -r -isysroot /Applications/Xcode.app/Contents/Developer/Platforms/iPhoneSimulator.platform/Developer/SDKs/iPhoneSimulator26.2.sdk -O0 -w -L/Users/leonardofigueiredo/Library/Developer/Xcode/DerivedData/Ratio-dgukedwfifpyteflgeptozrgzmmp/Build/Intermediates.noindex/EagerLinkingTBDs/Debug-iphonesimulator -L/Users/leonardofigueiredo/Library/Developer/Xcode/DerivedData/Ratio-dgukedwfifpyteflgeptozrgzmmp/Build/Products/Debug-iphonesimulator -L/Applications/Xcode.app/Contents/Developer/Platforms/iPhoneSimulator.platform/Developer/usr/lib -F/Users/leonardofigueiredo/Library/Developer/Xcode/DerivedData/Ratio-dgukedwfifpyteflgeptozrgzmmp/Build/Intermediates.noindex/EagerLinkingTBDs/Debug-iphonesimulator -F/Users/leonardofigueiredo/Library/Developer/Xcode/DerivedData/Ratio-dgukedwfifpyteflgeptozrgzmmp/Build/Products/Debug-iphonesimulator/PackageFrameworks -F/Users/leonardofigueiredo/Library/Developer/Xcode/DerivedData/Ratio-dgukedwfifpyteflgeptozrgzmmp/Build/Products/Debug-iphonesimulator -iframework /Applications/Xcode.app/Contents/Developer/Platforms/iPhoneSimulator.platform/Developer/Library/Frameworks -iframework /Applications/Xcode.app/Contents/Developer/Platforms/iPhoneSimulator.platform/Developer/SDKs/iPhoneSimulator26.2.sdk/Developer/Library/Frameworks -filelist /Users/leonardofigueiredo/Library/Developer/Xcode/DerivedData/Ratio-dgukedwfifpyteflgeptozrgzmmp/Build/Intermediates.noindex/Firebase.build/Debug-iphonesimulator/FirebaseCrashlyticsSwift.build/Objects-normal/arm64/FirebaseCrashlyticsSwift.LinkFileList -nostdlib -Xlinker -object_path_lto -Xlinker /Users/leonardofigueiredo/Library/Developer/Xcode/DerivedData/Ratio-dgukedwfifpyteflgeptozrgzmmp/Build/Intermediates.noindex/Firebase.build/Debug-iphonesimulator/FirebaseCrashlyticsSwift.build/Objects-normal/arm64/FirebaseCrashlyticsSwift_lto.o -rdynamic -Xlinker -no_deduplicate -Xlinker -objc_abi_version -Xlinker 2 -Xlinker -dependency_info -Xlinker /Users/leonardofigueiredo/Library/Developer/Xcode/DerivedData/Ratio-dgukedwfifpyteflgeptozrgzmmp/Build/Intermediates.noindex/Firebase.build/Debug-iphonesimulator/FirebaseCrashlyticsSwift.build/Objects-normal/arm64/FirebaseCrashlyticsSwift_dependency_info.dat -fobjc-link-runtime -L/Applications/Xcode.app/Contents/Developer/Toolchains/XcodeDefault.xctoolchain/usr/lib/swift/iphonesimulator -L/usr/lib/swift -Xlinker -add_ast_path -Xlinker /Users/leonardofigueiredo/Library/Developer/Xcode/DerivedData/Ratio-dgukedwfifpyteflgeptozrgzmmp/Build/Intermediates.noindex/Firebase.build/Debug-iphonesimulator/FirebaseCrashlyticsSwift.build/Objects-normal/arm64/FirebaseCrashlyticsSwift.swiftmodule @/Users/leonardofigueiredo/Library/Developer/Xcode/DerivedData/Ratio-dgukedwfifpyteflgeptozrgzmmp/Build/Intermediates.noindex/Firebase.build/Debug-iphonesimulator/FirebaseCrashlyticsSwift.build/Objects-normal/arm64/FirebaseCrashlyticsSwift-linker-args.resp -o /Users/leonardofigueiredo/Library/Developer/Xcode/DerivedData/Ratio-dgukedwfifpyteflgeptozrgzmmp/Build/Products/Debug-iphonesimulator/FirebaseCrashlyticsSwift.o

RegisterExecutionPolicyException /Users/leonardofigueiredo/Library/Developer/Xcode/DerivedData/Ratio-dgukedwfifpyteflgeptozrgzmmp/Build/Products/Debug-iphonesimulator/GoogleUtilities-UserDefaults.o (in target 'GoogleUtilities-UserDefaults' from project 'GoogleUtilities')
    cd /Users/leonardofigueiredo/Library/Developer/Xcode/DerivedData/Ratio-dgukedwfifpyteflgeptozrgzmmp/SourcePackages/checkouts/GoogleUtilities
    builtin-RegisterExecutionPolicyException /Users/leonardofigueiredo/Library/Developer/Xcode/DerivedData/Ratio-dgukedwfifpyteflgeptozrgzmmp/Build/Products/Debug-iphonesimulator/GoogleUtilities-UserDefaults.o

RegisterExecutionPolicyException /Users/leonardofigueiredo/Library/Developer/Xcode/DerivedData/Ratio-dgukedwfifpyteflgeptozrgzmmp/Build/Products/Debug-iphonesimulator/GoogleUtilities-Reachability.o (in target 'GoogleUtilities-Reachability' from project 'GoogleUtilities')
    cd /Users/leonardofigueiredo/Library/Developer/Xcode/DerivedData/Ratio-dgukedwfifpyteflgeptozrgzmmp/SourcePackages/checkouts/GoogleUtilities
    builtin-RegisterExecutionPolicyException /Users/leonardofigueiredo/Library/Developer/Xcode/DerivedData/Ratio-dgukedwfifpyteflgeptozrgzmmp/Build/Products/Debug-iphonesimulator/GoogleUtilities-Reachability.o

RegisterExecutionPolicyException /Users/leonardofigueiredo/Library/Developer/Xcode/DerivedData/Ratio-dgukedwfifpyteflgeptozrgzmmp/Build/Products/Debug-iphonesimulator/GoogleUtilities-MethodSwizzler.o (in target 'GoogleUtilities-MethodSwizzler' from project 'GoogleUtilities')
    cd /Users/leonardofigueiredo/Library/Developer/Xcode/DerivedData/Ratio-dgukedwfifpyteflgeptozrgzmmp/SourcePackages/checkouts/GoogleUtilities
    builtin-RegisterExecutionPolicyException /Users/leonardofigueiredo/Library/Developer/Xcode/DerivedData/Ratio-dgukedwfifpyteflgeptozrgzmmp/Build/Products/Debug-iphonesimulator/GoogleUtilities-MethodSwizzler.o

ExtractAppIntentsMetadata (in target 'FirebaseCrashlyticsSwift' from project 'Firebase')
    cd /Users/leonardofigueiredo/Library/Developer/Xcode/DerivedData/Ratio-dgukedwfifpyteflgeptozrgzmmp/SourcePackages/checkouts/firebase-ios-sdk
    /Applications/Xcode.app/Contents/Developer/Toolchains/XcodeDefault.xctoolchain/usr/bin/appintentsmetadataprocessor --toolchain-dir /Applications/Xcode.app/Contents/Developer/Toolchains/XcodeDefault.xctoolchain --module-name FirebaseCrashlyticsSwift --sdk-root /Applications/Xcode.app/Contents/Developer/Platforms/iPhoneSimulator.platform/Developer/SDKs/iPhoneSimulator26.2.sdk --xcode-version 17C52 --platform-family iOS --deployment-target 15.0 --bundle-identifier firebase-ios-sdk.FirebaseCrashlyticsSwift --output /Users/leonardofigueiredo/Library/Developer/Xcode/DerivedData/Ratio-dgukedwfifpyteflgeptozrgzmmp/Build/Products/Debug-iphonesimulator/FirebaseCrashlyticsSwift.appintents --target-triple arm64-apple-ios15.0-simulator --binary-file /Users/leonardofigueiredo/Library/Developer/Xcode/DerivedData/Ratio-dgukedwfifpyteflgeptozrgzmmp/Build/Products/Debug-iphonesimulator/FirebaseCrashlyticsSwift.o --dependency-file /Users/leonardofigueiredo/Library/Developer/Xcode/DerivedData/Ratio-dgukedwfifpyteflgeptozrgzmmp/Build/Intermediates.noindex/Firebase.build/Debug-iphonesimulator/FirebaseCrashlyticsSwift.build/Objects-normal/arm64/FirebaseCrashlyticsSwift_dependency_info.dat --stringsdata-file /Users/leonardofigueiredo/Library/Developer/Xcode/DerivedData/Ratio-dgukedwfifpyteflgeptozrgzmmp/Build/Intermediates.noindex/Firebase.build/Debug-iphonesimulator/FirebaseCrashlyticsSwift.build/Objects-normal/arm64/ExtractedAppShortcutsMetadata.stringsdata --source-file-list /Users/leonardofigueiredo/Library/Developer/Xcode/DerivedData/Ratio-dgukedwfifpyteflgeptozrgzmmp/Build/Intermediates.noindex/Firebase.build/Debug-iphonesimulator/FirebaseCrashlyticsSwift.build/Objects-normal/arm64/FirebaseCrashlyticsSwift.SwiftFileList --metadata-file-list /Users/leonardofigueiredo/Library/Developer/Xcode/DerivedData/Ratio-dgukedwfifpyteflgeptozrgzmmp/Build/Intermediates.noindex/Firebase.build/Debug-iphonesimulator/FirebaseCrashlyticsSwift.build/FirebaseCrashlyticsSwift.DependencyMetadataFileList --static-metadata-file-list /Users/leonardofigueiredo/Library/Developer/Xcode/DerivedData/Ratio-dgukedwfifpyteflgeptozrgzmmp/Build/Intermediates.noindex/Firebase.build/Debug-iphonesimulator/FirebaseCrashlyticsSwift.build/FirebaseCrashlyticsSwift.DependencyStaticMetadataFileList --swift-const-vals-list /Users/leonardofigueiredo/Library/Developer/Xcode/DerivedData/Ratio-dgukedwfifpyteflgeptozrgzmmp/Build/Intermediates.noindex/Firebase.build/Debug-iphonesimulator/FirebaseCrashlyticsSwift.build/Objects-normal/arm64/FirebaseCrashlyticsSwift.SwiftConstValuesFileList --force --compile-time-extraction --deployment-aware-processing --validate-assistant-intents --no-app-shortcuts-localization
2026-01-12 11:25:42.499 appintentsmetadataprocessor[77548:1421985] Starting appintentsmetadataprocessor export
2026-01-12 11:25:42.579 appintentsmetadataprocessor[77548:1421985] Extracted no relevant App Intents symbols, skipping writing output

RegisterExecutionPolicyException /Users/leonardofigueiredo/Library/Developer/Xcode/DerivedData/Ratio-dgukedwfifpyteflgeptozrgzmmp/Build/Products/Debug-iphonesimulator/FirebaseCoreInternal.o (in target 'FirebaseCoreInternal' from project 'Firebase')
    cd /Users/leonardofigueiredo/Library/Developer/Xcode/DerivedData/Ratio-dgukedwfifpyteflgeptozrgzmmp/SourcePackages/checkouts/firebase-ios-sdk
    builtin-RegisterExecutionPolicyException /Users/leonardofigueiredo/Library/Developer/Xcode/DerivedData/Ratio-dgukedwfifpyteflgeptozrgzmmp/Build/Products/Debug-iphonesimulator/FirebaseCoreInternal.o

Ld /Users/leonardofigueiredo/Library/Developer/Xcode/DerivedData/Ratio-dgukedwfifpyteflgeptozrgzmmp/Build/Products/Debug-iphonesimulator/GoogleUtilities-Network.o normal (in target 'GoogleUtilities-Network' from project 'GoogleUtilities')
    cd /Users/leonardofigueiredo/Library/Developer/Xcode/DerivedData/Ratio-dgukedwfifpyteflgeptozrgzmmp/SourcePackages/checkouts/GoogleUtilities
    /Applications/Xcode.app/Contents/Developer/Toolchains/XcodeDefault.xctoolchain/usr/bin/clang -Xlinker -reproducible -target arm64-apple-ios12.0-simulator -r -isysroot /Applications/Xcode.app/Contents/Developer/Platforms/iPhoneSimulator.platform/Developer/SDKs/iPhoneSimulator26.2.sdk -O0 -w -L/Users/leonardofigueiredo/Library/Developer/Xcode/DerivedData/Ratio-dgukedwfifpyteflgeptozrgzmmp/Build/Intermediates.noindex/EagerLinkingTBDs/Debug-iphonesimulator -L/Users/leonardofigueiredo/Library/Developer/Xcode/DerivedData/Ratio-dgukedwfifpyteflgeptozrgzmmp/Build/Products/Debug-iphonesimulator -L/Applications/Xcode.app/Contents/Developer/Platforms/iPhoneSimulator.platform/Developer/usr/lib -F/Users/leonardofigueiredo/Library/Developer/Xcode/DerivedData/Ratio-dgukedwfifpyteflgeptozrgzmmp/Build/Intermediates.noindex/EagerLinkingTBDs/Debug-iphonesimulator -F/Users/leonardofigueiredo/Library/Developer/Xcode/DerivedData/Ratio-dgukedwfifpyteflgeptozrgzmmp/Build/Products/Debug-iphonesimulator/PackageFrameworks -F/Users/leonardofigueiredo/Library/Developer/Xcode/DerivedData/Ratio-dgukedwfifpyteflgeptozrgzmmp/Build/Products/Debug-iphonesimulator/PackageFrameworks -F/Users/leonardofigueiredo/Library/Developer/Xcode/DerivedData/Ratio-dgukedwfifpyteflgeptozrgzmmp/Build/Products/Debug-iphonesimulator/PackageFrameworks -F/Users/leonardofigueiredo/Library/Developer/Xcode/DerivedData/Ratio-dgukedwfifpyteflgeptozrgzmmp/Build/Products/Debug-iphonesimulator/PackageFrameworks -F/Users/leonardofigueiredo/Library/Developer/Xcode/DerivedData/Ratio-dgukedwfifpyteflgeptozrgzmmp/Build/Products/Debug-iphonesimulator/PackageFrameworks -F/Users/leonardofigueiredo/Library/Developer/Xcode/DerivedData/Ratio-dgukedwfifpyteflgeptozrgzmmp/Build/Products/Debug-iphonesimulator -iframework /Applications/Xcode.app/Contents/Developer/Platforms/iPhoneSimulator.platform/Developer/Library/Frameworks -iframework /Applications/Xcode.app/Contents/Developer/Platforms/iPhoneSimulator.platform/Developer/SDKs/iPhoneSimulator26.2.sdk/Developer/Library/Frameworks -filelist /Users/leonardofigueiredo/Library/Developer/Xcode/DerivedData/Ratio-dgukedwfifpyteflgeptozrgzmmp/Build/Intermediates.noindex/GoogleUtilities.build/Debug-iphonesimulator/GoogleUtilities-Network.build/Objects-normal/arm64/GoogleUtilities-Network.LinkFileList -nostdlib -Xlinker -object_path_lto -Xlinker /Users/leonardofigueiredo/Library/Developer/Xcode/DerivedData/Ratio-dgukedwfifpyteflgeptozrgzmmp/Build/Intermediates.noindex/GoogleUtilities.build/Debug-iphonesimulator/GoogleUtilities-Network.build/Objects-normal/arm64/GoogleUtilities-Network_lto.o -rdynamic -Xlinker -no_deduplicate -Xlinker -objc_abi_version -Xlinker 2 -Xlinker -dependency_info -Xlinker /Users/leonardofigueiredo/Library/Developer/Xcode/DerivedData/Ratio-dgukedwfifpyteflgeptozrgzmmp/Build/Intermediates.noindex/GoogleUtilities.build/Debug-iphonesimulator/GoogleUtilities-Network.build/Objects-normal/arm64/GoogleUtilities-Network_dependency_info.dat -fobjc-arc -fobjc-link-runtime -o /Users/leonardofigueiredo/Library/Developer/Xcode/DerivedData/Ratio-dgukedwfifpyteflgeptozrgzmmp/Build/Products/Debug-iphonesimulator/GoogleUtilities-Network.o

Ld /Users/leonardofigueiredo/Library/Developer/Xcode/DerivedData/Ratio-dgukedwfifpyteflgeptozrgzmmp/Build/Products/Debug-iphonesimulator/FirebaseCore.o normal (in target 'FirebaseCore' from project 'Firebase')
    cd /Users/leonardofigueiredo/Library/Developer/Xcode/DerivedData/Ratio-dgukedwfifpyteflgeptozrgzmmp/SourcePackages/checkouts/firebase-ios-sdk
    /Applications/Xcode.app/Contents/Developer/Toolchains/XcodeDefault.xctoolchain/usr/bin/clang -Xlinker -reproducible -target arm64-apple-ios15.0-simulator -r -isysroot /Applications/Xcode.app/Contents/Developer/Platforms/iPhoneSimulator.platform/Developer/SDKs/iPhoneSimulator26.2.sdk -O0 -w -L/Users/leonardofigueiredo/Library/Developer/Xcode/DerivedData/Ratio-dgukedwfifpyteflgeptozrgzmmp/Build/Intermediates.noindex/EagerLinkingTBDs/Debug-iphonesimulator -L/Users/leonardofigueiredo/Library/Developer/Xcode/DerivedData/Ratio-dgukedwfifpyteflgeptozrgzmmp/Build/Products/Debug-iphonesimulator -L/Applications/Xcode.app/Contents/Developer/Platforms/iPhoneSimulator.platform/Developer/usr/lib -F/Users/leonardofigueiredo/Library/Developer/Xcode/DerivedData/Ratio-dgukedwfifpyteflgeptozrgzmmp/Build/Intermediates.noindex/EagerLinkingTBDs/Debug-iphonesimulator -F/Users/leonardofigueiredo/Library/Developer/Xcode/DerivedData/Ratio-dgukedwfifpyteflgeptozrgzmmp/Build/Products/Debug-iphonesimulator/PackageFrameworks -F/Users/leonardofigueiredo/Library/Developer/Xcode/DerivedData/Ratio-dgukedwfifpyteflgeptozrgzmmp/Build/Products/Debug-iphonesimulator/PackageFrameworks -F/Users/leonardofigueiredo/Library/Developer/Xcode/DerivedData/Ratio-dgukedwfifpyteflgeptozrgzmmp/Build/Products/Debug-iphonesimulator/PackageFrameworks -F/Users/leonardofigueiredo/Library/Developer/Xcode/DerivedData/Ratio-dgukedwfifpyteflgeptozrgzmmp/Build/Products/Debug-iphonesimulator/PackageFrameworks -F/Users/leonardofigueiredo/Library/Developer/Xcode/DerivedData/Ratio-dgukedwfifpyteflgeptozrgzmmp/Build/Products/Debug-iphonesimulator/PackageFrameworks -F/Users/leonardofigueiredo/Library/Developer/Xcode/DerivedData/Ratio-dgukedwfifpyteflgeptozrgzmmp/Build/Products/Debug-iphonesimulator/PackageFrameworks -F/Users/leonardofigueiredo/Library/Developer/Xcode/DerivedData/Ratio-dgukedwfifpyteflgeptozrgzmmp/Build/Products/Debug-iphonesimulator -iframework /Applications/Xcode.app/Contents/Developer/Platforms/iPhoneSimulator.platform/Developer/Library/Frameworks -iframework /Applications/Xcode.app/Contents/Developer/Platforms/iPhoneSimulator.platform/Developer/SDKs/iPhoneSimulator26.2.sdk/Developer/Library/Frameworks -filelist /Users/leonardofigueiredo/Library/Developer/Xcode/DerivedData/Ratio-dgukedwfifpyteflgeptozrgzmmp/Build/Intermediates.noindex/Firebase.build/Debug-iphonesimulator/FirebaseCore.build/Objects-normal/arm64/FirebaseCore.LinkFileList -nostdlib -Xlinker -object_path_lto -Xlinker /Users/leonardofigueiredo/Library/Developer/Xcode/DerivedData/Ratio-dgukedwfifpyteflgeptozrgzmmp/Build/Intermediates.noindex/Firebase.build/Debug-iphonesimulator/FirebaseCore.build/Objects-normal/arm64/FirebaseCore_lto.o -rdynamic -Xlinker -no_deduplicate -Xlinker -objc_abi_version -Xlinker 2 -Xlinker -dependency_info -Xlinker /Users/leonardofigueiredo/Library/Developer/Xcode/DerivedData/Ratio-dgukedwfifpyteflgeptozrgzmmp/Build/Intermediates.noindex/Firebase.build/Debug-iphonesimulator/FirebaseCore.build/Objects-normal/arm64/FirebaseCore_dependency_info.dat -fobjc-arc -fobjc-link-runtime -o /Users/leonardofigueiredo/Library/Developer/Xcode/DerivedData/Ratio-dgukedwfifpyteflgeptozrgzmmp/Build/Products/Debug-iphonesimulator/FirebaseCore.o

RegisterExecutionPolicyException /Users/leonardofigueiredo/Library/Developer/Xcode/DerivedData/Ratio-dgukedwfifpyteflgeptozrgzmmp/Build/Products/Debug-iphonesimulator/GoogleUtilities-Network.o (in target 'GoogleUtilities-Network' from project 'GoogleUtilities')
    cd /Users/leonardofigueiredo/Library/Developer/Xcode/DerivedData/Ratio-dgukedwfifpyteflgeptozrgzmmp/SourcePackages/checkouts/GoogleUtilities
    builtin-RegisterExecutionPolicyException /Users/leonardofigueiredo/Library/Developer/Xcode/DerivedData/Ratio-dgukedwfifpyteflgeptozrgzmmp/Build/Products/Debug-iphonesimulator/GoogleUtilities-Network.o

RegisterExecutionPolicyException /Users/leonardofigueiredo/Library/Developer/Xcode/DerivedData/Ratio-dgukedwfifpyteflgeptozrgzmmp/Build/Products/Debug-iphonesimulator/Promises.o (in target 'Promises' from project 'Promises')
    cd /Users/leonardofigueiredo/Library/Developer/Xcode/DerivedData/Ratio-dgukedwfifpyteflgeptozrgzmmp/SourcePackages/checkouts/promises
    builtin-RegisterExecutionPolicyException /Users/leonardofigueiredo/Library/Developer/Xcode/DerivedData/Ratio-dgukedwfifpyteflgeptozrgzmmp/Build/Products/Debug-iphonesimulator/Promises.o

Ld /Users/leonardofigueiredo/Library/Developer/Xcode/DerivedData/Ratio-dgukedwfifpyteflgeptozrgzmmp/Build/Products/Debug-iphonesimulator/GoogleAdsOnDeviceConversionTarget.o normal (in target 'GoogleAdsOnDeviceConversionTarget' from project 'GoogleAdsOnDeviceConversion')
    cd /Users/leonardofigueiredo/Library/Developer/Xcode/DerivedData/Ratio-dgukedwfifpyteflgeptozrgzmmp/SourcePackages/checkouts/google-ads-on-device-conversion-ios-sdk
    /Applications/Xcode.app/Contents/Developer/Toolchains/XcodeDefault.xctoolchain/usr/bin/clang -Xlinker -reproducible -target arm64-apple-ios12.0-simulator -r -isysroot /Applications/Xcode.app/Contents/Developer/Platforms/iPhoneSimulator.platform/Developer/SDKs/iPhoneSimulator26.2.sdk -O0 -w -L/Users/leonardofigueiredo/Library/Developer/Xcode/DerivedData/Ratio-dgukedwfifpyteflgeptozrgzmmp/Build/Intermediates.noindex/EagerLinkingTBDs/Debug-iphonesimulator -L/Users/leonardofigueiredo/Library/Developer/Xcode/DerivedData/Ratio-dgukedwfifpyteflgeptozrgzmmp/Build/Products/Debug-iphonesimulator -L/Applications/Xcode.app/Contents/Developer/Platforms/iPhoneSimulator.platform/Developer/usr/lib -F/Users/leonardofigueiredo/Library/Developer/Xcode/DerivedData/Ratio-dgukedwfifpyteflgeptozrgzmmp/Build/Intermediates.noindex/EagerLinkingTBDs/Debug-iphonesimulator -F/Users/leonardofigueiredo/Library/Developer/Xcode/DerivedData/Ratio-dgukedwfifpyteflgeptozrgzmmp/Build/Products/Debug-iphonesimulator/PackageFrameworks -F/Users/leonardofigueiredo/Library/Developer/Xcode/DerivedData/Ratio-dgukedwfifpyteflgeptozrgzmmp/Build/Products/Debug-iphonesimulator/PackageFrameworks -F/Users/leonardofigueiredo/Library/Developer/Xcode/DerivedData/Ratio-dgukedwfifpyteflgeptozrgzmmp/Build/Products/Debug-iphonesimulator/PackageFrameworks -F/Users/leonardofigueiredo/Library/Developer/Xcode/DerivedData/Ratio-dgukedwfifpyteflgeptozrgzmmp/Build/Products/Debug-iphonesimulator/PackageFrameworks -F/Users/leonardofigueiredo/Library/Developer/Xcode/DerivedData/Ratio-dgukedwfifpyteflgeptozrgzmmp/Build/Products/Debug-iphonesimulator/PackageFrameworks -F/Users/leonardofigueiredo/Library/Developer/Xcode/DerivedData/Ratio-dgukedwfifpyteflgeptozrgzmmp/Build/Products/Debug-iphonesimulator/PackageFrameworks -F/Users/leonardofigueiredo/Library/Developer/Xcode/DerivedData/Ratio-dgukedwfifpyteflgeptozrgzmmp/Build/Products/Debug-iphonesimulator/PackageFrameworks -F/Users/leonardofigueiredo/Library/Developer/Xcode/DerivedData/Ratio-dgukedwfifpyteflgeptozrgzmmp/Build/Products/Debug-iphonesimulator -iframework /Applications/Xcode.app/Contents/Developer/Platforms/iPhoneSimulator.platform/Developer/Library/Frameworks -iframework /Applications/Xcode.app/Contents/Developer/Platforms/iPhoneSimulator.platform/Developer/SDKs/iPhoneSimulator26.2.sdk/Developer/Library/Frameworks -filelist /Users/leonardofigueiredo/Library/Developer/Xcode/DerivedData/Ratio-dgukedwfifpyteflgeptozrgzmmp/Build/Intermediates.noindex/GoogleAdsOnDeviceConversion.build/Debug-iphonesimulator/GoogleAdsOnDeviceConversionTarget.build/Objects-normal/arm64/GoogleAdsOnDeviceConversionTarget.LinkFileList -nostdlib -Xlinker -object_path_lto -Xlinker /Users/leonardofigueiredo/Library/Developer/Xcode/DerivedData/Ratio-dgukedwfifpyteflgeptozrgzmmp/Build/Intermediates.noindex/GoogleAdsOnDeviceConversion.build/Debug-iphonesimulator/GoogleAdsOnDeviceConversionTarget.build/Objects-normal/arm64/GoogleAdsOnDeviceConversionTarget_lto.o -rdynamic -Xlinker -no_deduplicate -Xlinker -objc_abi_version -Xlinker 2 -Xlinker -dependency_info -Xlinker /Users/leonardofigueiredo/Library/Developer/Xcode/DerivedData/Ratio-dgukedwfifpyteflgeptozrgzmmp/Build/Intermediates.noindex/GoogleAdsOnDeviceConversion.build/Debug-iphonesimulator/GoogleAdsOnDeviceConversionTarget.build/Objects-normal/arm64/GoogleAdsOnDeviceConversionTarget_dependency_info.dat -fobjc-arc -fobjc-link-runtime -o /Users/leonardofigueiredo/Library/Developer/Xcode/DerivedData/Ratio-dgukedwfifpyteflgeptozrgzmmp/Build/Products/Debug-iphonesimulator/GoogleAdsOnDeviceConversionTarget.o

Ld /Users/leonardofigueiredo/Library/Developer/Xcode/DerivedData/Ratio-dgukedwfifpyteflgeptozrgzmmp/Build/Products/Debug-iphonesimulator/GoogleUtilities-AppDelegateSwizzler.o normal (in target 'GoogleUtilities-AppDelegateSwizzler' from project 'GoogleUtilities')
    cd /Users/leonardofigueiredo/Library/Developer/Xcode/DerivedData/Ratio-dgukedwfifpyteflgeptozrgzmmp/SourcePackages/checkouts/GoogleUtilities
    /Applications/Xcode.app/Contents/Developer/Toolchains/XcodeDefault.xctoolchain/usr/bin/clang -Xlinker -reproducible -target arm64-apple-ios12.0-simulator -r -isysroot /Applications/Xcode.app/Contents/Developer/Platforms/iPhoneSimulator.platform/Developer/SDKs/iPhoneSimulator26.2.sdk -O0 -w -L/Users/leonardofigueiredo/Library/Developer/Xcode/DerivedData/Ratio-dgukedwfifpyteflgeptozrgzmmp/Build/Intermediates.noindex/EagerLinkingTBDs/Debug-iphonesimulator -L/Users/leonardofigueiredo/Library/Developer/Xcode/DerivedData/Ratio-dgukedwfifpyteflgeptozrgzmmp/Build/Products/Debug-iphonesimulator -L/Applications/Xcode.app/Contents/Developer/Platforms/iPhoneSimulator.platform/Developer/usr/lib -F/Users/leonardofigueiredo/Library/Developer/Xcode/DerivedData/Ratio-dgukedwfifpyteflgeptozrgzmmp/Build/Intermediates.noindex/EagerLinkingTBDs/Debug-iphonesimulator -F/Users/leonardofigueiredo/Library/Developer/Xcode/DerivedData/Ratio-dgukedwfifpyteflgeptozrgzmmp/Build/Products/Debug-iphonesimulator/PackageFrameworks -F/Users/leonardofigueiredo/Library/Developer/Xcode/DerivedData/Ratio-dgukedwfifpyteflgeptozrgzmmp/Build/Products/Debug-iphonesimulator/PackageFrameworks -F/Users/leonardofigueiredo/Library/Developer/Xcode/DerivedData/Ratio-dgukedwfifpyteflgeptozrgzmmp/Build/Products/Debug-iphonesimulator/PackageFrameworks -F/Users/leonardofigueiredo/Library/Developer/Xcode/DerivedData/Ratio-dgukedwfifpyteflgeptozrgzmmp/Build/Products/Debug-iphonesimulator/PackageFrameworks -F/Users/leonardofigueiredo/Library/Developer/Xcode/DerivedData/Ratio-dgukedwfifpyteflgeptozrgzmmp/Build/Products/Debug-iphonesimulator/PackageFrameworks -F/Users/leonardofigueiredo/Library/Developer/Xcode/DerivedData/Ratio-dgukedwfifpyteflgeptozrgzmmp/Build/Products/Debug-iphonesimulator/PackageFrameworks -F/Users/leonardofigueiredo/Library/Developer/Xcode/DerivedData/Ratio-dgukedwfifpyteflgeptozrgzmmp/Build/Products/Debug-iphonesimulator -iframework /Applications/Xcode.app/Contents/Developer/Platforms/iPhoneSimulator.platform/Developer/Library/Frameworks -iframework /Applications/Xcode.app/Contents/Developer/Platforms/iPhoneSimulator.platform/Developer/SDKs/iPhoneSimulator26.2.sdk/Developer/Library/Frameworks -filelist /Users/leonardofigueiredo/Library/Developer/Xcode/DerivedData/Ratio-dgukedwfifpyteflgeptozrgzmmp/Build/Intermediates.noindex/GoogleUtilities.build/Debug-iphonesimulator/GoogleUtilities-AppDelegateSwizzler.build/Objects-normal/arm64/GoogleUtilities-AppDelegateSwizzler.LinkFileList -nostdlib -Xlinker -object_path_lto -Xlinker /Users/leonardofigueiredo/Library/Developer/Xcode/DerivedData/Ratio-dgukedwfifpyteflgeptozrgzmmp/Build/Intermediates.noindex/GoogleUtilities.build/Debug-iphonesimulator/GoogleUtilities-AppDelegateSwizzler.build/Objects-normal/arm64/GoogleUtilities-AppDelegateSwizzler_lto.o -rdynamic -Xlinker -no_deduplicate -Xlinker -objc_abi_version -Xlinker 2 -Xlinker -dependency_info -Xlinker /Users/leonardofigueiredo/Library/Developer/Xcode/DerivedData/Ratio-dgukedwfifpyteflgeptozrgzmmp/Build/Intermediates.noindex/GoogleUtilities.build/Debug-iphonesimulator/GoogleUtilities-AppDelegateSwizzler.build/Objects-normal/arm64/GoogleUtilities-AppDelegateSwizzler_dependency_info.dat -fobjc-arc -fobjc-link-runtime -o /Users/leonardofigueiredo/Library/Developer/Xcode/DerivedData/Ratio-dgukedwfifpyteflgeptozrgzmmp/Build/Products/Debug-iphonesimulator/GoogleUtilities-AppDelegateSwizzler.o

RegisterExecutionPolicyException /Users/leonardofigueiredo/Library/Developer/Xcode/DerivedData/Ratio-dgukedwfifpyteflgeptozrgzmmp/Build/Products/Debug-iphonesimulator/FirebaseCore.o (in target 'FirebaseCore' from project 'Firebase')
    cd /Users/leonardofigueiredo/Library/Developer/Xcode/DerivedData/Ratio-dgukedwfifpyteflgeptozrgzmmp/SourcePackages/checkouts/firebase-ios-sdk
    builtin-RegisterExecutionPolicyException /Users/leonardofigueiredo/Library/Developer/Xcode/DerivedData/Ratio-dgukedwfifpyteflgeptozrgzmmp/Build/Products/Debug-iphonesimulator/FirebaseCore.o

Ld /Users/leonardofigueiredo/Library/Developer/Xcode/DerivedData/Ratio-dgukedwfifpyteflgeptozrgzmmp/Build/Products/Debug-iphonesimulator/FirebaseABTesting.o normal (in target 'FirebaseABTesting' from project 'Firebase')
    cd /Users/leonardofigueiredo/Library/Developer/Xcode/DerivedData/Ratio-dgukedwfifpyteflgeptozrgzmmp/SourcePackages/checkouts/firebase-ios-sdk
    /Applications/Xcode.app/Contents/Developer/Toolchains/XcodeDefault.xctoolchain/usr/bin/clang -Xlinker -reproducible -target arm64-apple-ios15.0-simulator -r -isysroot /Applications/Xcode.app/Contents/Developer/Platforms/iPhoneSimulator.platform/Developer/SDKs/iPhoneSimulator26.2.sdk -O0 -w -L/Users/leonardofigueiredo/Library/Developer/Xcode/DerivedData/Ratio-dgukedwfifpyteflgeptozrgzmmp/Build/Intermediates.noindex/EagerLinkingTBDs/Debug-iphonesimulator -L/Users/leonardofigueiredo/Library/Developer/Xcode/DerivedData/Ratio-dgukedwfifpyteflgeptozrgzmmp/Build/Products/Debug-iphonesimulator -L/Applications/Xcode.app/Contents/Developer/Platforms/iPhoneSimulator.platform/Developer/usr/lib -F/Users/leonardofigueiredo/Library/Developer/Xcode/DerivedData/Ratio-dgukedwfifpyteflgeptozrgzmmp/Build/Intermediates.noindex/EagerLinkingTBDs/Debug-iphonesimulator -F/Users/leonardofigueiredo/Library/Developer/Xcode/DerivedData/Ratio-dgukedwfifpyteflgeptozrgzmmp/Build/Products/Debug-iphonesimulator/PackageFrameworks -F/Users/leonardofigueiredo/Library/Developer/Xcode/DerivedData/Ratio-dgukedwfifpyteflgeptozrgzmmp/Build/Products/Debug-iphonesimulator/PackageFrameworks -F/Users/leonardofigueiredo/Library/Developer/Xcode/DerivedData/Ratio-dgukedwfifpyteflgeptozrgzmmp/Build/Products/Debug-iphonesimulator/PackageFrameworks -F/Users/leonardofigueiredo/Library/Developer/Xcode/DerivedData/Ratio-dgukedwfifpyteflgeptozrgzmmp/Build/Products/Debug-iphonesimulator/PackageFrameworks -F/Users/leonardofigueiredo/Library/Developer/Xcode/DerivedData/Ratio-dgukedwfifpyteflgeptozrgzmmp/Build/Products/Debug-iphonesimulator/PackageFrameworks -F/Users/leonardofigueiredo/Library/Developer/Xcode/DerivedData/Ratio-dgukedwfifpyteflgeptozrgzmmp/Build/Products/Debug-iphonesimulator/PackageFrameworks -F/Users/leonardofigueiredo/Library/Developer/Xcode/DerivedData/Ratio-dgukedwfifpyteflgeptozrgzmmp/Build/Products/Debug-iphonesimulator/PackageFrameworks -F/Users/leonardofigueiredo/Library/Developer/Xcode/DerivedData/Ratio-dgukedwfifpyteflgeptozrgzmmp/Build/Products/Debug-iphonesimulator -iframework /Applications/Xcode.app/Contents/Developer/Platforms/iPhoneSimulator.platform/Developer/Library/Frameworks -iframework /Applications/Xcode.app/Contents/Developer/Platforms/iPhoneSimulator.platform/Developer/SDKs/iPhoneSimulator26.2.sdk/Developer/Library/Frameworks -filelist /Users/leonardofigueiredo/Library/Developer/Xcode/DerivedData/Ratio-dgukedwfifpyteflgeptozrgzmmp/Build/Intermediates.noindex/Firebase.build/Debug-iphonesimulator/FirebaseABTesting.build/Objects-normal/arm64/FirebaseABTesting.LinkFileList -nostdlib -Xlinker -object_path_lto -Xlinker /Users/leonardofigueiredo/Library/Developer/Xcode/DerivedData/Ratio-dgukedwfifpyteflgeptozrgzmmp/Build/Intermediates.noindex/Firebase.build/Debug-iphonesimulator/FirebaseABTesting.build/Objects-normal/arm64/FirebaseABTesting_lto.o -rdynamic -Xlinker -no_deduplicate -Xlinker -objc_abi_version -Xlinker 2 -Xlinker -dependency_info -Xlinker /Users/leonardofigueiredo/Library/Developer/Xcode/DerivedData/Ratio-dgukedwfifpyteflgeptozrgzmmp/Build/Intermediates.noindex/Firebase.build/Debug-iphonesimulator/FirebaseABTesting.build/Objects-normal/arm64/FirebaseABTesting_dependency_info.dat -fobjc-arc -fobjc-link-runtime -o /Users/leonardofigueiredo/Library/Developer/Xcode/DerivedData/Ratio-dgukedwfifpyteflgeptozrgzmmp/Build/Products/Debug-iphonesimulator/FirebaseABTesting.o

Ld /Users/leonardofigueiredo/Library/Developer/Xcode/DerivedData/Ratio-dgukedwfifpyteflgeptozrgzmmp/Build/Products/Debug-iphonesimulator/FirebaseInstallations.o normal (in target 'FirebaseInstallations' from project 'Firebase')
    cd /Users/leonardofigueiredo/Library/Developer/Xcode/DerivedData/Ratio-dgukedwfifpyteflgeptozrgzmmp/SourcePackages/checkouts/firebase-ios-sdk
    /Applications/Xcode.app/Contents/Developer/Toolchains/XcodeDefault.xctoolchain/usr/bin/clang -Xlinker -reproducible -target arm64-apple-ios15.0-simulator -r -isysroot /Applications/Xcode.app/Contents/Developer/Platforms/iPhoneSimulator.platform/Developer/SDKs/iPhoneSimulator26.2.sdk -O0 -w -L/Users/leonardofigueiredo/Library/Developer/Xcode/DerivedData/Ratio-dgukedwfifpyteflgeptozrgzmmp/Build/Intermediates.noindex/EagerLinkingTBDs/Debug-iphonesimulator -L/Users/leonardofigueiredo/Library/Developer/Xcode/DerivedData/Ratio-dgukedwfifpyteflgeptozrgzmmp/Build/Products/Debug-iphonesimulator -L/Applications/Xcode.app/Contents/Developer/Platforms/iPhoneSimulator.platform/Developer/usr/lib -F/Users/leonardofigueiredo/Library/Developer/Xcode/DerivedData/Ratio-dgukedwfifpyteflgeptozrgzmmp/Build/Intermediates.noindex/EagerLinkingTBDs/Debug-iphonesimulator -F/Users/leonardofigueiredo/Library/Developer/Xcode/DerivedData/Ratio-dgukedwfifpyteflgeptozrgzmmp/Build/Products/Debug-iphonesimulator/PackageFrameworks -F/Users/leonardofigueiredo/Library/Developer/Xcode/DerivedData/Ratio-dgukedwfifpyteflgeptozrgzmmp/Build/Products/Debug-iphonesimulator/PackageFrameworks -F/Users/leonardofigueiredo/Library/Developer/Xcode/DerivedData/Ratio-dgukedwfifpyteflgeptozrgzmmp/Build/Products/Debug-iphonesimulator/PackageFrameworks -F/Users/leonardofigueiredo/Library/Developer/Xcode/DerivedData/Ratio-dgukedwfifpyteflgeptozrgzmmp/Build/Products/Debug-iphonesimulator/PackageFrameworks -F/Users/leonardofigueiredo/Library/Developer/Xcode/DerivedData/Ratio-dgukedwfifpyteflgeptozrgzmmp/Build/Products/Debug-iphonesimulator/PackageFrameworks -F/Users/leonardofigueiredo/Library/Developer/Xcode/DerivedData/Ratio-dgukedwfifpyteflgeptozrgzmmp/Build/Products/Debug-iphonesimulator/PackageFrameworks -F/Users/leonardofigueiredo/Library/Developer/Xcode/DerivedData/Ratio-dgukedwfifpyteflgeptozrgzmmp/Build/Products/Debug-iphonesimulator/PackageFrameworks -F/Users/leonardofigueiredo/Library/Developer/Xcode/DerivedData/Ratio-dgukedwfifpyteflgeptozrgzmmp/Build/Products/Debug-iphonesimulator/PackageFrameworks -F/Users/leonardofigueiredo/Library/Developer/Xcode/DerivedData/Ratio-dgukedwfifpyteflgeptozrgzmmp/Build/Products/Debug-iphonesimulator/PackageFrameworks -F/Users/leonardofigueiredo/Library/Developer/Xcode/DerivedData/Ratio-dgukedwfifpyteflgeptozrgzmmp/Build/Products/Debug-iphonesimulator -iframework /Applications/Xcode.app/Contents/Developer/Platforms/iPhoneSimulator.platform/Developer/Library/Frameworks -iframework /Applications/Xcode.app/Contents/Developer/Platforms/iPhoneSimulator.platform/Developer/SDKs/iPhoneSimulator26.2.sdk/Developer/Library/Frameworks -filelist /Users/leonardofigueiredo/Library/Developer/Xcode/DerivedData/Ratio-dgukedwfifpyteflgeptozrgzmmp/Build/Intermediates.noindex/Firebase.build/Debug-iphonesimulator/FirebaseInstallations.build/Objects-normal/arm64/FirebaseInstallations.LinkFileList -nostdlib -Xlinker -object_path_lto -Xlinker /Users/leonardofigueiredo/Library/Developer/Xcode/DerivedData/Ratio-dgukedwfifpyteflgeptozrgzmmp/Build/Intermediates.noindex/Firebase.build/Debug-iphonesimulator/FirebaseInstallations.build/Objects-normal/arm64/FirebaseInstallations_lto.o -rdynamic -Xlinker -no_deduplicate -Xlinker -objc_abi_version -Xlinker 2 -Xlinker -dependency_info -Xlinker /Users/leonardofigueiredo/Library/Developer/Xcode/DerivedData/Ratio-dgukedwfifpyteflgeptozrgzmmp/Build/Intermediates.noindex/Firebase.build/Debug-iphonesimulator/FirebaseInstallations.build/Objects-normal/arm64/FirebaseInstallations_dependency_info.dat -fobjc-arc -fobjc-link-runtime -o /Users/leonardofigueiredo/Library/Developer/Xcode/DerivedData/Ratio-dgukedwfifpyteflgeptozrgzmmp/Build/Products/Debug-iphonesimulator/FirebaseInstallations.o

RegisterExecutionPolicyException /Users/leonardofigueiredo/Library/Developer/Xcode/DerivedData/Ratio-dgukedwfifpyteflgeptozrgzmmp/Build/Products/Debug-iphonesimulator/FirebaseCoreExtension.o (in target 'FirebaseCoreExtension' from project 'Firebase')
    cd /Users/leonardofigueiredo/Library/Developer/Xcode/DerivedData/Ratio-dgukedwfifpyteflgeptozrgzmmp/SourcePackages/checkouts/firebase-ios-sdk
    builtin-RegisterExecutionPolicyException /Users/leonardofigueiredo/Library/Developer/Xcode/DerivedData/Ratio-dgukedwfifpyteflgeptozrgzmmp/Build/Products/Debug-iphonesimulator/FirebaseCoreExtension.o

RegisterExecutionPolicyException /Users/leonardofigueiredo/Library/Developer/Xcode/DerivedData/Ratio-dgukedwfifpyteflgeptozrgzmmp/Build/Products/Debug-iphonesimulator/GoogleAdsOnDeviceConversionTarget.o (in target 'GoogleAdsOnDeviceConversionTarget' from project 'GoogleAdsOnDeviceConversion')
    cd /Users/leonardofigueiredo/Library/Developer/Xcode/DerivedData/Ratio-dgukedwfifpyteflgeptozrgzmmp/SourcePackages/checkouts/google-ads-on-device-conversion-ios-sdk
    builtin-RegisterExecutionPolicyException /Users/leonardofigueiredo/Library/Developer/Xcode/DerivedData/Ratio-dgukedwfifpyteflgeptozrgzmmp/Build/Products/Debug-iphonesimulator/GoogleAdsOnDeviceConversionTarget.o

RegisterExecutionPolicyException /Users/leonardofigueiredo/Library/Developer/Xcode/DerivedData/Ratio-dgukedwfifpyteflgeptozrgzmmp/Build/Products/Debug-iphonesimulator/GoogleUtilities-AppDelegateSwizzler.o (in target 'GoogleUtilities-AppDelegateSwizzler' from project 'GoogleUtilities')
    cd /Users/leonardofigueiredo/Library/Developer/Xcode/DerivedData/Ratio-dgukedwfifpyteflgeptozrgzmmp/SourcePackages/checkouts/GoogleUtilities
    builtin-RegisterExecutionPolicyException /Users/leonardofigueiredo/Library/Developer/Xcode/DerivedData/Ratio-dgukedwfifpyteflgeptozrgzmmp/Build/Products/Debug-iphonesimulator/GoogleUtilities-AppDelegateSwizzler.o

Ld /Users/leonardofigueiredo/Library/Developer/Xcode/DerivedData/Ratio-dgukedwfifpyteflgeptozrgzmmp/Build/Products/Debug-iphonesimulator/FirebaseStorage.o normal (in target 'FirebaseStorage' from project 'Firebase')
    cd /Users/leonardofigueiredo/Library/Developer/Xcode/DerivedData/Ratio-dgukedwfifpyteflgeptozrgzmmp/SourcePackages/checkouts/firebase-ios-sdk
    /Applications/Xcode.app/Contents/Developer/Toolchains/XcodeDefault.xctoolchain/usr/bin/clang -Xlinker -reproducible -target arm64-apple-ios15.0-simulator -r -isysroot /Applications/Xcode.app/Contents/Developer/Platforms/iPhoneSimulator.platform/Developer/SDKs/iPhoneSimulator26.2.sdk -O0 -w -L/Users/leonardofigueiredo/Library/Developer/Xcode/DerivedData/Ratio-dgukedwfifpyteflgeptozrgzmmp/Build/Intermediates.noindex/EagerLinkingTBDs/Debug-iphonesimulator -L/Users/leonardofigueiredo/Library/Developer/Xcode/DerivedData/Ratio-dgukedwfifpyteflgeptozrgzmmp/Build/Products/Debug-iphonesimulator -L/Applications/Xcode.app/Contents/Developer/Platforms/iPhoneSimulator.platform/Developer/usr/lib -F/Users/leonardofigueiredo/Library/Developer/Xcode/DerivedData/Ratio-dgukedwfifpyteflgeptozrgzmmp/Build/Intermediates.noindex/EagerLinkingTBDs/Debug-iphonesimulator -F/Users/leonardofigueiredo/Library/Developer/Xcode/DerivedData/Ratio-dgukedwfifpyteflgeptozrgzmmp/Build/Products/Debug-iphonesimulator/PackageFrameworks -F/Users/leonardofigueiredo/Library/Developer/Xcode/DerivedData/Ratio-dgukedwfifpyteflgeptozrgzmmp/Build/Products/Debug-iphonesimulator/PackageFrameworks -F/Users/leonardofigueiredo/Library/Developer/Xcode/DerivedData/Ratio-dgukedwfifpyteflgeptozrgzmmp/Build/Products/Debug-iphonesimulator/PackageFrameworks -F/Users/leonardofigueiredo/Library/Developer/Xcode/DerivedData/Ratio-dgukedwfifpyteflgeptozrgzmmp/Build/Products/Debug-iphonesimulator/PackageFrameworks -F/Users/leonardofigueiredo/Library/Developer/Xcode/DerivedData/Ratio-dgukedwfifpyteflgeptozrgzmmp/Build/Products/Debug-iphonesimulator/PackageFrameworks -F/Users/leonardofigueiredo/Library/Developer/Xcode/DerivedData/Ratio-dgukedwfifpyteflgeptozrgzmmp/Build/Products/Debug-iphonesimulator/PackageFrameworks -F/Users/leonardofigueiredo/Library/Developer/Xcode/DerivedData/Ratio-dgukedwfifpyteflgeptozrgzmmp/Build/Products/Debug-iphonesimulator/PackageFrameworks -F/Users/leonardofigueiredo/Library/Developer/Xcode/DerivedData/Ratio-dgukedwfifpyteflgeptozrgzmmp/Build/Products/Debug-iphonesimulator/PackageFrameworks -F/Users/leonardofigueiredo/Library/Developer/Xcode/DerivedData/Ratio-dgukedwfifpyteflgeptozrgzmmp/Build/Products/Debug-iphonesimulator/PackageFrameworks -F/Users/leonardofigueiredo/Library/Developer/Xcode/DerivedData/Ratio-dgukedwfifpyteflgeptozrgzmmp/Build/Products/Debug-iphonesimulator/PackageFrameworks -F/Users/leonardofigueiredo/Library/Developer/Xcode/DerivedData/Ratio-dgukedwfifpyteflgeptozrgzmmp/Build/Products/Debug-iphonesimulator/PackageFrameworks -F/Users/leonardofigueiredo/Library/Developer/Xcode/DerivedData/Ratio-dgukedwfifpyteflgeptozrgzmmp/Build/Products/Debug-iphonesimulator -iframework /Applications/Xcode.app/Contents/Developer/Platforms/iPhoneSimulator.platform/Developer/Library/Frameworks -iframework /Applications/Xcode.app/Contents/Developer/Platforms/iPhoneSimulator.platform/Developer/SDKs/iPhoneSimulator26.2.sdk/Developer/Library/Frameworks -filelist /Users/leonardofigueiredo/Library/Developer/Xcode/DerivedData/Ratio-dgukedwfifpyteflgeptozrgzmmp/Build/Intermediates.noindex/Firebase.build/Debug-iphonesimulator/FirebaseStorage.build/Objects-normal/arm64/FirebaseStorage.LinkFileList -nostdlib -Xlinker -object_path_lto -Xlinker /Users/leonardofigueiredo/Library/Developer/Xcode/DerivedData/Ratio-dgukedwfifpyteflgeptozrgzmmp/Build/Intermediates.noindex/Firebase.build/Debug-iphonesimulator/FirebaseStorage.build/Objects-normal/arm64/FirebaseStorage_lto.o -rdynamic -Xlinker -no_deduplicate -Xlinker -objc_abi_version -Xlinker 2 -Xlinker -dependency_info -Xlinker /Users/leonardofigueiredo/Library/Developer/Xcode/DerivedData/Ratio-dgukedwfifpyteflgeptozrgzmmp/Build/Intermediates.noindex/Firebase.build/Debug-iphonesimulator/FirebaseStorage.build/Objects-normal/arm64/FirebaseStorage_dependency_info.dat -fobjc-link-runtime -L/Applications/Xcode.app/Contents/Developer/Toolchains/XcodeDefault.xctoolchain/usr/lib/swift/iphonesimulator -L/usr/lib/swift -Xlinker -add_ast_path -Xlinker /Users/leonardofigueiredo/Library/Developer/Xcode/DerivedData/Ratio-dgukedwfifpyteflgeptozrgzmmp/Build/Intermediates.noindex/Firebase.build/Debug-iphonesimulator/FirebaseStorage.build/Objects-normal/arm64/FirebaseStorage.swiftmodule @/Users/leonardofigueiredo/Library/Developer/Xcode/DerivedData/Ratio-dgukedwfifpyteflgeptozrgzmmp/Build/Intermediates.noindex/Firebase.build/Debug-iphonesimulator/FirebaseStorage.build/Objects-normal/arm64/FirebaseStorage-linker-args.resp -o /Users/leonardofigueiredo/Library/Developer/Xcode/DerivedData/Ratio-dgukedwfifpyteflgeptozrgzmmp/Build/Products/Debug-iphonesimulator/FirebaseStorage.o

Ld /Users/leonardofigueiredo/Library/Developer/Xcode/DerivedData/Ratio-dgukedwfifpyteflgeptozrgzmmp/Build/Products/Debug-iphonesimulator/FirebaseSessionsObjC.o normal (in target 'FirebaseSessionsObjC' from project 'Firebase')
    cd /Users/leonardofigueiredo/Library/Developer/Xcode/DerivedData/Ratio-dgukedwfifpyteflgeptozrgzmmp/SourcePackages/checkouts/firebase-ios-sdk
    /Applications/Xcode.app/Contents/Developer/Toolchains/XcodeDefault.xctoolchain/usr/bin/clang -Xlinker -reproducible -target arm64-apple-ios15.0-simulator -r -isysroot /Applications/Xcode.app/Contents/Developer/Platforms/iPhoneSimulator.platform/Developer/SDKs/iPhoneSimulator26.2.sdk -O0 -w -L/Users/leonardofigueiredo/Library/Developer/Xcode/DerivedData/Ratio-dgukedwfifpyteflgeptozrgzmmp/Build/Intermediates.noindex/EagerLinkingTBDs/Debug-iphonesimulator -L/Users/leonardofigueiredo/Library/Developer/Xcode/DerivedData/Ratio-dgukedwfifpyteflgeptozrgzmmp/Build/Products/Debug-iphonesimulator -L/Applications/Xcode.app/Contents/Developer/Platforms/iPhoneSimulator.platform/Developer/usr/lib -F/Users/leonardofigueiredo/Library/Developer/Xcode/DerivedData/Ratio-dgukedwfifpyteflgeptozrgzmmp/Build/Intermediates.noindex/EagerLinkingTBDs/Debug-iphonesimulator -F/Users/leonardofigueiredo/Library/Developer/Xcode/DerivedData/Ratio-dgukedwfifpyteflgeptozrgzmmp/Build/Products/Debug-iphonesimulator/PackageFrameworks -F/Users/leonardofigueiredo/Library/Developer/Xcode/DerivedData/Ratio-dgukedwfifpyteflgeptozrgzmmp/Build/Products/Debug-iphonesimulator/PackageFrameworks -F/Users/leonardofigueiredo/Library/Developer/Xcode/DerivedData/Ratio-dgukedwfifpyteflgeptozrgzmmp/Build/Products/Debug-iphonesimulator/PackageFrameworks -F/Users/leonardofigueiredo/Library/Developer/Xcode/DerivedData/Ratio-dgukedwfifpyteflgeptozrgzmmp/Build/Products/Debug-iphonesimulator/PackageFrameworks -F/Users/leonardofigueiredo/Library/Developer/Xcode/DerivedData/Ratio-dgukedwfifpyteflgeptozrgzmmp/Build/Products/Debug-iphonesimulator/PackageFrameworks -F/Users/leonardofigueiredo/Library/Developer/Xcode/DerivedData/Ratio-dgukedwfifpyteflgeptozrgzmmp/Build/Products/Debug-iphonesimulator/PackageFrameworks -F/Users/leonardofigueiredo/Library/Developer/Xcode/DerivedData/Ratio-dgukedwfifpyteflgeptozrgzmmp/Build/Products/Debug-iphonesimulator/PackageFrameworks -F/Users/leonardofigueiredo/Library/Developer/Xcode/DerivedData/Ratio-dgukedwfifpyteflgeptozrgzmmp/Build/Products/Debug-iphonesimulator/PackageFrameworks -F/Users/leonardofigueiredo/Library/Developer/Xcode/DerivedData/Ratio-dgukedwfifpyteflgeptozrgzmmp/Build/Products/Debug-iphonesimulator/PackageFrameworks -F/Users/leonardofigueiredo/Library/Developer/Xcode/DerivedData/Ratio-dgukedwfifpyteflgeptozrgzmmp/Build/Products/Debug-iphonesimulator -iframework /Applications/Xcode.app/Contents/Developer/Platforms/iPhoneSimulator.platform/Developer/Library/Frameworks -iframework /Applications/Xcode.app/Contents/Developer/Platforms/iPhoneSimulator.platform/Developer/SDKs/iPhoneSimulator26.2.sdk/Developer/Library/Frameworks -filelist /Users/leonardofigueiredo/Library/Developer/Xcode/DerivedData/Ratio-dgukedwfifpyteflgeptozrgzmmp/Build/Intermediates.noindex/Firebase.build/Debug-iphonesimulator/FirebaseSessionsObjC.build/Objects-normal/arm64/FirebaseSessionsObjC.LinkFileList -nostdlib -Xlinker -object_path_lto -Xlinker /Users/leonardofigueiredo/Library/Developer/Xcode/DerivedData/Ratio-dgukedwfifpyteflgeptozrgzmmp/Build/Intermediates.noindex/Firebase.build/Debug-iphonesimulator/FirebaseSessionsObjC.build/Objects-normal/arm64/FirebaseSessionsObjC_lto.o -rdynamic -Xlinker -no_deduplicate -Xlinker -objc_abi_version -Xlinker 2 -Xlinker -dependency_info -Xlinker /Users/leonardofigueiredo/Library/Developer/Xcode/DerivedData/Ratio-dgukedwfifpyteflgeptozrgzmmp/Build/Intermediates.noindex/Firebase.build/Debug-iphonesimulator/FirebaseSessionsObjC.build/Objects-normal/arm64/FirebaseSessionsObjC_dependency_info.dat -fobjc-arc -fobjc-link-runtime -o /Users/leonardofigueiredo/Library/Developer/Xcode/DerivedData/Ratio-dgukedwfifpyteflgeptozrgzmmp/Build/Products/Debug-iphonesimulator/FirebaseSessionsObjC.o

RegisterExecutionPolicyException /Users/leonardofigueiredo/Library/Developer/Xcode/DerivedData/Ratio-dgukedwfifpyteflgeptozrgzmmp/Build/Products/Debug-iphonesimulator/FirebaseSharedSwift.o (in target 'FirebaseSharedSwift' from project 'Firebase')
    cd /Users/leonardofigueiredo/Library/Developer/Xcode/DerivedData/Ratio-dgukedwfifpyteflgeptozrgzmmp/SourcePackages/checkouts/firebase-ios-sdk
    builtin-RegisterExecutionPolicyException /Users/leonardofigueiredo/Library/Developer/Xcode/DerivedData/Ratio-dgukedwfifpyteflgeptozrgzmmp/Build/Products/Debug-iphonesimulator/FirebaseSharedSwift.o

Ld /Users/leonardofigueiredo/Library/Developer/Xcode/DerivedData/Ratio-dgukedwfifpyteflgeptozrgzmmp/Build/Products/Debug-iphonesimulator/GoogleAppMeasurementTarget.o normal (in target 'GoogleAppMeasurementTarget' from project 'GoogleAppMeasurement')
    cd /Users/leonardofigueiredo/Library/Developer/Xcode/DerivedData/Ratio-dgukedwfifpyteflgeptozrgzmmp/SourcePackages/checkouts/GoogleAppMeasurement
    /Applications/Xcode.app/Contents/Developer/Toolchains/XcodeDefault.xctoolchain/usr/bin/clang -Xlinker -reproducible -target arm64-apple-ios15.0-simulator -r -isysroot /Applications/Xcode.app/Contents/Developer/Platforms/iPhoneSimulator.platform/Developer/SDKs/iPhoneSimulator26.2.sdk -O0 -w -L/Users/leonardofigueiredo/Library/Developer/Xcode/DerivedData/Ratio-dgukedwfifpyteflgeptozrgzmmp/Build/Intermediates.noindex/EagerLinkingTBDs/Debug-iphonesimulator -L/Users/leonardofigueiredo/Library/Developer/Xcode/DerivedData/Ratio-dgukedwfifpyteflgeptozrgzmmp/Build/Products/Debug-iphonesimulator -L/Applications/Xcode.app/Contents/Developer/Platforms/iPhoneSimulator.platform/Developer/usr/lib -F/Users/leonardofigueiredo/Library/Developer/Xcode/DerivedData/Ratio-dgukedwfifpyteflgeptozrgzmmp/Build/Intermediates.noindex/EagerLinkingTBDs/Debug-iphonesimulator -F/Users/leonardofigueiredo/Library/Developer/Xcode/DerivedData/Ratio-dgukedwfifpyteflgeptozrgzmmp/Build/Products/Debug-iphonesimulator/PackageFrameworks -F/Users/leonardofigueiredo/Library/Developer/Xcode/DerivedData/Ratio-dgukedwfifpyteflgeptozrgzmmp/Build/Products/Debug-iphonesimulator/PackageFrameworks -F/Users/leonardofigueiredo/Library/Developer/Xcode/DerivedData/Ratio-dgukedwfifpyteflgeptozrgzmmp/Build/Products/Debug-iphonesimulator/PackageFrameworks -F/Users/leonardofigueiredo/Library/Developer/Xcode/DerivedData/Ratio-dgukedwfifpyteflgeptozrgzmmp/Build/Products/Debug-iphonesimulator/PackageFrameworks -F/Users/leonardofigueiredo/Library/Developer/Xcode/DerivedData/Ratio-dgukedwfifpyteflgeptozrgzmmp/Build/Products/Debug-iphonesimulator/PackageFrameworks -F/Users/leonardofigueiredo/Library/Developer/Xcode/DerivedData/Ratio-dgukedwfifpyteflgeptozrgzmmp/Build/Products/Debug-iphonesimulator/PackageFrameworks -F/Users/leonardofigueiredo/Library/Developer/Xcode/DerivedData/Ratio-dgukedwfifpyteflgeptozrgzmmp/Build/Products/Debug-iphonesimulator/PackageFrameworks -F/Users/leonardofigueiredo/Library/Developer/Xcode/DerivedData/Ratio-dgukedwfifpyteflgeptozrgzmmp/Build/Products/Debug-iphonesimulator/PackageFrameworks -F/Users/leonardofigueiredo/Library/Developer/Xcode/DerivedData/Ratio-dgukedwfifpyteflgeptozrgzmmp/Build/Products/Debug-iphonesimulator/PackageFrameworks -F/Users/leonardofigueiredo/Library/Developer/Xcode/DerivedData/Ratio-dgukedwfifpyteflgeptozrgzmmp/Build/Products/Debug-iphonesimulator/PackageFrameworks -F/Users/leonardofigueiredo/Library/Developer/Xcode/DerivedData/Ratio-dgukedwfifpyteflgeptozrgzmmp/Build/Products/Debug-iphonesimulator -iframework /Applications/Xcode.app/Contents/Developer/Platforms/iPhoneSimulator.platform/Developer/Library/Frameworks -iframework /Applications/Xcode.app/Contents/Developer/Platforms/iPhoneSimulator.platform/Developer/SDKs/iPhoneSimulator26.2.sdk/Developer/Library/Frameworks -filelist /Users/leonardofigueiredo/Library/Developer/Xcode/DerivedData/Ratio-dgukedwfifpyteflgeptozrgzmmp/Build/Intermediates.noindex/GoogleAppMeasurement.build/Debug-iphonesimulator/GoogleAppMeasurementTarget.build/Objects-normal/arm64/GoogleAppMeasurementTarget.LinkFileList -nostdlib -Xlinker -object_path_lto -Xlinker /Users/leonardofigueiredo/Library/Developer/Xcode/DerivedData/Ratio-dgukedwfifpyteflgeptozrgzmmp/Build/Intermediates.noindex/GoogleAppMeasurement.build/Debug-iphonesimulator/GoogleAppMeasurementTarget.build/Objects-normal/arm64/GoogleAppMeasurementTarget_lto.o -rdynamic -Xlinker -no_deduplicate -Xlinker -objc_abi_version -Xlinker 2 -Xlinker -dependency_info -Xlinker /Users/leonardofigueiredo/Library/Developer/Xcode/DerivedData/Ratio-dgukedwfifpyteflgeptozrgzmmp/Build/Intermediates.noindex/GoogleAppMeasurement.build/Debug-iphonesimulator/GoogleAppMeasurementTarget.build/Objects-normal/arm64/GoogleAppMeasurementTarget_dependency_info.dat -fobjc-arc -fobjc-link-runtime -o /Users/leonardofigueiredo/Library/Developer/Xcode/DerivedData/Ratio-dgukedwfifpyteflgeptozrgzmmp/Build/Products/Debug-iphonesimulator/GoogleAppMeasurementTarget.o

Ld /Users/leonardofigueiredo/Library/Developer/Xcode/DerivedData/Ratio-dgukedwfifpyteflgeptozrgzmmp/Build/Products/Debug-iphonesimulator/GoogleAppMeasurementCoreTarget.o normal (in target 'GoogleAppMeasurementCoreTarget' from project 'GoogleAppMeasurement')
    cd /Users/leonardofigueiredo/Library/Developer/Xcode/DerivedData/Ratio-dgukedwfifpyteflgeptozrgzmmp/SourcePackages/checkouts/GoogleAppMeasurement
    /Applications/Xcode.app/Contents/Developer/Toolchains/XcodeDefault.xctoolchain/usr/bin/clang -Xlinker -reproducible -target arm64-apple-ios15.0-simulator -r -isysroot /Applications/Xcode.app/Contents/Developer/Platforms/iPhoneSimulator.platform/Developer/SDKs/iPhoneSimulator26.2.sdk -O0 -w -L/Users/leonardofigueiredo/Library/Developer/Xcode/DerivedData/Ratio-dgukedwfifpyteflgeptozrgzmmp/Build/Intermediates.noindex/EagerLinkingTBDs/Debug-iphonesimulator -L/Users/leonardofigueiredo/Library/Developer/Xcode/DerivedData/Ratio-dgukedwfifpyteflgeptozrgzmmp/Build/Products/Debug-iphonesimulator -L/Applications/Xcode.app/Contents/Developer/Platforms/iPhoneSimulator.platform/Developer/usr/lib -F/Users/leonardofigueiredo/Library/Developer/Xcode/DerivedData/Ratio-dgukedwfifpyteflgeptozrgzmmp/Build/Intermediates.noindex/EagerLinkingTBDs/Debug-iphonesimulator -F/Users/leonardofigueiredo/Library/Developer/Xcode/DerivedData/Ratio-dgukedwfifpyteflgeptozrgzmmp/Build/Products/Debug-iphonesimulator/PackageFrameworks -F/Users/leonardofigueiredo/Library/Developer/Xcode/DerivedData/Ratio-dgukedwfifpyteflgeptozrgzmmp/Build/Products/Debug-iphonesimulator/PackageFrameworks -F/Users/leonardofigueiredo/Library/Developer/Xcode/DerivedData/Ratio-dgukedwfifpyteflgeptozrgzmmp/Build/Products/Debug-iphonesimulator/PackageFrameworks -F/Users/leonardofigueiredo/Library/Developer/Xcode/DerivedData/Ratio-dgukedwfifpyteflgeptozrgzmmp/Build/Products/Debug-iphonesimulator/PackageFrameworks -F/Users/leonardofigueiredo/Library/Developer/Xcode/DerivedData/Ratio-dgukedwfifpyteflgeptozrgzmmp/Build/Products/Debug-iphonesimulator/PackageFrameworks -F/Users/leonardofigueiredo/Library/Developer/Xcode/DerivedData/Ratio-dgukedwfifpyteflgeptozrgzmmp/Build/Products/Debug-iphonesimulator/PackageFrameworks -F/Users/leonardofigueiredo/Library/Developer/Xcode/DerivedData/Ratio-dgukedwfifpyteflgeptozrgzmmp/Build/Products/Debug-iphonesimulator/PackageFrameworks -F/Users/leonardofigueiredo/Library/Developer/Xcode/DerivedData/Ratio-dgukedwfifpyteflgeptozrgzmmp/Build/Products/Debug-iphonesimulator/PackageFrameworks -F/Users/leonardofigueiredo/Library/Developer/Xcode/DerivedData/Ratio-dgukedwfifpyteflgeptozrgzmmp/Build/Products/Debug-iphonesimulator/PackageFrameworks -F/Users/leonardofigueiredo/Library/Developer/Xcode/DerivedData/Ratio-dgukedwfifpyteflgeptozrgzmmp/Build/Products/Debug-iphonesimulator -iframework /Applications/Xcode.app/Contents/Developer/Platforms/iPhoneSimulator.platform/Developer/Library/Frameworks -iframework /Applications/Xcode.app/Contents/Developer/Platforms/iPhoneSimulator.platform/Developer/SDKs/iPhoneSimulator26.2.sdk/Developer/Library/Frameworks -filelist /Users/leonardofigueiredo/Library/Developer/Xcode/DerivedData/Ratio-dgukedwfifpyteflgeptozrgzmmp/Build/Intermediates.noindex/GoogleAppMeasurement.build/Debug-iphonesimulator/GoogleAppMeasurementCoreTarget.build/Objects-normal/arm64/GoogleAppMeasurementCoreTarget.LinkFileList -nostdlib -Xlinker -object_path_lto -Xlinker /Users/leonardofigueiredo/Library/Developer/Xcode/DerivedData/Ratio-dgukedwfifpyteflgeptozrgzmmp/Build/Intermediates.noindex/GoogleAppMeasurement.build/Debug-iphonesimulator/GoogleAppMeasurementCoreTarget.build/Objects-normal/arm64/GoogleAppMeasurementCoreTarget_lto.o -rdynamic -Xlinker -no_deduplicate -Xlinker -objc_abi_version -Xlinker 2 -Xlinker -dependency_info -Xlinker /Users/leonardofigueiredo/Library/Developer/Xcode/DerivedData/Ratio-dgukedwfifpyteflgeptozrgzmmp/Build/Intermediates.noindex/GoogleAppMeasurement.build/Debug-iphonesimulator/GoogleAppMeasurementCoreTarget.build/Objects-normal/arm64/GoogleAppMeasurementCoreTarget_dependency_info.dat -fobjc-arc -fobjc-link-runtime -o /Users/leonardofigueiredo/Library/Developer/Xcode/DerivedData/Ratio-dgukedwfifpyteflgeptozrgzmmp/Build/Products/Debug-iphonesimulator/GoogleAppMeasurementCoreTarget.o

Ld /Users/leonardofigueiredo/Library/Developer/Xcode/DerivedData/Ratio-dgukedwfifpyteflgeptozrgzmmp/Build/Products/Debug-iphonesimulator/FirebaseAuth.o normal (in target 'FirebaseAuth' from project 'Firebase')
    cd /Users/leonardofigueiredo/Library/Developer/Xcode/DerivedData/Ratio-dgukedwfifpyteflgeptozrgzmmp/SourcePackages/checkouts/firebase-ios-sdk
    /Applications/Xcode.app/Contents/Developer/Toolchains/XcodeDefault.xctoolchain/usr/bin/clang -Xlinker -reproducible -target arm64-apple-ios15.0-simulator -r -isysroot /Applications/Xcode.app/Contents/Developer/Platforms/iPhoneSimulator.platform/Developer/SDKs/iPhoneSimulator26.2.sdk -O0 -w -L/Users/leonardofigueiredo/Library/Developer/Xcode/DerivedData/Ratio-dgukedwfifpyteflgeptozrgzmmp/Build/Intermediates.noindex/EagerLinkingTBDs/Debug-iphonesimulator -L/Users/leonardofigueiredo/Library/Developer/Xcode/DerivedData/Ratio-dgukedwfifpyteflgeptozrgzmmp/Build/Products/Debug-iphonesimulator -L/Applications/Xcode.app/Contents/Developer/Platforms/iPhoneSimulator.platform/Developer/usr/lib -F/Users/leonardofigueiredo/Library/Developer/Xcode/DerivedData/Ratio-dgukedwfifpyteflgeptozrgzmmp/Build/Intermediates.noindex/EagerLinkingTBDs/Debug-iphonesimulator -F/Users/leonardofigueiredo/Library/Developer/Xcode/DerivedData/Ratio-dgukedwfifpyteflgeptozrgzmmp/Build/Products/Debug-iphonesimulator/PackageFrameworks -F/Users/leonardofigueiredo/Library/Developer/Xcode/DerivedData/Ratio-dgukedwfifpyteflgeptozrgzmmp/Build/Products/Debug-iphonesimulator/PackageFrameworks -F/Users/leonardofigueiredo/Library/Developer/Xcode/DerivedData/Ratio-dgukedwfifpyteflgeptozrgzmmp/Build/Products/Debug-iphonesimulator/PackageFrameworks -F/Users/leonardofigueiredo/Library/Developer/Xcode/DerivedData/Ratio-dgukedwfifpyteflgeptozrgzmmp/Build/Products/Debug-iphonesimulator/PackageFrameworks -F/Users/leonardofigueiredo/Library/Developer/Xcode/DerivedData/Ratio-dgukedwfifpyteflgeptozrgzmmp/Build/Products/Debug-iphonesimulator/PackageFrameworks -F/Users/leonardofigueiredo/Library/Developer/Xcode/DerivedData/Ratio-dgukedwfifpyteflgeptozrgzmmp/Build/Products/Debug-iphonesimulator/PackageFrameworks -F/Users/leonardofigueiredo/Library/Developer/Xcode/DerivedData/Ratio-dgukedwfifpyteflgeptozrgzmmp/Build/Products/Debug-iphonesimulator/PackageFrameworks -F/Users/leonardofigueiredo/Library/Developer/Xcode/DerivedData/Ratio-dgukedwfifpyteflgeptozrgzmmp/Build/Products/Debug-iphonesimulator/PackageFrameworks -F/Users/leonardofigueiredo/Library/Developer/Xcode/DerivedData/Ratio-dgukedwfifpyteflgeptozrgzmmp/Build/Products/Debug-iphonesimulator/PackageFrameworks -F/Users/leonardofigueiredo/Library/Developer/Xcode/DerivedData/Ratio-dgukedwfifpyteflgeptozrgzmmp/Build/Products/Debug-iphonesimulator/PackageFrameworks -F/Users/leonardofigueiredo/Library/Developer/Xcode/DerivedData/Ratio-dgukedwfifpyteflgeptozrgzmmp/Build/Products/Debug-iphonesimulator/PackageFrameworks -F/Users/leonardofigueiredo/Library/Developer/Xcode/DerivedData/Ratio-dgukedwfifpyteflgeptozrgzmmp/Build/Products/Debug-iphonesimulator/PackageFrameworks -F/Users/leonardofigueiredo/Library/Developer/Xcode/DerivedData/Ratio-dgukedwfifpyteflgeptozrgzmmp/Build/Products/Debug-iphonesimulator/PackageFrameworks -F/Users/leonardofigueiredo/Library/Developer/Xcode/DerivedData/Ratio-dgukedwfifpyteflgeptozrgzmmp/Build/Products/Debug-iphonesimulator/PackageFrameworks -F/Users/leonardofigueiredo/Library/Developer/Xcode/DerivedData/Ratio-dgukedwfifpyteflgeptozrgzmmp/Build/Products/Debug-iphonesimulator/PackageFrameworks -F/Users/leonardofigueiredo/Library/Developer/Xcode/DerivedData/Ratio-dgukedwfifpyteflgeptozrgzmmp/Build/Products/Debug-iphonesimulator/PackageFrameworks -F/Users/leonardofigueiredo/Library/Developer/Xcode/DerivedData/Ratio-dgukedwfifpyteflgeptozrgzmmp/Build/Products/Debug-iphonesimulator -iframework /Applications/Xcode.app/Contents/Developer/Platforms/iPhoneSimulator.platform/Developer/Library/Frameworks -iframework /Applications/Xcode.app/Contents/Developer/Platforms/iPhoneSimulator.platform/Developer/SDKs/iPhoneSimulator26.2.sdk/Developer/Library/Frameworks -filelist /Users/leonardofigueiredo/Library/Developer/Xcode/DerivedData/Ratio-dgukedwfifpyteflgeptozrgzmmp/Build/Intermediates.noindex/Firebase.build/Debug-iphonesimulator/FirebaseAuth.build/Objects-normal/arm64/FirebaseAuth.LinkFileList -nostdlib -Xlinker -object_path_lto -Xlinker /Users/leonardofigueiredo/Library/Developer/Xcode/DerivedData/Ratio-dgukedwfifpyteflgeptozrgzmmp/Build/Intermediates.noindex/Firebase.build/Debug-iphonesimulator/FirebaseAuth.build/Objects-normal/arm64/FirebaseAuth_lto.o -rdynamic -Xlinker -no_deduplicate -Xlinker -objc_abi_version -Xlinker 2 -Xlinker -dependency_info -Xlinker /Users/leonardofigueiredo/Library/Developer/Xcode/DerivedData/Ratio-dgukedwfifpyteflgeptozrgzmmp/Build/Intermediates.noindex/Firebase.build/Debug-iphonesimulator/FirebaseAuth.build/Objects-normal/arm64/FirebaseAuth_dependency_info.dat -fobjc-link-runtime -L/Applications/Xcode.app/Contents/Developer/Toolchains/XcodeDefault.xctoolchain/usr/lib/swift/iphonesimulator -L/usr/lib/swift -Xlinker -add_ast_path -Xlinker /Users/leonardofigueiredo/Library/Developer/Xcode/DerivedData/Ratio-dgukedwfifpyteflgeptozrgzmmp/Build/Intermediates.noindex/Firebase.build/Debug-iphonesimulator/FirebaseAuth.build/Objects-normal/arm64/FirebaseAuth.swiftmodule @/Users/leonardofigueiredo/Library/Developer/Xcode/DerivedData/Ratio-dgukedwfifpyteflgeptozrgzmmp/Build/Intermediates.noindex/Firebase.build/Debug-iphonesimulator/FirebaseAuth.build/Objects-normal/arm64/FirebaseAuth-linker-args.resp -o /Users/leonardofigueiredo/Library/Developer/Xcode/DerivedData/Ratio-dgukedwfifpyteflgeptozrgzmmp/Build/Products/Debug-iphonesimulator/FirebaseAuth.o

RegisterExecutionPolicyException /Users/leonardofigueiredo/Library/Developer/Xcode/DerivedData/Ratio-dgukedwfifpyteflgeptozrgzmmp/Build/Products/Debug-iphonesimulator/FirebaseABTesting.o (in target 'FirebaseABTesting' from project 'Firebase')
    cd /Users/leonardofigueiredo/Library/Developer/Xcode/DerivedData/Ratio-dgukedwfifpyteflgeptozrgzmmp/SourcePackages/checkouts/firebase-ios-sdk
    builtin-RegisterExecutionPolicyException /Users/leonardofigueiredo/Library/Developer/Xcode/DerivedData/Ratio-dgukedwfifpyteflgeptozrgzmmp/Build/Products/Debug-iphonesimulator/FirebaseABTesting.o

Ld /Users/leonardofigueiredo/Library/Developer/Xcode/DerivedData/Ratio-dgukedwfifpyteflgeptozrgzmmp/Build/Products/Debug-iphonesimulator/FirebaseFirestore.o normal (in target 'FirebaseFirestore' from project 'Firebase')
    cd /Users/leonardofigueiredo/Library/Developer/Xcode/DerivedData/Ratio-dgukedwfifpyteflgeptozrgzmmp/SourcePackages/checkouts/firebase-ios-sdk
    /Applications/Xcode.app/Contents/Developer/Toolchains/XcodeDefault.xctoolchain/usr/bin/clang -Xlinker -reproducible -target arm64-apple-ios15.0-simulator -r -isysroot /Applications/Xcode.app/Contents/Developer/Platforms/iPhoneSimulator.platform/Developer/SDKs/iPhoneSimulator26.2.sdk -O0 -w -L/Users/leonardofigueiredo/Library/Developer/Xcode/DerivedData/Ratio-dgukedwfifpyteflgeptozrgzmmp/Build/Intermediates.noindex/EagerLinkingTBDs/Debug-iphonesimulator -L/Users/leonardofigueiredo/Library/Developer/Xcode/DerivedData/Ratio-dgukedwfifpyteflgeptozrgzmmp/Build/Products/Debug-iphonesimulator -L/Applications/Xcode.app/Contents/Developer/Platforms/iPhoneSimulator.platform/Developer/usr/lib -F/Users/leonardofigueiredo/Library/Developer/Xcode/DerivedData/Ratio-dgukedwfifpyteflgeptozrgzmmp/Build/Intermediates.noindex/EagerLinkingTBDs/Debug-iphonesimulator -F/Users/leonardofigueiredo/Library/Developer/Xcode/DerivedData/Ratio-dgukedwfifpyteflgeptozrgzmmp/Build/Products/Debug-iphonesimulator/PackageFrameworks -F/Users/leonardofigueiredo/Library/Developer/Xcode/DerivedData/Ratio-dgukedwfifpyteflgeptozrgzmmp/Build/Products/Debug-iphonesimulator/PackageFrameworks -F/Users/leonardofigueiredo/Library/Developer/Xcode/DerivedData/Ratio-dgukedwfifpyteflgeptozrgzmmp/Build/Products/Debug-iphonesimulator/PackageFrameworks -F/Users/leonardofigueiredo/Library/Developer/Xcode/DerivedData/Ratio-dgukedwfifpyteflgeptozrgzmmp/Build/Products/Debug-iphonesimulator/PackageFrameworks -F/Users/leonardofigueiredo/Library/Developer/Xcode/DerivedData/Ratio-dgukedwfifpyteflgeptozrgzmmp/Build/Products/Debug-iphonesimulator/PackageFrameworks -F/Users/leonardofigueiredo/Library/Developer/Xcode/DerivedData/Ratio-dgukedwfifpyteflgeptozrgzmmp/Build/Products/Debug-iphonesimulator/PackageFrameworks -F/Users/leonardofigueiredo/Library/Developer/Xcode/DerivedData/Ratio-dgukedwfifpyteflgeptozrgzmmp/Build/Products/Debug-iphonesimulator/PackageFrameworks -F/Users/leonardofigueiredo/Library/Developer/Xcode/DerivedData/Ratio-dgukedwfifpyteflgeptozrgzmmp/Build/Products/Debug-iphonesimulator/PackageFrameworks -F/Users/leonardofigueiredo/Library/Developer/Xcode/DerivedData/Ratio-dgukedwfifpyteflgeptozrgzmmp/Build/Products/Debug-iphonesimulator/PackageFrameworks -F/Users/leonardofigueiredo/Library/Developer/Xcode/DerivedData/Ratio-dgukedwfifpyteflgeptozrgzmmp/Build/Products/Debug-iphonesimulator/PackageFrameworks -F/Users/leonardofigueiredo/Library/Developer/Xcode/DerivedData/Ratio-dgukedwfifpyteflgeptozrgzmmp/Build/Products/Debug-iphonesimulator/PackageFrameworks -F/Users/leonardofigueiredo/Library/Developer/Xcode/DerivedData/Ratio-dgukedwfifpyteflgeptozrgzmmp/Build/Products/Debug-iphonesimulator/PackageFrameworks -F/Users/leonardofigueiredo/Library/Developer/Xcode/DerivedData/Ratio-dgukedwfifpyteflgeptozrgzmmp/Build/Products/Debug-iphonesimulator/PackageFrameworks -F/Users/leonardofigueiredo/Library/Developer/Xcode/DerivedData/Ratio-dgukedwfifpyteflgeptozrgzmmp/Build/Products/Debug-iphonesimulator/PackageFrameworks -F/Users/leonardofigueiredo/Library/Developer/Xcode/DerivedData/Ratio-dgukedwfifpyteflgeptozrgzmmp/Build/Products/Debug-iphonesimulator/PackageFrameworks -F/Users/leonardofigueiredo/Library/Developer/Xcode/DerivedData/Ratio-dgukedwfifpyteflgeptozrgzmmp/Build/Products/Debug-iphonesimulator/PackageFrameworks -F/Users/leonardofigueiredo/Library/Developer/Xcode/DerivedData/Ratio-dgukedwfifpyteflgeptozrgzmmp/Build/Products/Debug-iphonesimulator/PackageFrameworks -F/Users/leonardofigueiredo/Library/Developer/Xcode/DerivedData/Ratio-dgukedwfifpyteflgeptozrgzmmp/Build/Products/Debug-iphonesimulator -iframework /Applications/Xcode.app/Contents/Developer/Platforms/iPhoneSimulator.platform/Developer/Library/Frameworks -iframework /Applications/Xcode.app/Contents/Developer/Platforms/iPhoneSimulator.platform/Developer/SDKs/iPhoneSimulator26.2.sdk/Developer/Library/Frameworks -filelist /Users/leonardofigueiredo/Library/Developer/Xcode/DerivedData/Ratio-dgukedwfifpyteflgeptozrgzmmp/Build/Intermediates.noindex/Firebase.build/Debug-iphonesimulator/FirebaseFirestore.build/Objects-normal/arm64/FirebaseFirestore.LinkFileList -nostdlib -Xlinker -object_path_lto -Xlinker /Users/leonardofigueiredo/Library/Developer/Xcode/DerivedData/Ratio-dgukedwfifpyteflgeptozrgzmmp/Build/Intermediates.noindex/Firebase.build/Debug-iphonesimulator/FirebaseFirestore.build/Objects-normal/arm64/FirebaseFirestore_lto.o -rdynamic -Xlinker -no_deduplicate -Xlinker -objc_abi_version -Xlinker 2 -Xlinker -dependency_info -Xlinker /Users/leonardofigueiredo/Library/Developer/Xcode/DerivedData/Ratio-dgukedwfifpyteflgeptozrgzmmp/Build/Intermediates.noindex/Firebase.build/Debug-iphonesimulator/FirebaseFirestore.build/Objects-normal/arm64/FirebaseFirestore_dependency_info.dat -fobjc-link-runtime -L/Applications/Xcode.app/Contents/Developer/Toolchains/XcodeDefault.xctoolchain/usr/lib/swift/iphonesimulator -L/usr/lib/swift -Xlinker -add_ast_path -Xlinker /Users/leonardofigueiredo/Library/Developer/Xcode/DerivedData/Ratio-dgukedwfifpyteflgeptozrgzmmp/Build/Intermediates.noindex/Firebase.build/Debug-iphonesimulator/FirebaseFirestore.build/Objects-normal/arm64/FirebaseFirestore.swiftmodule @/Users/leonardofigueiredo/Library/Developer/Xcode/DerivedData/Ratio-dgukedwfifpyteflgeptozrgzmmp/Build/Intermediates.noindex/Firebase.build/Debug-iphonesimulator/FirebaseFirestore.build/Objects-normal/arm64/FirebaseFirestore-linker-args.resp -o /Users/leonardofigueiredo/Library/Developer/Xcode/DerivedData/Ratio-dgukedwfifpyteflgeptozrgzmmp/Build/Products/Debug-iphonesimulator/FirebaseFirestore.o

RegisterExecutionPolicyException /Users/leonardofigueiredo/Library/Developer/Xcode/DerivedData/Ratio-dgukedwfifpyteflgeptozrgzmmp/Build/Products/Debug-iphonesimulator/FirebaseInstallations.o (in target 'FirebaseInstallations' from project 'Firebase')
    cd /Users/leonardofigueiredo/Library/Developer/Xcode/DerivedData/Ratio-dgukedwfifpyteflgeptozrgzmmp/SourcePackages/checkouts/firebase-ios-sdk
    builtin-RegisterExecutionPolicyException /Users/leonardofigueiredo/Library/Developer/Xcode/DerivedData/Ratio-dgukedwfifpyteflgeptozrgzmmp/Build/Products/Debug-iphonesimulator/FirebaseInstallations.o

ExtractAppIntentsMetadata (in target 'FirebaseStorage' from project 'Firebase')
    cd /Users/leonardofigueiredo/Library/Developer/Xcode/DerivedData/Ratio-dgukedwfifpyteflgeptozrgzmmp/SourcePackages/checkouts/firebase-ios-sdk
    /Applications/Xcode.app/Contents/Developer/Toolchains/XcodeDefault.xctoolchain/usr/bin/appintentsmetadataprocessor --toolchain-dir /Applications/Xcode.app/Contents/Developer/Toolchains/XcodeDefault.xctoolchain --module-name FirebaseStorage --sdk-root /Applications/Xcode.app/Contents/Developer/Platforms/iPhoneSimulator.platform/Developer/SDKs/iPhoneSimulator26.2.sdk --xcode-version 17C52 --platform-family iOS --deployment-target 15.0 --bundle-identifier firebase-ios-sdk.FirebaseStorage --output /Users/leonardofigueiredo/Library/Developer/Xcode/DerivedData/Ratio-dgukedwfifpyteflgeptozrgzmmp/Build/Products/Debug-iphonesimulator/FirebaseStorage.appintents --target-triple arm64-apple-ios15.0-simulator --binary-file /Users/leonardofigueiredo/Library/Developer/Xcode/DerivedData/Ratio-dgukedwfifpyteflgeptozrgzmmp/Build/Products/Debug-iphonesimulator/FirebaseStorage.o --dependency-file /Users/leonardofigueiredo/Library/Developer/Xcode/DerivedData/Ratio-dgukedwfifpyteflgeptozrgzmmp/Build/Intermediates.noindex/Firebase.build/Debug-iphonesimulator/FirebaseStorage.build/Objects-normal/arm64/FirebaseStorage_dependency_info.dat --stringsdata-file /Users/leonardofigueiredo/Library/Developer/Xcode/DerivedData/Ratio-dgukedwfifpyteflgeptozrgzmmp/Build/Intermediates.noindex/Firebase.build/Debug-iphonesimulator/FirebaseStorage.build/Objects-normal/arm64/ExtractedAppShortcutsMetadata.stringsdata --source-file-list /Users/leonardofigueiredo/Library/Developer/Xcode/DerivedData/Ratio-dgukedwfifpyteflgeptozrgzmmp/Build/Intermediates.noindex/Firebase.build/Debug-iphonesimulator/FirebaseStorage.build/Objects-normal/arm64/FirebaseStorage.SwiftFileList --metadata-file-list /Users/leonardofigueiredo/Library/Developer/Xcode/DerivedData/Ratio-dgukedwfifpyteflgeptozrgzmmp/Build/Intermediates.noindex/Firebase.build/Debug-iphonesimulator/FirebaseStorage.build/FirebaseStorage.DependencyMetadataFileList --static-metadata-file-list /Users/leonardofigueiredo/Library/Developer/Xcode/DerivedData/Ratio-dgukedwfifpyteflgeptozrgzmmp/Build/Intermediates.noindex/Firebase.build/Debug-iphonesimulator/FirebaseStorage.build/FirebaseStorage.DependencyStaticMetadataFileList --swift-const-vals-list /Users/leonardofigueiredo/Library/Developer/Xcode/DerivedData/Ratio-dgukedwfifpyteflgeptozrgzmmp/Build/Intermediates.noindex/Firebase.build/Debug-iphonesimulator/FirebaseStorage.build/Objects-normal/arm64/FirebaseStorage.SwiftConstValuesFileList --force --compile-time-extraction --deployment-aware-processing --validate-assistant-intents --no-app-shortcuts-localization
2026-01-12 11:25:42.614 appintentsmetadataprocessor[77574:1422122] Starting appintentsmetadataprocessor export
2026-01-12 11:25:42.714 appintentsmetadataprocessor[77574:1422122] Extracted no relevant App Intents symbols, skipping writing output

RegisterExecutionPolicyException /Users/leonardofigueiredo/Library/Developer/Xcode/DerivedData/Ratio-dgukedwfifpyteflgeptozrgzmmp/Build/Products/Debug-iphonesimulator/GoogleAppMeasurementTarget.o (in target 'GoogleAppMeasurementTarget' from project 'GoogleAppMeasurement')
    cd /Users/leonardofigueiredo/Library/Developer/Xcode/DerivedData/Ratio-dgukedwfifpyteflgeptozrgzmmp/SourcePackages/checkouts/GoogleAppMeasurement
    builtin-RegisterExecutionPolicyException /Users/leonardofigueiredo/Library/Developer/Xcode/DerivedData/Ratio-dgukedwfifpyteflgeptozrgzmmp/Build/Products/Debug-iphonesimulator/GoogleAppMeasurementTarget.o

Ld /Users/leonardofigueiredo/Library/Developer/Xcode/DerivedData/Ratio-dgukedwfifpyteflgeptozrgzmmp/Build/Products/Debug-iphonesimulator/FirebaseRemoteConfigInternal.o normal (in target 'FirebaseRemoteConfigInternal' from project 'Firebase')
    cd /Users/leonardofigueiredo/Library/Developer/Xcode/DerivedData/Ratio-dgukedwfifpyteflgeptozrgzmmp/SourcePackages/checkouts/firebase-ios-sdk
    /Applications/Xcode.app/Contents/Developer/Toolchains/XcodeDefault.xctoolchain/usr/bin/clang -Xlinker -reproducible -target arm64-apple-ios15.0-simulator -r -isysroot /Applications/Xcode.app/Contents/Developer/Platforms/iPhoneSimulator.platform/Developer/SDKs/iPhoneSimulator26.2.sdk -O0 -w -L/Users/leonardofigueiredo/Library/Developer/Xcode/DerivedData/Ratio-dgukedwfifpyteflgeptozrgzmmp/Build/Intermediates.noindex/EagerLinkingTBDs/Debug-iphonesimulator -L/Users/leonardofigueiredo/Library/Developer/Xcode/DerivedData/Ratio-dgukedwfifpyteflgeptozrgzmmp/Build/Products/Debug-iphonesimulator -L/Applications/Xcode.app/Contents/Developer/Platforms/iPhoneSimulator.platform/Developer/usr/lib -F/Users/leonardofigueiredo/Library/Developer/Xcode/DerivedData/Ratio-dgukedwfifpyteflgeptozrgzmmp/Build/Intermediates.noindex/EagerLinkingTBDs/Debug-iphonesimulator -F/Users/leonardofigueiredo/Library/Developer/Xcode/DerivedData/Ratio-dgukedwfifpyteflgeptozrgzmmp/Build/Products/Debug-iphonesimulator/PackageFrameworks -F/Users/leonardofigueiredo/Library/Developer/Xcode/DerivedData/Ratio-dgukedwfifpyteflgeptozrgzmmp/Build/Products/Debug-iphonesimulator/PackageFrameworks -F/Users/leonardofigueiredo/Library/Developer/Xcode/DerivedData/Ratio-dgukedwfifpyteflgeptozrgzmmp/Build/Products/Debug-iphonesimulator/PackageFrameworks -F/Users/leonardofigueiredo/Library/Developer/Xcode/DerivedData/Ratio-dgukedwfifpyteflgeptozrgzmmp/Build/Products/Debug-iphonesimulator/PackageFrameworks -F/Users/leonardofigueiredo/Library/Developer/Xcode/DerivedData/Ratio-dgukedwfifpyteflgeptozrgzmmp/Build/Products/Debug-iphonesimulator/PackageFrameworks -F/Users/leonardofigueiredo/Library/Developer/Xcode/DerivedData/Ratio-dgukedwfifpyteflgeptozrgzmmp/Build/Products/Debug-iphonesimulator/PackageFrameworks -F/Users/leonardofigueiredo/Library/Developer/Xcode/DerivedData/Ratio-dgukedwfifpyteflgeptozrgzmmp/Build/Products/Debug-iphonesimulator/PackageFrameworks -F/Users/leonardofigueiredo/Library/Developer/Xcode/DerivedData/Ratio-dgukedwfifpyteflgeptozrgzmmp/Build/Products/Debug-iphonesimulator/PackageFrameworks -F/Users/leonardofigueiredo/Library/Developer/Xcode/DerivedData/Ratio-dgukedwfifpyteflgeptozrgzmmp/Build/Products/Debug-iphonesimulator/PackageFrameworks -F/Users/leonardofigueiredo/Library/Developer/Xcode/DerivedData/Ratio-dgukedwfifpyteflgeptozrgzmmp/Build/Products/Debug-iphonesimulator/PackageFrameworks -F/Users/leonardofigueiredo/Library/Developer/Xcode/DerivedData/Ratio-dgukedwfifpyteflgeptozrgzmmp/Build/Products/Debug-iphonesimulator/PackageFrameworks -F/Users/leonardofigueiredo/Library/Developer/Xcode/DerivedData/Ratio-dgukedwfifpyteflgeptozrgzmmp/Build/Products/Debug-iphonesimulator/PackageFrameworks -F/Users/leonardofigueiredo/Library/Developer/Xcode/DerivedData/Ratio-dgukedwfifpyteflgeptozrgzmmp/Build/Products/Debug-iphonesimulator -iframework /Applications/Xcode.app/Contents/Developer/Platforms/iPhoneSimulator.platform/Developer/Library/Frameworks -iframework /Applications/Xcode.app/Contents/Developer/Platforms/iPhoneSimulator.platform/Developer/SDKs/iPhoneSimulator26.2.sdk/Developer/Library/Frameworks -filelist /Users/leonardofigueiredo/Library/Developer/Xcode/DerivedData/Ratio-dgukedwfifpyteflgeptozrgzmmp/Build/Intermediates.noindex/Firebase.build/Debug-iphonesimulator/FirebaseRemoteConfigInternal.build/Objects-normal/arm64/FirebaseRemoteConfigInternal.LinkFileList -nostdlib -Xlinker -object_path_lto -Xlinker /Users/leonardofigueiredo/Library/Developer/Xcode/DerivedData/Ratio-dgukedwfifpyteflgeptozrgzmmp/Build/Intermediates.noindex/Firebase.build/Debug-iphonesimulator/FirebaseRemoteConfigInternal.build/Objects-normal/arm64/FirebaseRemoteConfigInternal_lto.o -rdynamic -Xlinker -no_deduplicate -Xlinker -objc_abi_version -Xlinker 2 -Xlinker -dependency_info -Xlinker /Users/leonardofigueiredo/Library/Developer/Xcode/DerivedData/Ratio-dgukedwfifpyteflgeptozrgzmmp/Build/Intermediates.noindex/Firebase.build/Debug-iphonesimulator/FirebaseRemoteConfigInternal.build/Objects-normal/arm64/FirebaseRemoteConfigInternal_dependency_info.dat -fobjc-arc -fobjc-link-runtime -o /Users/leonardofigueiredo/Library/Developer/Xcode/DerivedData/Ratio-dgukedwfifpyteflgeptozrgzmmp/Build/Products/Debug-iphonesimulator/FirebaseRemoteConfigInternal.o

Ld /Users/leonardofigueiredo/Library/Developer/Xcode/DerivedData/Ratio-dgukedwfifpyteflgeptozrgzmmp/Build/Products/Debug-iphonesimulator/FirebaseMessaging.o normal (in target 'FirebaseMessaging' from project 'Firebase')
    cd /Users/leonardofigueiredo/Library/Developer/Xcode/DerivedData/Ratio-dgukedwfifpyteflgeptozrgzmmp/SourcePackages/checkouts/firebase-ios-sdk
    /Applications/Xcode.app/Contents/Developer/Toolchains/XcodeDefault.xctoolchain/usr/bin/clang -Xlinker -reproducible -target arm64-apple-ios15.0-simulator -r -isysroot /Applications/Xcode.app/Contents/Developer/Platforms/iPhoneSimulator.platform/Developer/SDKs/iPhoneSimulator26.2.sdk -O0 -w -L/Users/leonardofigueiredo/Library/Developer/Xcode/DerivedData/Ratio-dgukedwfifpyteflgeptozrgzmmp/Build/Intermediates.noindex/EagerLinkingTBDs/Debug-iphonesimulator -L/Users/leonardofigueiredo/Library/Developer/Xcode/DerivedData/Ratio-dgukedwfifpyteflgeptozrgzmmp/Build/Products/Debug-iphonesimulator -L/Applications/Xcode.app/Contents/Developer/Platforms/iPhoneSimulator.platform/Developer/usr/lib -F/Users/leonardofigueiredo/Library/Developer/Xcode/DerivedData/Ratio-dgukedwfifpyteflgeptozrgzmmp/Build/Intermediates.noindex/EagerLinkingTBDs/Debug-iphonesimulator -F/Users/leonardofigueiredo/Library/Developer/Xcode/DerivedData/Ratio-dgukedwfifpyteflgeptozrgzmmp/Build/Products/Debug-iphonesimulator/PackageFrameworks -F/Users/leonardofigueiredo/Library/Developer/Xcode/DerivedData/Ratio-dgukedwfifpyteflgeptozrgzmmp/Build/Products/Debug-iphonesimulator/PackageFrameworks -F/Users/leonardofigueiredo/Library/Developer/Xcode/DerivedData/Ratio-dgukedwfifpyteflgeptozrgzmmp/Build/Products/Debug-iphonesimulator/PackageFrameworks -F/Users/leonardofigueiredo/Library/Developer/Xcode/DerivedData/Ratio-dgukedwfifpyteflgeptozrgzmmp/Build/Products/Debug-iphonesimulator/PackageFrameworks -F/Users/leonardofigueiredo/Library/Developer/Xcode/DerivedData/Ratio-dgukedwfifpyteflgeptozrgzmmp/Build/Products/Debug-iphonesimulator/PackageFrameworks -F/Users/leonardofigueiredo/Library/Developer/Xcode/DerivedData/Ratio-dgukedwfifpyteflgeptozrgzmmp/Build/Products/Debug-iphonesimulator/PackageFrameworks -F/Users/leonardofigueiredo/Library/Developer/Xcode/DerivedData/Ratio-dgukedwfifpyteflgeptozrgzmmp/Build/Products/Debug-iphonesimulator/PackageFrameworks -F/Users/leonardofigueiredo/Library/Developer/Xcode/DerivedData/Ratio-dgukedwfifpyteflgeptozrgzmmp/Build/Products/Debug-iphonesimulator/PackageFrameworks -F/Users/leonardofigueiredo/Library/Developer/Xcode/DerivedData/Ratio-dgukedwfifpyteflgeptozrgzmmp/Build/Products/Debug-iphonesimulator/PackageFrameworks -F/Users/leonardofigueiredo/Library/Developer/Xcode/DerivedData/Ratio-dgukedwfifpyteflgeptozrgzmmp/Build/Products/Debug-iphonesimulator/PackageFrameworks -F/Users/leonardofigueiredo/Library/Developer/Xcode/DerivedData/Ratio-dgukedwfifpyteflgeptozrgzmmp/Build/Products/Debug-iphonesimulator/PackageFrameworks -F/Users/leonardofigueiredo/Library/Developer/Xcode/DerivedData/Ratio-dgukedwfifpyteflgeptozrgzmmp/Build/Products/Debug-iphonesimulator/PackageFrameworks -F/Users/leonardofigueiredo/Library/Developer/Xcode/DerivedData/Ratio-dgukedwfifpyteflgeptozrgzmmp/Build/Products/Debug-iphonesimulator/PackageFrameworks -F/Users/leonardofigueiredo/Library/Developer/Xcode/DerivedData/Ratio-dgukedwfifpyteflgeptozrgzmmp/Build/Products/Debug-iphonesimulator/PackageFrameworks -F/Users/leonardofigueiredo/Library/Developer/Xcode/DerivedData/Ratio-dgukedwfifpyteflgeptozrgzmmp/Build/Products/Debug-iphonesimulator/PackageFrameworks -F/Users/leonardofigueiredo/Library/Developer/Xcode/DerivedData/Ratio-dgukedwfifpyteflgeptozrgzmmp/Build/Products/Debug-iphonesimulator -iframework /Applications/Xcode.app/Contents/Developer/Platforms/iPhoneSimulator.platform/Developer/Library/Frameworks -iframework /Applications/Xcode.app/Contents/Developer/Platforms/iPhoneSimulator.platform/Developer/SDKs/iPhoneSimulator26.2.sdk/Developer/Library/Frameworks -filelist /Users/leonardofigueiredo/Library/Developer/Xcode/DerivedData/Ratio-dgukedwfifpyteflgeptozrgzmmp/Build/Intermediates.noindex/Firebase.build/Debug-iphonesimulator/FirebaseMessaging.build/Objects-normal/arm64/FirebaseMessaging.LinkFileList -nostdlib -Xlinker -object_path_lto -Xlinker /Users/leonardofigueiredo/Library/Developer/Xcode/DerivedData/Ratio-dgukedwfifpyteflgeptozrgzmmp/Build/Intermediates.noindex/Firebase.build/Debug-iphonesimulator/FirebaseMessaging.build/Objects-normal/arm64/FirebaseMessaging_lto.o -rdynamic -Xlinker -no_deduplicate -Xlinker -objc_abi_version -Xlinker 2 -Xlinker -dependency_info -Xlinker /Users/leonardofigueiredo/Library/Developer/Xcode/DerivedData/Ratio-dgukedwfifpyteflgeptozrgzmmp/Build/Intermediates.noindex/Firebase.build/Debug-iphonesimulator/FirebaseMessaging.build/Objects-normal/arm64/FirebaseMessaging_dependency_info.dat -fobjc-arc -fobjc-link-runtime -o /Users/leonardofigueiredo/Library/Developer/Xcode/DerivedData/Ratio-dgukedwfifpyteflgeptozrgzmmp/Build/Products/Debug-iphonesimulator/FirebaseMessaging.o

RegisterExecutionPolicyException /Users/leonardofigueiredo/Library/Developer/Xcode/DerivedData/Ratio-dgukedwfifpyteflgeptozrgzmmp/Build/Products/Debug-iphonesimulator/GoogleAppMeasurementCoreTarget.o (in target 'GoogleAppMeasurementCoreTarget' from project 'GoogleAppMeasurement')
    cd /Users/leonardofigueiredo/Library/Developer/Xcode/DerivedData/Ratio-dgukedwfifpyteflgeptozrgzmmp/SourcePackages/checkouts/GoogleAppMeasurement
    builtin-RegisterExecutionPolicyException /Users/leonardofigueiredo/Library/Developer/Xcode/DerivedData/Ratio-dgukedwfifpyteflgeptozrgzmmp/Build/Products/Debug-iphonesimulator/GoogleAppMeasurementCoreTarget.o

RegisterExecutionPolicyException /Users/leonardofigueiredo/Library/Developer/Xcode/DerivedData/Ratio-dgukedwfifpyteflgeptozrgzmmp/Build/Products/Debug-iphonesimulator/FirebaseSessionsObjC.o (in target 'FirebaseSessionsObjC' from project 'Firebase')
    cd /Users/leonardofigueiredo/Library/Developer/Xcode/DerivedData/Ratio-dgukedwfifpyteflgeptozrgzmmp/SourcePackages/checkouts/firebase-ios-sdk
    builtin-RegisterExecutionPolicyException /Users/leonardofigueiredo/Library/Developer/Xcode/DerivedData/Ratio-dgukedwfifpyteflgeptozrgzmmp/Build/Products/Debug-iphonesimulator/FirebaseSessionsObjC.o

Ld /Users/leonardofigueiredo/Library/Developer/Xcode/DerivedData/Ratio-dgukedwfifpyteflgeptozrgzmmp/Build/Products/Debug-iphonesimulator/FirebaseAnalyticsWrapper.o normal (in target 'FirebaseAnalyticsWrapper' from project 'Firebase')
    cd /Users/leonardofigueiredo/Library/Developer/Xcode/DerivedData/Ratio-dgukedwfifpyteflgeptozrgzmmp/SourcePackages/checkouts/firebase-ios-sdk
    /Applications/Xcode.app/Contents/Developer/Toolchains/XcodeDefault.xctoolchain/usr/bin/clang -Xlinker -reproducible -target arm64-apple-ios15.0-simulator -r -isysroot /Applications/Xcode.app/Contents/Developer/Platforms/iPhoneSimulator.platform/Developer/SDKs/iPhoneSimulator26.2.sdk -O0 -w -L/Users/leonardofigueiredo/Library/Developer/Xcode/DerivedData/Ratio-dgukedwfifpyteflgeptozrgzmmp/Build/Intermediates.noindex/EagerLinkingTBDs/Debug-iphonesimulator -L/Users/leonardofigueiredo/Library/Developer/Xcode/DerivedData/Ratio-dgukedwfifpyteflgeptozrgzmmp/Build/Products/Debug-iphonesimulator -L/Applications/Xcode.app/Contents/Developer/Platforms/iPhoneSimulator.platform/Developer/usr/lib -F/Users/leonardofigueiredo/Library/Developer/Xcode/DerivedData/Ratio-dgukedwfifpyteflgeptozrgzmmp/Build/Intermediates.noindex/EagerLinkingTBDs/Debug-iphonesimulator -F/Users/leonardofigueiredo/Library/Developer/Xcode/DerivedData/Ratio-dgukedwfifpyteflgeptozrgzmmp/Build/Products/Debug-iphonesimulator/PackageFrameworks -F/Users/leonardofigueiredo/Library/Developer/Xcode/DerivedData/Ratio-dgukedwfifpyteflgeptozrgzmmp/Build/Products/Debug-iphonesimulator/PackageFrameworks -F/Users/leonardofigueiredo/Library/Developer/Xcode/DerivedData/Ratio-dgukedwfifpyteflgeptozrgzmmp/Build/Products/Debug-iphonesimulator/PackageFrameworks -F/Users/leonardofigueiredo/Library/Developer/Xcode/DerivedData/Ratio-dgukedwfifpyteflgeptozrgzmmp/Build/Products/Debug-iphonesimulator/PackageFrameworks -F/Users/leonardofigueiredo/Library/Developer/Xcode/DerivedData/Ratio-dgukedwfifpyteflgeptozrgzmmp/Build/Products/Debug-iphonesimulator/PackageFrameworks -F/Users/leonardofigueiredo/Library/Developer/Xcode/DerivedData/Ratio-dgukedwfifpyteflgeptozrgzmmp/Build/Products/Debug-iphonesimulator/PackageFrameworks -F/Users/leonardofigueiredo/Library/Developer/Xcode/DerivedData/Ratio-dgukedwfifpyteflgeptozrgzmmp/Build/Products/Debug-iphonesimulator/PackageFrameworks -F/Users/leonardofigueiredo/Library/Developer/Xcode/DerivedData/Ratio-dgukedwfifpyteflgeptozrgzmmp/Build/Products/Debug-iphonesimulator/PackageFrameworks -F/Users/leonardofigueiredo/Library/Developer/Xcode/DerivedData/Ratio-dgukedwfifpyteflgeptozrgzmmp/Build/Products/Debug-iphonesimulator/PackageFrameworks -F/Users/leonardofigueiredo/Library/Developer/Xcode/DerivedData/Ratio-dgukedwfifpyteflgeptozrgzmmp/Build/Products/Debug-iphonesimulator/PackageFrameworks -F/Users/leonardofigueiredo/Library/Developer/Xcode/DerivedData/Ratio-dgukedwfifpyteflgeptozrgzmmp/Build/Products/Debug-iphonesimulator/PackageFrameworks -F/Users/leonardofigueiredo/Library/Developer/Xcode/DerivedData/Ratio-dgukedwfifpyteflgeptozrgzmmp/Build/Products/Debug-iphonesimulator/PackageFrameworks -F/Users/leonardofigueiredo/Library/Developer/Xcode/DerivedData/Ratio-dgukedwfifpyteflgeptozrgzmmp/Build/Products/Debug-iphonesimulator/PackageFrameworks -F/Users/leonardofigueiredo/Library/Developer/Xcode/DerivedData/Ratio-dgukedwfifpyteflgeptozrgzmmp/Build/Products/Debug-iphonesimulator/PackageFrameworks -F/Users/leonardofigueiredo/Library/Developer/Xcode/DerivedData/Ratio-dgukedwfifpyteflgeptozrgzmmp/Build/Products/Debug-iphonesimulator/PackageFrameworks -F/Users/leonardofigueiredo/Library/Developer/Xcode/DerivedData/Ratio-dgukedwfifpyteflgeptozrgzmmp/Build/Products/Debug-iphonesimulator/PackageFrameworks -F/Users/leonardofigueiredo/Library/Developer/Xcode/DerivedData/Ratio-dgukedwfifpyteflgeptozrgzmmp/Build/Products/Debug-iphonesimulator/PackageFrameworks -F/Users/leonardofigueiredo/Library/Developer/Xcode/DerivedData/Ratio-dgukedwfifpyteflgeptozrgzmmp/Build/Products/Debug-iphonesimulator -iframework /Applications/Xcode.app/Contents/Developer/Platforms/iPhoneSimulator.platform/Developer/Library/Frameworks -iframework /Applications/Xcode.app/Contents/Developer/Platforms/iPhoneSimulator.platform/Developer/SDKs/iPhoneSimulator26.2.sdk/Developer/Library/Frameworks -filelist /Users/leonardofigueiredo/Library/Developer/Xcode/DerivedData/Ratio-dgukedwfifpyteflgeptozrgzmmp/Build/Intermediates.noindex/Firebase.build/Debug-iphonesimulator/FirebaseAnalyticsWrapper.build/Objects-normal/arm64/FirebaseAnalyticsWrapper.LinkFileList -nostdlib -Xlinker -object_path_lto -Xlinker /Users/leonardofigueiredo/Library/Developer/Xcode/DerivedData/Ratio-dgukedwfifpyteflgeptozrgzmmp/Build/Intermediates.noindex/Firebase.build/Debug-iphonesimulator/FirebaseAnalyticsWrapper.build/Objects-normal/arm64/FirebaseAnalyticsWrapper_lto.o -rdynamic -Xlinker -no_deduplicate -Xlinker -objc_abi_version -Xlinker 2 -Xlinker -dependency_info -Xlinker /Users/leonardofigueiredo/Library/Developer/Xcode/DerivedData/Ratio-dgukedwfifpyteflgeptozrgzmmp/Build/Intermediates.noindex/Firebase.build/Debug-iphonesimulator/FirebaseAnalyticsWrapper.build/Objects-normal/arm64/FirebaseAnalyticsWrapper_dependency_info.dat -fobjc-arc -fobjc-link-runtime -o /Users/leonardofigueiredo/Library/Developer/Xcode/DerivedData/Ratio-dgukedwfifpyteflgeptozrgzmmp/Build/Products/Debug-iphonesimulator/FirebaseAnalyticsWrapper.o

ExtractAppIntentsMetadata (in target 'FirebaseFirestore' from project 'Firebase')
    cd /Users/leonardofigueiredo/Library/Developer/Xcode/DerivedData/Ratio-dgukedwfifpyteflgeptozrgzmmp/SourcePackages/checkouts/firebase-ios-sdk
    /Applications/Xcode.app/Contents/Developer/Toolchains/XcodeDefault.xctoolchain/usr/bin/appintentsmetadataprocessor --toolchain-dir /Applications/Xcode.app/Contents/Developer/Toolchains/XcodeDefault.xctoolchain --module-name FirebaseFirestore --sdk-root /Applications/Xcode.app/Contents/Developer/Platforms/iPhoneSimulator.platform/Developer/SDKs/iPhoneSimulator26.2.sdk --xcode-version 17C52 --platform-family iOS --deployment-target 15.0 --bundle-identifier firebase-ios-sdk.FirebaseFirestore --output /Users/leonardofigueiredo/Library/Developer/Xcode/DerivedData/Ratio-dgukedwfifpyteflgeptozrgzmmp/Build/Products/Debug-iphonesimulator/FirebaseFirestore.appintents --target-triple arm64-apple-ios15.0-simulator --binary-file /Users/leonardofigueiredo/Library/Developer/Xcode/DerivedData/Ratio-dgukedwfifpyteflgeptozrgzmmp/Build/Products/Debug-iphonesimulator/FirebaseFirestore.o --dependency-file /Users/leonardofigueiredo/Library/Developer/Xcode/DerivedData/Ratio-dgukedwfifpyteflgeptozrgzmmp/Build/Intermediates.noindex/Firebase.build/Debug-iphonesimulator/FirebaseFirestore.build/Objects-normal/arm64/FirebaseFirestore_dependency_info.dat --stringsdata-file /Users/leonardofigueiredo/Library/Developer/Xcode/DerivedData/Ratio-dgukedwfifpyteflgeptozrgzmmp/Build/Intermediates.noindex/Firebase.build/Debug-iphonesimulator/FirebaseFirestore.build/Objects-normal/arm64/ExtractedAppShortcutsMetadata.stringsdata --source-file-list /Users/leonardofigueiredo/Library/Developer/Xcode/DerivedData/Ratio-dgukedwfifpyteflgeptozrgzmmp/Build/Intermediates.noindex/Firebase.build/Debug-iphonesimulator/FirebaseFirestore.build/Objects-normal/arm64/FirebaseFirestore.SwiftFileList --metadata-file-list /Users/leonardofigueiredo/Library/Developer/Xcode/DerivedData/Ratio-dgukedwfifpyteflgeptozrgzmmp/Build/Intermediates.noindex/Firebase.build/Debug-iphonesimulator/FirebaseFirestore.build/FirebaseFirestore.DependencyMetadataFileList --static-metadata-file-list /Users/leonardofigueiredo/Library/Developer/Xcode/DerivedData/Ratio-dgukedwfifpyteflgeptozrgzmmp/Build/Intermediates.noindex/Firebase.build/Debug-iphonesimulator/FirebaseFirestore.build/FirebaseFirestore.DependencyStaticMetadataFileList --swift-const-vals-list /Users/leonardofigueiredo/Library/Developer/Xcode/DerivedData/Ratio-dgukedwfifpyteflgeptozrgzmmp/Build/Intermediates.noindex/Firebase.build/Debug-iphonesimulator/FirebaseFirestore.build/Objects-normal/arm64/FirebaseFirestore.SwiftConstValuesFileList --force --compile-time-extraction --deployment-aware-processing --validate-assistant-intents --no-app-shortcuts-localization
2026-01-12 11:25:42.644 appintentsmetadataprocessor[77581:1422174] Starting appintentsmetadataprocessor export
2026-01-12 11:25:42.806 appintentsmetadataprocessor[77581:1422174] Extracted no relevant App Intents symbols, skipping writing output

Ld /Users/leonardofigueiredo/Library/Developer/Xcode/DerivedData/Ratio-dgukedwfifpyteflgeptozrgzmmp/Build/Products/Debug-iphonesimulator/FirebaseAnalyticsCoreWrapper.o normal (in target 'FirebaseAnalyticsCoreWrapper' from project 'Firebase')
    cd /Users/leonardofigueiredo/Library/Developer/Xcode/DerivedData/Ratio-dgukedwfifpyteflgeptozrgzmmp/SourcePackages/checkouts/firebase-ios-sdk
    /Applications/Xcode.app/Contents/Developer/Toolchains/XcodeDefault.xctoolchain/usr/bin/clang -Xlinker -reproducible -target arm64-apple-ios15.0-simulator -r -isysroot /Applications/Xcode.app/Contents/Developer/Platforms/iPhoneSimulator.platform/Developer/SDKs/iPhoneSimulator26.2.sdk -O0 -w -L/Users/leonardofigueiredo/Library/Developer/Xcode/DerivedData/Ratio-dgukedwfifpyteflgeptozrgzmmp/Build/Intermediates.noindex/EagerLinkingTBDs/Debug-iphonesimulator -L/Users/leonardofigueiredo/Library/Developer/Xcode/DerivedData/Ratio-dgukedwfifpyteflgeptozrgzmmp/Build/Products/Debug-iphonesimulator -L/Applications/Xcode.app/Contents/Developer/Platforms/iPhoneSimulator.platform/Developer/usr/lib -F/Users/leonardofigueiredo/Library/Developer/Xcode/DerivedData/Ratio-dgukedwfifpyteflgeptozrgzmmp/Build/Intermediates.noindex/EagerLinkingTBDs/Debug-iphonesimulator -F/Users/leonardofigueiredo/Library/Developer/Xcode/DerivedData/Ratio-dgukedwfifpyteflgeptozrgzmmp/Build/Products/Debug-iphonesimulator/PackageFrameworks -F/Users/leonardofigueiredo/Library/Developer/Xcode/DerivedData/Ratio-dgukedwfifpyteflgeptozrgzmmp/Build/Products/Debug-iphonesimulator/PackageFrameworks -F/Users/leonardofigueiredo/Library/Developer/Xcode/DerivedData/Ratio-dgukedwfifpyteflgeptozrgzmmp/Build/Products/Debug-iphonesimulator/PackageFrameworks -F/Users/leonardofigueiredo/Library/Developer/Xcode/DerivedData/Ratio-dgukedwfifpyteflgeptozrgzmmp/Build/Products/Debug-iphonesimulator/PackageFrameworks -F/Users/leonardofigueiredo/Library/Developer/Xcode/DerivedData/Ratio-dgukedwfifpyteflgeptozrgzmmp/Build/Products/Debug-iphonesimulator/PackageFrameworks -F/Users/leonardofigueiredo/Library/Developer/Xcode/DerivedData/Ratio-dgukedwfifpyteflgeptozrgzmmp/Build/Products/Debug-iphonesimulator/PackageFrameworks -F/Users/leonardofigueiredo/Library/Developer/Xcode/DerivedData/Ratio-dgukedwfifpyteflgeptozrgzmmp/Build/Products/Debug-iphonesimulator/PackageFrameworks -F/Users/leonardofigueiredo/Library/Developer/Xcode/DerivedData/Ratio-dgukedwfifpyteflgeptozrgzmmp/Build/Products/Debug-iphonesimulator/PackageFrameworks -F/Users/leonardofigueiredo/Library/Developer/Xcode/DerivedData/Ratio-dgukedwfifpyteflgeptozrgzmmp/Build/Products/Debug-iphonesimulator/PackageFrameworks -F/Users/leonardofigueiredo/Library/Developer/Xcode/DerivedData/Ratio-dgukedwfifpyteflgeptozrgzmmp/Build/Products/Debug-iphonesimulator/PackageFrameworks -F/Users/leonardofigueiredo/Library/Developer/Xcode/DerivedData/Ratio-dgukedwfifpyteflgeptozrgzmmp/Build/Products/Debug-iphonesimulator/PackageFrameworks -F/Users/leonardofigueiredo/Library/Developer/Xcode/DerivedData/Ratio-dgukedwfifpyteflgeptozrgzmmp/Build/Products/Debug-iphonesimulator/PackageFrameworks -F/Users/leonardofigueiredo/Library/Developer/Xcode/DerivedData/Ratio-dgukedwfifpyteflgeptozrgzmmp/Build/Products/Debug-iphonesimulator/PackageFrameworks -F/Users/leonardofigueiredo/Library/Developer/Xcode/DerivedData/Ratio-dgukedwfifpyteflgeptozrgzmmp/Build/Products/Debug-iphonesimulator/PackageFrameworks -F/Users/leonardofigueiredo/Library/Developer/Xcode/DerivedData/Ratio-dgukedwfifpyteflgeptozrgzmmp/Build/Products/Debug-iphonesimulator/PackageFrameworks -F/Users/leonardofigueiredo/Library/Developer/Xcode/DerivedData/Ratio-dgukedwfifpyteflgeptozrgzmmp/Build/Products/Debug-iphonesimulator/PackageFrameworks -F/Users/leonardofigueiredo/Library/Developer/Xcode/DerivedData/Ratio-dgukedwfifpyteflgeptozrgzmmp/Build/Products/Debug-iphonesimulator -iframework /Applications/Xcode.app/Contents/Developer/Platforms/iPhoneSimulator.platform/Developer/Library/Frameworks -iframework /Applications/Xcode.app/Contents/Developer/Platforms/iPhoneSimulator.platform/Developer/SDKs/iPhoneSimulator26.2.sdk/Developer/Library/Frameworks -filelist /Users/leonardofigueiredo/Library/Developer/Xcode/DerivedData/Ratio-dgukedwfifpyteflgeptozrgzmmp/Build/Intermediates.noindex/Firebase.build/Debug-iphonesimulator/FirebaseAnalyticsCoreWrapper.build/Objects-normal/arm64/FirebaseAnalyticsCoreWrapper.LinkFileList -nostdlib -Xlinker -object_path_lto -Xlinker /Users/leonardofigueiredo/Library/Developer/Xcode/DerivedData/Ratio-dgukedwfifpyteflgeptozrgzmmp/Build/Intermediates.noindex/Firebase.build/Debug-iphonesimulator/FirebaseAnalyticsCoreWrapper.build/Objects-normal/arm64/FirebaseAnalyticsCoreWrapper_lto.o -rdynamic -Xlinker -no_deduplicate -Xlinker -objc_abi_version -Xlinker 2 -Xlinker -dependency_info -Xlinker /Users/leonardofigueiredo/Library/Developer/Xcode/DerivedData/Ratio-dgukedwfifpyteflgeptozrgzmmp/Build/Intermediates.noindex/Firebase.build/Debug-iphonesimulator/FirebaseAnalyticsCoreWrapper.build/Objects-normal/arm64/FirebaseAnalyticsCoreWrapper_dependency_info.dat -fobjc-arc -fobjc-link-runtime -o /Users/leonardofigueiredo/Library/Developer/Xcode/DerivedData/Ratio-dgukedwfifpyteflgeptozrgzmmp/Build/Products/Debug-iphonesimulator/FirebaseAnalyticsCoreWrapper.o

Ld /Users/leonardofigueiredo/Library/Developer/Xcode/DerivedData/Ratio-dgukedwfifpyteflgeptozrgzmmp/Build/Products/Debug-iphonesimulator/FirebaseSessions.o normal (in target 'FirebaseSessions' from project 'Firebase')
    cd /Users/leonardofigueiredo/Library/Developer/Xcode/DerivedData/Ratio-dgukedwfifpyteflgeptozrgzmmp/SourcePackages/checkouts/firebase-ios-sdk
    /Applications/Xcode.app/Contents/Developer/Toolchains/XcodeDefault.xctoolchain/usr/bin/clang -Xlinker -reproducible -target arm64-apple-ios15.0-simulator -r -isysroot /Applications/Xcode.app/Contents/Developer/Platforms/iPhoneSimulator.platform/Developer/SDKs/iPhoneSimulator26.2.sdk -O0 -w -L/Users/leonardofigueiredo/Library/Developer/Xcode/DerivedData/Ratio-dgukedwfifpyteflgeptozrgzmmp/Build/Intermediates.noindex/EagerLinkingTBDs/Debug-iphonesimulator -L/Users/leonardofigueiredo/Library/Developer/Xcode/DerivedData/Ratio-dgukedwfifpyteflgeptozrgzmmp/Build/Products/Debug-iphonesimulator -L/Applications/Xcode.app/Contents/Developer/Platforms/iPhoneSimulator.platform/Developer/usr/lib -F/Users/leonardofigueiredo/Library/Developer/Xcode/DerivedData/Ratio-dgukedwfifpyteflgeptozrgzmmp/Build/Intermediates.noindex/EagerLinkingTBDs/Debug-iphonesimulator -F/Users/leonardofigueiredo/Library/Developer/Xcode/DerivedData/Ratio-dgukedwfifpyteflgeptozrgzmmp/Build/Products/Debug-iphonesimulator/PackageFrameworks -F/Users/leonardofigueiredo/Library/Developer/Xcode/DerivedData/Ratio-dgukedwfifpyteflgeptozrgzmmp/Build/Products/Debug-iphonesimulator/PackageFrameworks -F/Users/leonardofigueiredo/Library/Developer/Xcode/DerivedData/Ratio-dgukedwfifpyteflgeptozrgzmmp/Build/Products/Debug-iphonesimulator/PackageFrameworks -F/Users/leonardofigueiredo/Library/Developer/Xcode/DerivedData/Ratio-dgukedwfifpyteflgeptozrgzmmp/Build/Products/Debug-iphonesimulator/PackageFrameworks -F/Users/leonardofigueiredo/Library/Developer/Xcode/DerivedData/Ratio-dgukedwfifpyteflgeptozrgzmmp/Build/Products/Debug-iphonesimulator/PackageFrameworks -F/Users/leonardofigueiredo/Library/Developer/Xcode/DerivedData/Ratio-dgukedwfifpyteflgeptozrgzmmp/Build/Products/Debug-iphonesimulator/PackageFrameworks -F/Users/leonardofigueiredo/Library/Developer/Xcode/DerivedData/Ratio-dgukedwfifpyteflgeptozrgzmmp/Build/Products/Debug-iphonesimulator/PackageFrameworks -F/Users/leonardofigueiredo/Library/Developer/Xcode/DerivedData/Ratio-dgukedwfifpyteflgeptozrgzmmp/Build/Products/Debug-iphonesimulator/PackageFrameworks -F/Users/leonardofigueiredo/Library/Developer/Xcode/DerivedData/Ratio-dgukedwfifpyteflgeptozrgzmmp/Build/Products/Debug-iphonesimulator/PackageFrameworks -F/Users/leonardofigueiredo/Library/Developer/Xcode/DerivedData/Ratio-dgukedwfifpyteflgeptozrgzmmp/Build/Products/Debug-iphonesimulator/PackageFrameworks -F/Users/leonardofigueiredo/Library/Developer/Xcode/DerivedData/Ratio-dgukedwfifpyteflgeptozrgzmmp/Build/Products/Debug-iphonesimulator/PackageFrameworks -F/Users/leonardofigueiredo/Library/Developer/Xcode/DerivedData/Ratio-dgukedwfifpyteflgeptozrgzmmp/Build/Products/Debug-iphonesimulator/PackageFrameworks -F/Users/leonardofigueiredo/Library/Developer/Xcode/DerivedData/Ratio-dgukedwfifpyteflgeptozrgzmmp/Build/Products/Debug-iphonesimulator/PackageFrameworks -F/Users/leonardofigueiredo/Library/Developer/Xcode/DerivedData/Ratio-dgukedwfifpyteflgeptozrgzmmp/Build/Products/Debug-iphonesimulator/PackageFrameworks -F/Users/leonardofigueiredo/Library/Developer/Xcode/DerivedData/Ratio-dgukedwfifpyteflgeptozrgzmmp/Build/Products/Debug-iphonesimulator/PackageFrameworks -F/Users/leonardofigueiredo/Library/Developer/Xcode/DerivedData/Ratio-dgukedwfifpyteflgeptozrgzmmp/Build/Products/Debug-iphonesimulator -iframework /Applications/Xcode.app/Contents/Developer/Platforms/iPhoneSimulator.platform/Developer/Library/Frameworks -iframework /Applications/Xcode.app/Contents/Developer/Platforms/iPhoneSimulator.platform/Developer/SDKs/iPhoneSimulator26.2.sdk/Developer/Library/Frameworks -filelist /Users/leonardofigueiredo/Library/Developer/Xcode/DerivedData/Ratio-dgukedwfifpyteflgeptozrgzmmp/Build/Intermediates.noindex/Firebase.build/Debug-iphonesimulator/FirebaseSessions.build/Objects-normal/arm64/FirebaseSessions.LinkFileList -nostdlib -Xlinker -object_path_lto -Xlinker /Users/leonardofigueiredo/Library/Developer/Xcode/DerivedData/Ratio-dgukedwfifpyteflgeptozrgzmmp/Build/Intermediates.noindex/Firebase.build/Debug-iphonesimulator/FirebaseSessions.build/Objects-normal/arm64/FirebaseSessions_lto.o -rdynamic -Xlinker -no_deduplicate -Xlinker -objc_abi_version -Xlinker 2 -Xlinker -dependency_info -Xlinker /Users/leonardofigueiredo/Library/Developer/Xcode/DerivedData/Ratio-dgukedwfifpyteflgeptozrgzmmp/Build/Intermediates.noindex/Firebase.build/Debug-iphonesimulator/FirebaseSessions.build/Objects-normal/arm64/FirebaseSessions_dependency_info.dat -fobjc-link-runtime -L/Applications/Xcode.app/Contents/Developer/Toolchains/XcodeDefault.xctoolchain/usr/lib/swift/iphonesimulator -L/usr/lib/swift -Xlinker -add_ast_path -Xlinker /Users/leonardofigueiredo/Library/Developer/Xcode/DerivedData/Ratio-dgukedwfifpyteflgeptozrgzmmp/Build/Intermediates.noindex/Firebase.build/Debug-iphonesimulator/FirebaseSessions.build/Objects-normal/arm64/FirebaseSessions.swiftmodule @/Users/leonardofigueiredo/Library/Developer/Xcode/DerivedData/Ratio-dgukedwfifpyteflgeptozrgzmmp/Build/Intermediates.noindex/Firebase.build/Debug-iphonesimulator/FirebaseSessions.build/Objects-normal/arm64/FirebaseSessions-linker-args.resp -o /Users/leonardofigueiredo/Library/Developer/Xcode/DerivedData/Ratio-dgukedwfifpyteflgeptozrgzmmp/Build/Products/Debug-iphonesimulator/FirebaseSessions.o

ExtractAppIntentsMetadata (in target 'FirebaseAuth' from project 'Firebase')
    cd /Users/leonardofigueiredo/Library/Developer/Xcode/DerivedData/Ratio-dgukedwfifpyteflgeptozrgzmmp/SourcePackages/checkouts/firebase-ios-sdk
    /Applications/Xcode.app/Contents/Developer/Toolchains/XcodeDefault.xctoolchain/usr/bin/appintentsmetadataprocessor --toolchain-dir /Applications/Xcode.app/Contents/Developer/Toolchains/XcodeDefault.xctoolchain --module-name FirebaseAuth --sdk-root /Applications/Xcode.app/Contents/Developer/Platforms/iPhoneSimulator.platform/Developer/SDKs/iPhoneSimulator26.2.sdk --xcode-version 17C52 --platform-family iOS --deployment-target 15.0 --bundle-identifier firebase-ios-sdk.FirebaseAuth --output /Users/leonardofigueiredo/Library/Developer/Xcode/DerivedData/Ratio-dgukedwfifpyteflgeptozrgzmmp/Build/Products/Debug-iphonesimulator/FirebaseAuth.appintents --target-triple arm64-apple-ios15.0-simulator --binary-file /Users/leonardofigueiredo/Library/Developer/Xcode/DerivedData/Ratio-dgukedwfifpyteflgeptozrgzmmp/Build/Products/Debug-iphonesimulator/FirebaseAuth.o --dependency-file /Users/leonardofigueiredo/Library/Developer/Xcode/DerivedData/Ratio-dgukedwfifpyteflgeptozrgzmmp/Build/Intermediates.noindex/Firebase.build/Debug-iphonesimulator/FirebaseAuth.build/Objects-normal/arm64/FirebaseAuth_dependency_info.dat --stringsdata-file /Users/leonardofigueiredo/Library/Developer/Xcode/DerivedData/Ratio-dgukedwfifpyteflgeptozrgzmmp/Build/Intermediates.noindex/Firebase.build/Debug-iphonesimulator/FirebaseAuth.build/Objects-normal/arm64/ExtractedAppShortcutsMetadata.stringsdata --source-file-list /Users/leonardofigueiredo/Library/Developer/Xcode/DerivedData/Ratio-dgukedwfifpyteflgeptozrgzmmp/Build/Intermediates.noindex/Firebase.build/Debug-iphonesimulator/FirebaseAuth.build/Objects-normal/arm64/FirebaseAuth.SwiftFileList --metadata-file-list /Users/leonardofigueiredo/Library/Developer/Xcode/DerivedData/Ratio-dgukedwfifpyteflgeptozrgzmmp/Build/Intermediates.noindex/Firebase.build/Debug-iphonesimulator/FirebaseAuth.build/FirebaseAuth.DependencyMetadataFileList --static-metadata-file-list /Users/leonardofigueiredo/Library/Developer/Xcode/DerivedData/Ratio-dgukedwfifpyteflgeptozrgzmmp/Build/Intermediates.noindex/Firebase.build/Debug-iphonesimulator/FirebaseAuth.build/FirebaseAuth.DependencyStaticMetadataFileList --swift-const-vals-list /Users/leonardofigueiredo/Library/Developer/Xcode/DerivedData/Ratio-dgukedwfifpyteflgeptozrgzmmp/Build/Intermediates.noindex/Firebase.build/Debug-iphonesimulator/FirebaseAuth.build/Objects-normal/arm64/FirebaseAuth.SwiftConstValuesFileList --force --compile-time-extraction --deployment-aware-processing --validate-assistant-intents --no-app-shortcuts-localization
2026-01-12 11:25:42.663 appintentsmetadataprocessor[77588:1422211] Starting appintentsmetadataprocessor export
2026-01-12 11:25:42.843 appintentsmetadataprocessor[77588:1422211] Extracted no relevant App Intents symbols, skipping writing output

RegisterExecutionPolicyException /Users/leonardofigueiredo/Library/Developer/Xcode/DerivedData/Ratio-dgukedwfifpyteflgeptozrgzmmp/Build/Products/Debug-iphonesimulator/FirebaseRemoteConfigInternal.o (in target 'FirebaseRemoteConfigInternal' from project 'Firebase')
    cd /Users/leonardofigueiredo/Library/Developer/Xcode/DerivedData/Ratio-dgukedwfifpyteflgeptozrgzmmp/SourcePackages/checkouts/firebase-ios-sdk
    builtin-RegisterExecutionPolicyException /Users/leonardofigueiredo/Library/Developer/Xcode/DerivedData/Ratio-dgukedwfifpyteflgeptozrgzmmp/Build/Products/Debug-iphonesimulator/FirebaseRemoteConfigInternal.o

RegisterExecutionPolicyException /Users/leonardofigueiredo/Library/Developer/Xcode/DerivedData/Ratio-dgukedwfifpyteflgeptozrgzmmp/Build/Products/Debug-iphonesimulator/FirebaseMessaging.o (in target 'FirebaseMessaging' from project 'Firebase')
    cd /Users/leonardofigueiredo/Library/Developer/Xcode/DerivedData/Ratio-dgukedwfifpyteflgeptozrgzmmp/SourcePackages/checkouts/firebase-ios-sdk
    builtin-RegisterExecutionPolicyException /Users/leonardofigueiredo/Library/Developer/Xcode/DerivedData/Ratio-dgukedwfifpyteflgeptozrgzmmp/Build/Products/Debug-iphonesimulator/FirebaseMessaging.o

RegisterExecutionPolicyException /Users/leonardofigueiredo/Library/Developer/Xcode/DerivedData/Ratio-dgukedwfifpyteflgeptozrgzmmp/Build/Products/Debug-iphonesimulator/FirebaseAnalyticsWrapper.o (in target 'FirebaseAnalyticsWrapper' from project 'Firebase')
    cd /Users/leonardofigueiredo/Library/Developer/Xcode/DerivedData/Ratio-dgukedwfifpyteflgeptozrgzmmp/SourcePackages/checkouts/firebase-ios-sdk
    builtin-RegisterExecutionPolicyException /Users/leonardofigueiredo/Library/Developer/Xcode/DerivedData/Ratio-dgukedwfifpyteflgeptozrgzmmp/Build/Products/Debug-iphonesimulator/FirebaseAnalyticsWrapper.o

RegisterExecutionPolicyException /Users/leonardofigueiredo/Library/Developer/Xcode/DerivedData/Ratio-dgukedwfifpyteflgeptozrgzmmp/Build/Products/Debug-iphonesimulator/FirebaseAnalyticsCoreWrapper.o (in target 'FirebaseAnalyticsCoreWrapper' from project 'Firebase')
    cd /Users/leonardofigueiredo/Library/Developer/Xcode/DerivedData/Ratio-dgukedwfifpyteflgeptozrgzmmp/SourcePackages/checkouts/firebase-ios-sdk
    builtin-RegisterExecutionPolicyException /Users/leonardofigueiredo/Library/Developer/Xcode/DerivedData/Ratio-dgukedwfifpyteflgeptozrgzmmp/Build/Products/Debug-iphonesimulator/FirebaseAnalyticsCoreWrapper.o

ExtractAppIntentsMetadata (in target 'FirebaseSessions' from project 'Firebase')
    cd /Users/leonardofigueiredo/Library/Developer/Xcode/DerivedData/Ratio-dgukedwfifpyteflgeptozrgzmmp/SourcePackages/checkouts/firebase-ios-sdk
    /Applications/Xcode.app/Contents/Developer/Toolchains/XcodeDefault.xctoolchain/usr/bin/appintentsmetadataprocessor --toolchain-dir /Applications/Xcode.app/Contents/Developer/Toolchains/XcodeDefault.xctoolchain --module-name FirebaseSessions --sdk-root /Applications/Xcode.app/Contents/Developer/Platforms/iPhoneSimulator.platform/Developer/SDKs/iPhoneSimulator26.2.sdk --xcode-version 17C52 --platform-family iOS --deployment-target 15.0 --bundle-identifier firebase-ios-sdk.FirebaseSessions --output /Users/leonardofigueiredo/Library/Developer/Xcode/DerivedData/Ratio-dgukedwfifpyteflgeptozrgzmmp/Build/Products/Debug-iphonesimulator/FirebaseSessions.appintents --target-triple arm64-apple-ios15.0-simulator --binary-file /Users/leonardofigueiredo/Library/Developer/Xcode/DerivedData/Ratio-dgukedwfifpyteflgeptozrgzmmp/Build/Products/Debug-iphonesimulator/FirebaseSessions.o --dependency-file /Users/leonardofigueiredo/Library/Developer/Xcode/DerivedData/Ratio-dgukedwfifpyteflgeptozrgzmmp/Build/Intermediates.noindex/Firebase.build/Debug-iphonesimulator/FirebaseSessions.build/Objects-normal/arm64/FirebaseSessions_dependency_info.dat --stringsdata-file /Users/leonardofigueiredo/Library/Developer/Xcode/DerivedData/Ratio-dgukedwfifpyteflgeptozrgzmmp/Build/Intermediates.noindex/Firebase.build/Debug-iphonesimulator/FirebaseSessions.build/Objects-normal/arm64/ExtractedAppShortcutsMetadata.stringsdata --source-file-list /Users/leonardofigueiredo/Library/Developer/Xcode/DerivedData/Ratio-dgukedwfifpyteflgeptozrgzmmp/Build/Intermediates.noindex/Firebase.build/Debug-iphonesimulator/FirebaseSessions.build/Objects-normal/arm64/FirebaseSessions.SwiftFileList --metadata-file-list /Users/leonardofigueiredo/Library/Developer/Xcode/DerivedData/Ratio-dgukedwfifpyteflgeptozrgzmmp/Build/Intermediates.noindex/Firebase.build/Debug-iphonesimulator/FirebaseSessions.build/FirebaseSessions.DependencyMetadataFileList --static-metadata-file-list /Users/leonardofigueiredo/Library/Developer/Xcode/DerivedData/Ratio-dgukedwfifpyteflgeptozrgzmmp/Build/Intermediates.noindex/Firebase.build/Debug-iphonesimulator/FirebaseSessions.build/FirebaseSessions.DependencyStaticMetadataFileList --swift-const-vals-list /Users/leonardofigueiredo/Library/Developer/Xcode/DerivedData/Ratio-dgukedwfifpyteflgeptozrgzmmp/Build/Intermediates.noindex/Firebase.build/Debug-iphonesimulator/FirebaseSessions.build/Objects-normal/arm64/FirebaseSessions.SwiftConstValuesFileList --force --compile-time-extraction --deployment-aware-processing --validate-assistant-intents --no-app-shortcuts-localization
2026-01-12 11:25:42.695 appintentsmetadataprocessor[77592:1422255] Starting appintentsmetadataprocessor export
2026-01-12 11:25:42.843 appintentsmetadataprocessor[77592:1422255] Extracted no relevant App Intents symbols, skipping writing output

Ld /Users/leonardofigueiredo/Library/Developer/Xcode/DerivedData/Ratio-dgukedwfifpyteflgeptozrgzmmp/Build/Products/Debug-iphonesimulator/FirebaseAnalyticsTarget.o normal (in target 'FirebaseAnalyticsTarget' from project 'Firebase')
    cd /Users/leonardofigueiredo/Library/Developer/Xcode/DerivedData/Ratio-dgukedwfifpyteflgeptozrgzmmp/SourcePackages/checkouts/firebase-ios-sdk
    /Applications/Xcode.app/Contents/Developer/Toolchains/XcodeDefault.xctoolchain/usr/bin/clang -Xlinker -reproducible -target arm64-apple-ios15.0-simulator -r -isysroot /Applications/Xcode.app/Contents/Developer/Platforms/iPhoneSimulator.platform/Developer/SDKs/iPhoneSimulator26.2.sdk -O0 -w -L/Users/leonardofigueiredo/Library/Developer/Xcode/DerivedData/Ratio-dgukedwfifpyteflgeptozrgzmmp/Build/Intermediates.noindex/EagerLinkingTBDs/Debug-iphonesimulator -L/Users/leonardofigueiredo/Library/Developer/Xcode/DerivedData/Ratio-dgukedwfifpyteflgeptozrgzmmp/Build/Products/Debug-iphonesimulator -L/Applications/Xcode.app/Contents/Developer/Platforms/iPhoneSimulator.platform/Developer/usr/lib -F/Users/leonardofigueiredo/Library/Developer/Xcode/DerivedData/Ratio-dgukedwfifpyteflgeptozrgzmmp/Build/Intermediates.noindex/EagerLinkingTBDs/Debug-iphonesimulator -F/Users/leonardofigueiredo/Library/Developer/Xcode/DerivedData/Ratio-dgukedwfifpyteflgeptozrgzmmp/Build/Products/Debug-iphonesimulator/PackageFrameworks -F/Users/leonardofigueiredo/Library/Developer/Xcode/DerivedData/Ratio-dgukedwfifpyteflgeptozrgzmmp/Build/Products/Debug-iphonesimulator/PackageFrameworks -F/Users/leonardofigueiredo/Library/Developer/Xcode/DerivedData/Ratio-dgukedwfifpyteflgeptozrgzmmp/Build/Products/Debug-iphonesimulator/PackageFrameworks -F/Users/leonardofigueiredo/Library/Developer/Xcode/DerivedData/Ratio-dgukedwfifpyteflgeptozrgzmmp/Build/Products/Debug-iphonesimulator/PackageFrameworks -F/Users/leonardofigueiredo/Library/Developer/Xcode/DerivedData/Ratio-dgukedwfifpyteflgeptozrgzmmp/Build/Products/Debug-iphonesimulator/PackageFrameworks -F/Users/leonardofigueiredo/Library/Developer/Xcode/DerivedData/Ratio-dgukedwfifpyteflgeptozrgzmmp/Build/Products/Debug-iphonesimulator/PackageFrameworks -F/Users/leonardofigueiredo/Library/Developer/Xcode/DerivedData/Ratio-dgukedwfifpyteflgeptozrgzmmp/Build/Products/Debug-iphonesimulator/PackageFrameworks -F/Users/leonardofigueiredo/Library/Developer/Xcode/DerivedData/Ratio-dgukedwfifpyteflgeptozrgzmmp/Build/Products/Debug-iphonesimulator/PackageFrameworks -F/Users/leonardofigueiredo/Library/Developer/Xcode/DerivedData/Ratio-dgukedwfifpyteflgeptozrgzmmp/Build/Products/Debug-iphonesimulator/PackageFrameworks -F/Users/leonardofigueiredo/Library/Developer/Xcode/DerivedData/Ratio-dgukedwfifpyteflgeptozrgzmmp/Build/Products/Debug-iphonesimulator/PackageFrameworks -F/Users/leonardofigueiredo/Library/Developer/Xcode/DerivedData/Ratio-dgukedwfifpyteflgeptozrgzmmp/Build/Products/Debug-iphonesimulator/PackageFrameworks -F/Users/leonardofigueiredo/Library/Developer/Xcode/DerivedData/Ratio-dgukedwfifpyteflgeptozrgzmmp/Build/Products/Debug-iphonesimulator/PackageFrameworks -F/Users/leonardofigueiredo/Library/Developer/Xcode/DerivedData/Ratio-dgukedwfifpyteflgeptozrgzmmp/Build/Products/Debug-iphonesimulator/PackageFrameworks -F/Users/leonardofigueiredo/Library/Developer/Xcode/DerivedData/Ratio-dgukedwfifpyteflgeptozrgzmmp/Build/Products/Debug-iphonesimulator/PackageFrameworks -F/Users/leonardofigueiredo/Library/Developer/Xcode/DerivedData/Ratio-dgukedwfifpyteflgeptozrgzmmp/Build/Products/Debug-iphonesimulator/PackageFrameworks -F/Users/leonardofigueiredo/Library/Developer/Xcode/DerivedData/Ratio-dgukedwfifpyteflgeptozrgzmmp/Build/Products/Debug-iphonesimulator/PackageFrameworks -F/Users/leonardofigueiredo/Library/Developer/Xcode/DerivedData/Ratio-dgukedwfifpyteflgeptozrgzmmp/Build/Products/Debug-iphonesimulator/PackageFrameworks -F/Users/leonardofigueiredo/Library/Developer/Xcode/DerivedData/Ratio-dgukedwfifpyteflgeptozrgzmmp/Build/Products/Debug-iphonesimulator/PackageFrameworks -F/Users/leonardofigueiredo/Library/Developer/Xcode/DerivedData/Ratio-dgukedwfifpyteflgeptozrgzmmp/Build/Products/Debug-iphonesimulator -iframework /Applications/Xcode.app/Contents/Developer/Platforms/iPhoneSimulator.platform/Developer/Library/Frameworks -iframework /Applications/Xcode.app/Contents/Developer/Platforms/iPhoneSimulator.platform/Developer/SDKs/iPhoneSimulator26.2.sdk/Developer/Library/Frameworks -filelist /Users/leonardofigueiredo/Library/Developer/Xcode/DerivedData/Ratio-dgukedwfifpyteflgeptozrgzmmp/Build/Intermediates.noindex/Firebase.build/Debug-iphonesimulator/FirebaseAnalyticsTarget.build/Objects-normal/arm64/FirebaseAnalyticsTarget.LinkFileList -nostdlib -Xlinker -object_path_lto -Xlinker /Users/leonardofigueiredo/Library/Developer/Xcode/DerivedData/Ratio-dgukedwfifpyteflgeptozrgzmmp/Build/Intermediates.noindex/Firebase.build/Debug-iphonesimulator/FirebaseAnalyticsTarget.build/Objects-normal/arm64/FirebaseAnalyticsTarget_lto.o -rdynamic -Xlinker -no_deduplicate -Xlinker -objc_abi_version -Xlinker 2 -Xlinker -dependency_info -Xlinker /Users/leonardofigueiredo/Library/Developer/Xcode/DerivedData/Ratio-dgukedwfifpyteflgeptozrgzmmp/Build/Intermediates.noindex/Firebase.build/Debug-iphonesimulator/FirebaseAnalyticsTarget.build/Objects-normal/arm64/FirebaseAnalyticsTarget_dependency_info.dat -fobjc-arc -fobjc-link-runtime -o /Users/leonardofigueiredo/Library/Developer/Xcode/DerivedData/Ratio-dgukedwfifpyteflgeptozrgzmmp/Build/Products/Debug-iphonesimulator/FirebaseAnalyticsTarget.o

Ld /Users/leonardofigueiredo/Library/Developer/Xcode/DerivedData/Ratio-dgukedwfifpyteflgeptozrgzmmp/Build/Products/Debug-iphonesimulator/FirebaseAnalyticsCoreTarget.o normal (in target 'FirebaseAnalyticsCoreTarget' from project 'Firebase')
    cd /Users/leonardofigueiredo/Library/Developer/Xcode/DerivedData/Ratio-dgukedwfifpyteflgeptozrgzmmp/SourcePackages/checkouts/firebase-ios-sdk
    /Applications/Xcode.app/Contents/Developer/Toolchains/XcodeDefault.xctoolchain/usr/bin/clang -Xlinker -reproducible -target arm64-apple-ios15.0-simulator -r -isysroot /Applications/Xcode.app/Contents/Developer/Platforms/iPhoneSimulator.platform/Developer/SDKs/iPhoneSimulator26.2.sdk -O0 -w -L/Users/leonardofigueiredo/Library/Developer/Xcode/DerivedData/Ratio-dgukedwfifpyteflgeptozrgzmmp/Build/Intermediates.noindex/EagerLinkingTBDs/Debug-iphonesimulator -L/Users/leonardofigueiredo/Library/Developer/Xcode/DerivedData/Ratio-dgukedwfifpyteflgeptozrgzmmp/Build/Products/Debug-iphonesimulator -L/Applications/Xcode.app/Contents/Developer/Platforms/iPhoneSimulator.platform/Developer/usr/lib -F/Users/leonardofigueiredo/Library/Developer/Xcode/DerivedData/Ratio-dgukedwfifpyteflgeptozrgzmmp/Build/Intermediates.noindex/EagerLinkingTBDs/Debug-iphonesimulator -F/Users/leonardofigueiredo/Library/Developer/Xcode/DerivedData/Ratio-dgukedwfifpyteflgeptozrgzmmp/Build/Products/Debug-iphonesimulator/PackageFrameworks -F/Users/leonardofigueiredo/Library/Developer/Xcode/DerivedData/Ratio-dgukedwfifpyteflgeptozrgzmmp/Build/Products/Debug-iphonesimulator/PackageFrameworks -F/Users/leonardofigueiredo/Library/Developer/Xcode/DerivedData/Ratio-dgukedwfifpyteflgeptozrgzmmp/Build/Products/Debug-iphonesimulator/PackageFrameworks -F/Users/leonardofigueiredo/Library/Developer/Xcode/DerivedData/Ratio-dgukedwfifpyteflgeptozrgzmmp/Build/Products/Debug-iphonesimulator/PackageFrameworks -F/Users/leonardofigueiredo/Library/Developer/Xcode/DerivedData/Ratio-dgukedwfifpyteflgeptozrgzmmp/Build/Products/Debug-iphonesimulator/PackageFrameworks -F/Users/leonardofigueiredo/Library/Developer/Xcode/DerivedData/Ratio-dgukedwfifpyteflgeptozrgzmmp/Build/Products/Debug-iphonesimulator/PackageFrameworks -F/Users/leonardofigueiredo/Library/Developer/Xcode/DerivedData/Ratio-dgukedwfifpyteflgeptozrgzmmp/Build/Products/Debug-iphonesimulator/PackageFrameworks -F/Users/leonardofigueiredo/Library/Developer/Xcode/DerivedData/Ratio-dgukedwfifpyteflgeptozrgzmmp/Build/Products/Debug-iphonesimulator/PackageFrameworks -F/Users/leonardofigueiredo/Library/Developer/Xcode/DerivedData/Ratio-dgukedwfifpyteflgeptozrgzmmp/Build/Products/Debug-iphonesimulator/PackageFrameworks -F/Users/leonardofigueiredo/Library/Developer/Xcode/DerivedData/Ratio-dgukedwfifpyteflgeptozrgzmmp/Build/Products/Debug-iphonesimulator/PackageFrameworks -F/Users/leonardofigueiredo/Library/Developer/Xcode/DerivedData/Ratio-dgukedwfifpyteflgeptozrgzmmp/Build/Products/Debug-iphonesimulator/PackageFrameworks -F/Users/leonardofigueiredo/Library/Developer/Xcode/DerivedData/Ratio-dgukedwfifpyteflgeptozrgzmmp/Build/Products/Debug-iphonesimulator/PackageFrameworks -F/Users/leonardofigueiredo/Library/Developer/Xcode/DerivedData/Ratio-dgukedwfifpyteflgeptozrgzmmp/Build/Products/Debug-iphonesimulator/PackageFrameworks -F/Users/leonardofigueiredo/Library/Developer/Xcode/DerivedData/Ratio-dgukedwfifpyteflgeptozrgzmmp/Build/Products/Debug-iphonesimulator/PackageFrameworks -F/Users/leonardofigueiredo/Library/Developer/Xcode/DerivedData/Ratio-dgukedwfifpyteflgeptozrgzmmp/Build/Products/Debug-iphonesimulator/PackageFrameworks -F/Users/leonardofigueiredo/Library/Developer/Xcode/DerivedData/Ratio-dgukedwfifpyteflgeptozrgzmmp/Build/Products/Debug-iphonesimulator/PackageFrameworks -F/Users/leonardofigueiredo/Library/Developer/Xcode/DerivedData/Ratio-dgukedwfifpyteflgeptozrgzmmp/Build/Products/Debug-iphonesimulator/PackageFrameworks -F/Users/leonardofigueiredo/Library/Developer/Xcode/DerivedData/Ratio-dgukedwfifpyteflgeptozrgzmmp/Build/Products/Debug-iphonesimulator -iframework /Applications/Xcode.app/Contents/Developer/Platforms/iPhoneSimulator.platform/Developer/Library/Frameworks -iframework /Applications/Xcode.app/Contents/Developer/Platforms/iPhoneSimulator.platform/Developer/SDKs/iPhoneSimulator26.2.sdk/Developer/Library/Frameworks -filelist /Users/leonardofigueiredo/Library/Developer/Xcode/DerivedData/Ratio-dgukedwfifpyteflgeptozrgzmmp/Build/Intermediates.noindex/Firebase.build/Debug-iphonesimulator/FirebaseAnalyticsCoreTarget.build/Objects-normal/arm64/FirebaseAnalyticsCoreTarget.LinkFileList -nostdlib -Xlinker -object_path_lto -Xlinker /Users/leonardofigueiredo/Library/Developer/Xcode/DerivedData/Ratio-dgukedwfifpyteflgeptozrgzmmp/Build/Intermediates.noindex/Firebase.build/Debug-iphonesimulator/FirebaseAnalyticsCoreTarget.build/Objects-normal/arm64/FirebaseAnalyticsCoreTarget_lto.o -rdynamic -Xlinker -no_deduplicate -Xlinker -objc_abi_version -Xlinker 2 -Xlinker -dependency_info -Xlinker /Users/leonardofigueiredo/Library/Developer/Xcode/DerivedData/Ratio-dgukedwfifpyteflgeptozrgzmmp/Build/Intermediates.noindex/Firebase.build/Debug-iphonesimulator/FirebaseAnalyticsCoreTarget.build/Objects-normal/arm64/FirebaseAnalyticsCoreTarget_dependency_info.dat -fobjc-arc -fobjc-link-runtime -o /Users/leonardofigueiredo/Library/Developer/Xcode/DerivedData/Ratio-dgukedwfifpyteflgeptozrgzmmp/Build/Products/Debug-iphonesimulator/FirebaseAnalyticsCoreTarget.o

RegisterExecutionPolicyException /Users/leonardofigueiredo/Library/Developer/Xcode/DerivedData/Ratio-dgukedwfifpyteflgeptozrgzmmp/Build/Products/Debug-iphonesimulator/FirebaseStorage.o (in target 'FirebaseStorage' from project 'Firebase')
    cd /Users/leonardofigueiredo/Library/Developer/Xcode/DerivedData/Ratio-dgukedwfifpyteflgeptozrgzmmp/SourcePackages/checkouts/firebase-ios-sdk
    builtin-RegisterExecutionPolicyException /Users/leonardofigueiredo/Library/Developer/Xcode/DerivedData/Ratio-dgukedwfifpyteflgeptozrgzmmp/Build/Products/Debug-iphonesimulator/FirebaseStorage.o

RegisterExecutionPolicyException /Users/leonardofigueiredo/Library/Developer/Xcode/DerivedData/Ratio-dgukedwfifpyteflgeptozrgzmmp/Build/Products/Debug-iphonesimulator/FirebaseAnalyticsTarget.o (in target 'FirebaseAnalyticsTarget' from project 'Firebase')
    cd /Users/leonardofigueiredo/Library/Developer/Xcode/DerivedData/Ratio-dgukedwfifpyteflgeptozrgzmmp/SourcePackages/checkouts/firebase-ios-sdk
    builtin-RegisterExecutionPolicyException /Users/leonardofigueiredo/Library/Developer/Xcode/DerivedData/Ratio-dgukedwfifpyteflgeptozrgzmmp/Build/Products/Debug-iphonesimulator/FirebaseAnalyticsTarget.o

RegisterExecutionPolicyException /Users/leonardofigueiredo/Library/Developer/Xcode/DerivedData/Ratio-dgukedwfifpyteflgeptozrgzmmp/Build/Products/Debug-iphonesimulator/FirebaseAnalyticsCoreTarget.o (in target 'FirebaseAnalyticsCoreTarget' from project 'Firebase')
    cd /Users/leonardofigueiredo/Library/Developer/Xcode/DerivedData/Ratio-dgukedwfifpyteflgeptozrgzmmp/SourcePackages/checkouts/firebase-ios-sdk
    builtin-RegisterExecutionPolicyException /Users/leonardofigueiredo/Library/Developer/Xcode/DerivedData/Ratio-dgukedwfifpyteflgeptozrgzmmp/Build/Products/Debug-iphonesimulator/FirebaseAnalyticsCoreTarget.o

RegisterExecutionPolicyException /Users/leonardofigueiredo/Library/Developer/Xcode/DerivedData/Ratio-dgukedwfifpyteflgeptozrgzmmp/Build/Products/Debug-iphonesimulator/FirebaseFirestore.o (in target 'FirebaseFirestore' from project 'Firebase')
    cd /Users/leonardofigueiredo/Library/Developer/Xcode/DerivedData/Ratio-dgukedwfifpyteflgeptozrgzmmp/SourcePackages/checkouts/firebase-ios-sdk
    builtin-RegisterExecutionPolicyException /Users/leonardofigueiredo/Library/Developer/Xcode/DerivedData/Ratio-dgukedwfifpyteflgeptozrgzmmp/Build/Products/Debug-iphonesimulator/FirebaseFirestore.o

Ld /Users/leonardofigueiredo/Library/Developer/Xcode/DerivedData/Ratio-dgukedwfifpyteflgeptozrgzmmp/Build/Products/Debug-iphonesimulator/FirebaseFirestoreTarget.o normal (in target 'FirebaseFirestoreTarget' from project 'Firebase')
    cd /Users/leonardofigueiredo/Library/Developer/Xcode/DerivedData/Ratio-dgukedwfifpyteflgeptozrgzmmp/SourcePackages/checkouts/firebase-ios-sdk
    /Applications/Xcode.app/Contents/Developer/Toolchains/XcodeDefault.xctoolchain/usr/bin/clang -Xlinker -reproducible -target arm64-apple-ios15.0-simulator -r -isysroot /Applications/Xcode.app/Contents/Developer/Platforms/iPhoneSimulator.platform/Developer/SDKs/iPhoneSimulator26.2.sdk -O0 -w -L/Users/leonardofigueiredo/Library/Developer/Xcode/DerivedData/Ratio-dgukedwfifpyteflgeptozrgzmmp/Build/Intermediates.noindex/EagerLinkingTBDs/Debug-iphonesimulator -L/Users/leonardofigueiredo/Library/Developer/Xcode/DerivedData/Ratio-dgukedwfifpyteflgeptozrgzmmp/Build/Products/Debug-iphonesimulator -L/Applications/Xcode.app/Contents/Developer/Platforms/iPhoneSimulator.platform/Developer/usr/lib -F/Users/leonardofigueiredo/Library/Developer/Xcode/DerivedData/Ratio-dgukedwfifpyteflgeptozrgzmmp/Build/Intermediates.noindex/EagerLinkingTBDs/Debug-iphonesimulator -F/Users/leonardofigueiredo/Library/Developer/Xcode/DerivedData/Ratio-dgukedwfifpyteflgeptozrgzmmp/Build/Products/Debug-iphonesimulator/PackageFrameworks -F/Users/leonardofigueiredo/Library/Developer/Xcode/DerivedData/Ratio-dgukedwfifpyteflgeptozrgzmmp/Build/Products/Debug-iphonesimulator/PackageFrameworks -F/Users/leonardofigueiredo/Library/Developer/Xcode/DerivedData/Ratio-dgukedwfifpyteflgeptozrgzmmp/Build/Products/Debug-iphonesimulator/PackageFrameworks -F/Users/leonardofigueiredo/Library/Developer/Xcode/DerivedData/Ratio-dgukedwfifpyteflgeptozrgzmmp/Build/Products/Debug-iphonesimulator/PackageFrameworks -F/Users/leonardofigueiredo/Library/Developer/Xcode/DerivedData/Ratio-dgukedwfifpyteflgeptozrgzmmp/Build/Products/Debug-iphonesimulator/PackageFrameworks -F/Users/leonardofigueiredo/Library/Developer/Xcode/DerivedData/Ratio-dgukedwfifpyteflgeptozrgzmmp/Build/Products/Debug-iphonesimulator/PackageFrameworks -F/Users/leonardofigueiredo/Library/Developer/Xcode/DerivedData/Ratio-dgukedwfifpyteflgeptozrgzmmp/Build/Products/Debug-iphonesimulator/PackageFrameworks -F/Users/leonardofigueiredo/Library/Developer/Xcode/DerivedData/Ratio-dgukedwfifpyteflgeptozrgzmmp/Build/Products/Debug-iphonesimulator/PackageFrameworks -F/Users/leonardofigueiredo/Library/Developer/Xcode/DerivedData/Ratio-dgukedwfifpyteflgeptozrgzmmp/Build/Products/Debug-iphonesimulator/PackageFrameworks -F/Users/leonardofigueiredo/Library/Developer/Xcode/DerivedData/Ratio-dgukedwfifpyteflgeptozrgzmmp/Build/Products/Debug-iphonesimulator/PackageFrameworks -F/Users/leonardofigueiredo/Library/Developer/Xcode/DerivedData/Ratio-dgukedwfifpyteflgeptozrgzmmp/Build/Products/Debug-iphonesimulator/PackageFrameworks -F/Users/leonardofigueiredo/Library/Developer/Xcode/DerivedData/Ratio-dgukedwfifpyteflgeptozrgzmmp/Build/Products/Debug-iphonesimulator/PackageFrameworks -F/Users/leonardofigueiredo/Library/Developer/Xcode/DerivedData/Ratio-dgukedwfifpyteflgeptozrgzmmp/Build/Products/Debug-iphonesimulator/PackageFrameworks -F/Users/leonardofigueiredo/Library/Developer/Xcode/DerivedData/Ratio-dgukedwfifpyteflgeptozrgzmmp/Build/Products/Debug-iphonesimulator/PackageFrameworks -F/Users/leonardofigueiredo/Library/Developer/Xcode/DerivedData/Ratio-dgukedwfifpyteflgeptozrgzmmp/Build/Products/Debug-iphonesimulator/PackageFrameworks -F/Users/leonardofigueiredo/Library/Developer/Xcode/DerivedData/Ratio-dgukedwfifpyteflgeptozrgzmmp/Build/Products/Debug-iphonesimulator/PackageFrameworks -F/Users/leonardofigueiredo/Library/Developer/Xcode/DerivedData/Ratio-dgukedwfifpyteflgeptozrgzmmp/Build/Products/Debug-iphonesimulator/PackageFrameworks -F/Users/leonardofigueiredo/Library/Developer/Xcode/DerivedData/Ratio-dgukedwfifpyteflgeptozrgzmmp/Build/Products/Debug-iphonesimulator/PackageFrameworks -F/Users/leonardofigueiredo/Library/Developer/Xcode/DerivedData/Ratio-dgukedwfifpyteflgeptozrgzmmp/Build/Products/Debug-iphonesimulator -iframework /Applications/Xcode.app/Contents/Developer/Platforms/iPhoneSimulator.platform/Developer/Library/Frameworks -iframework /Applications/Xcode.app/Contents/Developer/Platforms/iPhoneSimulator.platform/Developer/SDKs/iPhoneSimulator26.2.sdk/Developer/Library/Frameworks -filelist /Users/leonardofigueiredo/Library/Developer/Xcode/DerivedData/Ratio-dgukedwfifpyteflgeptozrgzmmp/Build/Intermediates.noindex/Firebase.build/Debug-iphonesimulator/FirebaseFirestoreTarget.build/Objects-normal/arm64/FirebaseFirestoreTarget.LinkFileList -nostdlib -Xlinker -object_path_lto -Xlinker /Users/leonardofigueiredo/Library/Developer/Xcode/DerivedData/Ratio-dgukedwfifpyteflgeptozrgzmmp/Build/Intermediates.noindex/Firebase.build/Debug-iphonesimulator/FirebaseFirestoreTarget.build/Objects-normal/arm64/FirebaseFirestoreTarget_lto.o -rdynamic -Xlinker -no_deduplicate -Xlinker -objc_abi_version -Xlinker 2 -Xlinker -dependency_info -Xlinker /Users/leonardofigueiredo/Library/Developer/Xcode/DerivedData/Ratio-dgukedwfifpyteflgeptozrgzmmp/Build/Intermediates.noindex/Firebase.build/Debug-iphonesimulator/FirebaseFirestoreTarget.build/Objects-normal/arm64/FirebaseFirestoreTarget_dependency_info.dat -fobjc-arc -fobjc-link-runtime -o /Users/leonardofigueiredo/Library/Developer/Xcode/DerivedData/Ratio-dgukedwfifpyteflgeptozrgzmmp/Build/Products/Debug-iphonesimulator/FirebaseFirestoreTarget.o

RegisterExecutionPolicyException /Users/leonardofigueiredo/Library/Developer/Xcode/DerivedData/Ratio-dgukedwfifpyteflgeptozrgzmmp/Build/Products/Debug-iphonesimulator/FirebaseFirestoreTarget.o (in target 'FirebaseFirestoreTarget' from project 'Firebase')
    cd /Users/leonardofigueiredo/Library/Developer/Xcode/DerivedData/Ratio-dgukedwfifpyteflgeptozrgzmmp/SourcePackages/checkouts/firebase-ios-sdk
    builtin-RegisterExecutionPolicyException /Users/leonardofigueiredo/Library/Developer/Xcode/DerivedData/Ratio-dgukedwfifpyteflgeptozrgzmmp/Build/Products/Debug-iphonesimulator/FirebaseFirestoreTarget.o

RegisterExecutionPolicyException /Users/leonardofigueiredo/Library/Developer/Xcode/DerivedData/Ratio-dgukedwfifpyteflgeptozrgzmmp/Build/Products/Debug-iphonesimulator/FirebaseSessions.o (in target 'FirebaseSessions' from project 'Firebase')
    cd /Users/leonardofigueiredo/Library/Developer/Xcode/DerivedData/Ratio-dgukedwfifpyteflgeptozrgzmmp/SourcePackages/checkouts/firebase-ios-sdk
    builtin-RegisterExecutionPolicyException /Users/leonardofigueiredo/Library/Developer/Xcode/DerivedData/Ratio-dgukedwfifpyteflgeptozrgzmmp/Build/Products/Debug-iphonesimulator/FirebaseSessions.o

RegisterExecutionPolicyException /Users/leonardofigueiredo/Library/Developer/Xcode/DerivedData/Ratio-dgukedwfifpyteflgeptozrgzmmp/Build/Products/Debug-iphonesimulator/FirebaseAuth.o (in target 'FirebaseAuth' from project 'Firebase')
    cd /Users/leonardofigueiredo/Library/Developer/Xcode/DerivedData/Ratio-dgukedwfifpyteflgeptozrgzmmp/SourcePackages/checkouts/firebase-ios-sdk
    builtin-RegisterExecutionPolicyException /Users/leonardofigueiredo/Library/Developer/Xcode/DerivedData/Ratio-dgukedwfifpyteflgeptozrgzmmp/Build/Products/Debug-iphonesimulator/FirebaseAuth.o

Ld /Users/leonardofigueiredo/Library/Developer/Xcode/DerivedData/Ratio-dgukedwfifpyteflgeptozrgzmmp/Build/Products/Debug-iphonesimulator/FirebasePerformance.o normal (in target 'FirebasePerformance' from project 'Firebase')
    cd /Users/leonardofigueiredo/Library/Developer/Xcode/DerivedData/Ratio-dgukedwfifpyteflgeptozrgzmmp/SourcePackages/checkouts/firebase-ios-sdk
    /Applications/Xcode.app/Contents/Developer/Toolchains/XcodeDefault.xctoolchain/usr/bin/clang -Xlinker -reproducible -target arm64-apple-ios15.0-simulator -r -isysroot /Applications/Xcode.app/Contents/Developer/Platforms/iPhoneSimulator.platform/Developer/SDKs/iPhoneSimulator26.2.sdk -O0 -w -L/Users/leonardofigueiredo/Library/Developer/Xcode/DerivedData/Ratio-dgukedwfifpyteflgeptozrgzmmp/Build/Intermediates.noindex/EagerLinkingTBDs/Debug-iphonesimulator -L/Users/leonardofigueiredo/Library/Developer/Xcode/DerivedData/Ratio-dgukedwfifpyteflgeptozrgzmmp/Build/Products/Debug-iphonesimulator -L/Applications/Xcode.app/Contents/Developer/Platforms/iPhoneSimulator.platform/Developer/usr/lib -F/Users/leonardofigueiredo/Library/Developer/Xcode/DerivedData/Ratio-dgukedwfifpyteflgeptozrgzmmp/Build/Intermediates.noindex/EagerLinkingTBDs/Debug-iphonesimulator -F/Users/leonardofigueiredo/Library/Developer/Xcode/DerivedData/Ratio-dgukedwfifpyteflgeptozrgzmmp/Build/Products/Debug-iphonesimulator/PackageFrameworks -F/Users/leonardofigueiredo/Library/Developer/Xcode/DerivedData/Ratio-dgukedwfifpyteflgeptozrgzmmp/Build/Products/Debug-iphonesimulator/PackageFrameworks -F/Users/leonardofigueiredo/Library/Developer/Xcode/DerivedData/Ratio-dgukedwfifpyteflgeptozrgzmmp/Build/Products/Debug-iphonesimulator/PackageFrameworks -F/Users/leonardofigueiredo/Library/Developer/Xcode/DerivedData/Ratio-dgukedwfifpyteflgeptozrgzmmp/Build/Products/Debug-iphonesimulator/PackageFrameworks -F/Users/leonardofigueiredo/Library/Developer/Xcode/DerivedData/Ratio-dgukedwfifpyteflgeptozrgzmmp/Build/Products/Debug-iphonesimulator/PackageFrameworks -F/Users/leonardofigueiredo/Library/Developer/Xcode/DerivedData/Ratio-dgukedwfifpyteflgeptozrgzmmp/Build/Products/Debug-iphonesimulator/PackageFrameworks -F/Users/leonardofigueiredo/Library/Developer/Xcode/DerivedData/Ratio-dgukedwfifpyteflgeptozrgzmmp/Build/Products/Debug-iphonesimulator/PackageFrameworks -F/Users/leonardofigueiredo/Library/Developer/Xcode/DerivedData/Ratio-dgukedwfifpyteflgeptozrgzmmp/Build/Products/Debug-iphonesimulator/PackageFrameworks -F/Users/leonardofigueiredo/Library/Developer/Xcode/DerivedData/Ratio-dgukedwfifpyteflgeptozrgzmmp/Build/Products/Debug-iphonesimulator/PackageFrameworks -F/Users/leonardofigueiredo/Library/Developer/Xcode/DerivedData/Ratio-dgukedwfifpyteflgeptozrgzmmp/Build/Products/Debug-iphonesimulator/PackageFrameworks -F/Users/leonardofigueiredo/Library/Developer/Xcode/DerivedData/Ratio-dgukedwfifpyteflgeptozrgzmmp/Build/Products/Debug-iphonesimulator/PackageFrameworks -F/Users/leonardofigueiredo/Library/Developer/Xcode/DerivedData/Ratio-dgukedwfifpyteflgeptozrgzmmp/Build/Products/Debug-iphonesimulator/PackageFrameworks -F/Users/leonardofigueiredo/Library/Developer/Xcode/DerivedData/Ratio-dgukedwfifpyteflgeptozrgzmmp/Build/Products/Debug-iphonesimulator/PackageFrameworks -F/Users/leonardofigueiredo/Library/Developer/Xcode/DerivedData/Ratio-dgukedwfifpyteflgeptozrgzmmp/Build/Products/Debug-iphonesimulator/PackageFrameworks -F/Users/leonardofigueiredo/Library/Developer/Xcode/DerivedData/Ratio-dgukedwfifpyteflgeptozrgzmmp/Build/Products/Debug-iphonesimulator/PackageFrameworks -F/Users/leonardofigueiredo/Library/Developer/Xcode/DerivedData/Ratio-dgukedwfifpyteflgeptozrgzmmp/Build/Products/Debug-iphonesimulator/PackageFrameworks -F/Users/leonardofigueiredo/Library/Developer/Xcode/DerivedData/Ratio-dgukedwfifpyteflgeptozrgzmmp/Build/Products/Debug-iphonesimulator/PackageFrameworks -F/Users/leonardofigueiredo/Library/Developer/Xcode/DerivedData/Ratio-dgukedwfifpyteflgeptozrgzmmp/Build/Products/Debug-iphonesimulator/PackageFrameworks -F/Users/leonardofigueiredo/Library/Developer/Xcode/DerivedData/Ratio-dgukedwfifpyteflgeptozrgzmmp/Build/Products/Debug-iphonesimulator/PackageFrameworks -F/Users/leonardofigueiredo/Library/Developer/Xcode/DerivedData/Ratio-dgukedwfifpyteflgeptozrgzmmp/Build/Products/Debug-iphonesimulator/PackageFrameworks -F/Users/leonardofigueiredo/Library/Developer/Xcode/DerivedData/Ratio-dgukedwfifpyteflgeptozrgzmmp/Build/Products/Debug-iphonesimulator -iframework /Applications/Xcode.app/Contents/Developer/Platforms/iPhoneSimulator.platform/Developer/Library/Frameworks -iframework /Applications/Xcode.app/Contents/Developer/Platforms/iPhoneSimulator.platform/Developer/SDKs/iPhoneSimulator26.2.sdk/Developer/Library/Frameworks -filelist /Users/leonardofigueiredo/Library/Developer/Xcode/DerivedData/Ratio-dgukedwfifpyteflgeptozrgzmmp/Build/Intermediates.noindex/Firebase.build/Debug-iphonesimulator/FirebasePerformance.build/Objects-normal/arm64/FirebasePerformance.LinkFileList -nostdlib -Xlinker -object_path_lto -Xlinker /Users/leonardofigueiredo/Library/Developer/Xcode/DerivedData/Ratio-dgukedwfifpyteflgeptozrgzmmp/Build/Intermediates.noindex/Firebase.build/Debug-iphonesimulator/FirebasePerformance.build/Objects-normal/arm64/FirebasePerformance_lto.o -rdynamic -Xlinker -no_deduplicate -Xlinker -objc_abi_version -Xlinker 2 -Xlinker -dependency_info -Xlinker /Users/leonardofigueiredo/Library/Developer/Xcode/DerivedData/Ratio-dgukedwfifpyteflgeptozrgzmmp/Build/Intermediates.noindex/Firebase.build/Debug-iphonesimulator/FirebasePerformance.build/Objects-normal/arm64/FirebasePerformance_dependency_info.dat -fobjc-arc -fobjc-link-runtime -o /Users/leonardofigueiredo/Library/Developer/Xcode/DerivedData/Ratio-dgukedwfifpyteflgeptozrgzmmp/Build/Products/Debug-iphonesimulator/FirebasePerformance.o

RegisterExecutionPolicyException /Users/leonardofigueiredo/Library/Developer/Xcode/DerivedData/Ratio-dgukedwfifpyteflgeptozrgzmmp/Build/Products/Debug-iphonesimulator/FirebaseCrashlyticsSwift.o (in target 'FirebaseCrashlyticsSwift' from project 'Firebase')
    cd /Users/leonardofigueiredo/Library/Developer/Xcode/DerivedData/Ratio-dgukedwfifpyteflgeptozrgzmmp/SourcePackages/checkouts/firebase-ios-sdk
    builtin-RegisterExecutionPolicyException /Users/leonardofigueiredo/Library/Developer/Xcode/DerivedData/Ratio-dgukedwfifpyteflgeptozrgzmmp/Build/Products/Debug-iphonesimulator/FirebaseCrashlyticsSwift.o

Ld /Users/leonardofigueiredo/Library/Developer/Xcode/DerivedData/Ratio-dgukedwfifpyteflgeptozrgzmmp/Build/Products/Debug-iphonesimulator/FirebaseCrashlytics.o normal (in target 'FirebaseCrashlytics' from project 'Firebase')
    cd /Users/leonardofigueiredo/Library/Developer/Xcode/DerivedData/Ratio-dgukedwfifpyteflgeptozrgzmmp/SourcePackages/checkouts/firebase-ios-sdk
    /Applications/Xcode.app/Contents/Developer/Toolchains/XcodeDefault.xctoolchain/usr/bin/clang++ -Xlinker -reproducible -target arm64-apple-ios15.0-simulator -r -isysroot /Applications/Xcode.app/Contents/Developer/Platforms/iPhoneSimulator.platform/Developer/SDKs/iPhoneSimulator26.2.sdk -O0 -w -L/Users/leonardofigueiredo/Library/Developer/Xcode/DerivedData/Ratio-dgukedwfifpyteflgeptozrgzmmp/Build/Intermediates.noindex/EagerLinkingTBDs/Debug-iphonesimulator -L/Users/leonardofigueiredo/Library/Developer/Xcode/DerivedData/Ratio-dgukedwfifpyteflgeptozrgzmmp/Build/Products/Debug-iphonesimulator -L/Applications/Xcode.app/Contents/Developer/Platforms/iPhoneSimulator.platform/Developer/usr/lib -F/Users/leonardofigueiredo/Library/Developer/Xcode/DerivedData/Ratio-dgukedwfifpyteflgeptozrgzmmp/Build/Intermediates.noindex/EagerLinkingTBDs/Debug-iphonesimulator -F/Users/leonardofigueiredo/Library/Developer/Xcode/DerivedData/Ratio-dgukedwfifpyteflgeptozrgzmmp/Build/Products/Debug-iphonesimulator/PackageFrameworks -F/Users/leonardofigueiredo/Library/Developer/Xcode/DerivedData/Ratio-dgukedwfifpyteflgeptozrgzmmp/Build/Products/Debug-iphonesimulator/PackageFrameworks -F/Users/leonardofigueiredo/Library/Developer/Xcode/DerivedData/Ratio-dgukedwfifpyteflgeptozrgzmmp/Build/Products/Debug-iphonesimulator/PackageFrameworks -F/Users/leonardofigueiredo/Library/Developer/Xcode/DerivedData/Ratio-dgukedwfifpyteflgeptozrgzmmp/Build/Products/Debug-iphonesimulator/PackageFrameworks -F/Users/leonardofigueiredo/Library/Developer/Xcode/DerivedData/Ratio-dgukedwfifpyteflgeptozrgzmmp/Build/Products/Debug-iphonesimulator/PackageFrameworks -F/Users/leonardofigueiredo/Library/Developer/Xcode/DerivedData/Ratio-dgukedwfifpyteflgeptozrgzmmp/Build/Products/Debug-iphonesimulator/PackageFrameworks -F/Users/leonardofigueiredo/Library/Developer/Xcode/DerivedData/Ratio-dgukedwfifpyteflgeptozrgzmmp/Build/Products/Debug-iphonesimulator/PackageFrameworks -F/Users/leonardofigueiredo/Library/Developer/Xcode/DerivedData/Ratio-dgukedwfifpyteflgeptozrgzmmp/Build/Products/Debug-iphonesimulator/PackageFrameworks -F/Users/leonardofigueiredo/Library/Developer/Xcode/DerivedData/Ratio-dgukedwfifpyteflgeptozrgzmmp/Build/Products/Debug-iphonesimulator/PackageFrameworks -F/Users/leonardofigueiredo/Library/Developer/Xcode/DerivedData/Ratio-dgukedwfifpyteflgeptozrgzmmp/Build/Products/Debug-iphonesimulator/PackageFrameworks -F/Users/leonardofigueiredo/Library/Developer/Xcode/DerivedData/Ratio-dgukedwfifpyteflgeptozrgzmmp/Build/Products/Debug-iphonesimulator/PackageFrameworks -F/Users/leonardofigueiredo/Library/Developer/Xcode/DerivedData/Ratio-dgukedwfifpyteflgeptozrgzmmp/Build/Products/Debug-iphonesimulator/PackageFrameworks -F/Users/leonardofigueiredo/Library/Developer/Xcode/DerivedData/Ratio-dgukedwfifpyteflgeptozrgzmmp/Build/Products/Debug-iphonesimulator/PackageFrameworks -F/Users/leonardofigueiredo/Library/Developer/Xcode/DerivedData/Ratio-dgukedwfifpyteflgeptozrgzmmp/Build/Products/Debug-iphonesimulator/PackageFrameworks -F/Users/leonardofigueiredo/Library/Developer/Xcode/DerivedData/Ratio-dgukedwfifpyteflgeptozrgzmmp/Build/Products/Debug-iphonesimulator/PackageFrameworks -F/Users/leonardofigueiredo/Library/Developer/Xcode/DerivedData/Ratio-dgukedwfifpyteflgeptozrgzmmp/Build/Products/Debug-iphonesimulator/PackageFrameworks -F/Users/leonardofigueiredo/Library/Developer/Xcode/DerivedData/Ratio-dgukedwfifpyteflgeptozrgzmmp/Build/Products/Debug-iphonesimulator/PackageFrameworks -F/Users/leonardofigueiredo/Library/Developer/Xcode/DerivedData/Ratio-dgukedwfifpyteflgeptozrgzmmp/Build/Products/Debug-iphonesimulator/PackageFrameworks -F/Users/leonardofigueiredo/Library/Developer/Xcode/DerivedData/Ratio-dgukedwfifpyteflgeptozrgzmmp/Build/Products/Debug-iphonesimulator -iframework /Applications/Xcode.app/Contents/Developer/Platforms/iPhoneSimulator.platform/Developer/Library/Frameworks -iframework /Applications/Xcode.app/Contents/Developer/Platforms/iPhoneSimulator.platform/Developer/SDKs/iPhoneSimulator26.2.sdk/Developer/Library/Frameworks -filelist /Users/leonardofigueiredo/Library/Developer/Xcode/DerivedData/Ratio-dgukedwfifpyteflgeptozrgzmmp/Build/Intermediates.noindex/Firebase.build/Debug-iphonesimulator/FirebaseCrashlytics.build/Objects-normal/arm64/FirebaseCrashlytics.LinkFileList -nostdlib -Xlinker -object_path_lto -Xlinker /Users/leonardofigueiredo/Library/Developer/Xcode/DerivedData/Ratio-dgukedwfifpyteflgeptozrgzmmp/Build/Intermediates.noindex/Firebase.build/Debug-iphonesimulator/FirebaseCrashlytics.build/Objects-normal/arm64/FirebaseCrashlytics_lto.o -rdynamic -Xlinker -no_deduplicate -Xlinker -objc_abi_version -Xlinker 2 -Xlinker -dependency_info -Xlinker /Users/leonardofigueiredo/Library/Developer/Xcode/DerivedData/Ratio-dgukedwfifpyteflgeptozrgzmmp/Build/Intermediates.noindex/Firebase.build/Debug-iphonesimulator/FirebaseCrashlytics.build/Objects-normal/arm64/FirebaseCrashlytics_dependency_info.dat -fobjc-arc -fobjc-link-runtime -o /Users/leonardofigueiredo/Library/Developer/Xcode/DerivedData/Ratio-dgukedwfifpyteflgeptozrgzmmp/Build/Products/Debug-iphonesimulator/FirebaseCrashlytics.o

RegisterExecutionPolicyException /Users/leonardofigueiredo/Library/Developer/Xcode/DerivedData/Ratio-dgukedwfifpyteflgeptozrgzmmp/Build/Products/Debug-iphonesimulator/FirebasePerformance.o (in target 'FirebasePerformance' from project 'Firebase')
    cd /Users/leonardofigueiredo/Library/Developer/Xcode/DerivedData/Ratio-dgukedwfifpyteflgeptozrgzmmp/SourcePackages/checkouts/firebase-ios-sdk
    builtin-RegisterExecutionPolicyException /Users/leonardofigueiredo/Library/Developer/Xcode/DerivedData/Ratio-dgukedwfifpyteflgeptozrgzmmp/Build/Products/Debug-iphonesimulator/FirebasePerformance.o

Ld /Users/leonardofigueiredo/Library/Developer/Xcode/DerivedData/Ratio-dgukedwfifpyteflgeptozrgzmmp/Build/Products/Debug-iphonesimulator/FirebasePerformanceTarget.o normal (in target 'FirebasePerformanceTarget' from project 'Firebase')
    cd /Users/leonardofigueiredo/Library/Developer/Xcode/DerivedData/Ratio-dgukedwfifpyteflgeptozrgzmmp/SourcePackages/checkouts/firebase-ios-sdk
    /Applications/Xcode.app/Contents/Developer/Toolchains/XcodeDefault.xctoolchain/usr/bin/clang -Xlinker -reproducible -target arm64-apple-ios15.0-simulator -r -isysroot /Applications/Xcode.app/Contents/Developer/Platforms/iPhoneSimulator.platform/Developer/SDKs/iPhoneSimulator26.2.sdk -O0 -w -L/Users/leonardofigueiredo/Library/Developer/Xcode/DerivedData/Ratio-dgukedwfifpyteflgeptozrgzmmp/Build/Intermediates.noindex/EagerLinkingTBDs/Debug-iphonesimulator -L/Users/leonardofigueiredo/Library/Developer/Xcode/DerivedData/Ratio-dgukedwfifpyteflgeptozrgzmmp/Build/Products/Debug-iphonesimulator -L/Applications/Xcode.app/Contents/Developer/Platforms/iPhoneSimulator.platform/Developer/usr/lib -F/Users/leonardofigueiredo/Library/Developer/Xcode/DerivedData/Ratio-dgukedwfifpyteflgeptozrgzmmp/Build/Intermediates.noindex/EagerLinkingTBDs/Debug-iphonesimulator -F/Users/leonardofigueiredo/Library/Developer/Xcode/DerivedData/Ratio-dgukedwfifpyteflgeptozrgzmmp/Build/Products/Debug-iphonesimulator/PackageFrameworks -F/Users/leonardofigueiredo/Library/Developer/Xcode/DerivedData/Ratio-dgukedwfifpyteflgeptozrgzmmp/Build/Products/Debug-iphonesimulator/PackageFrameworks -F/Users/leonardofigueiredo/Library/Developer/Xcode/DerivedData/Ratio-dgukedwfifpyteflgeptozrgzmmp/Build/Products/Debug-iphonesimulator/PackageFrameworks -F/Users/leonardofigueiredo/Library/Developer/Xcode/DerivedData/Ratio-dgukedwfifpyteflgeptozrgzmmp/Build/Products/Debug-iphonesimulator/PackageFrameworks -F/Users/leonardofigueiredo/Library/Developer/Xcode/DerivedData/Ratio-dgukedwfifpyteflgeptozrgzmmp/Build/Products/Debug-iphonesimulator/PackageFrameworks -F/Users/leonardofigueiredo/Library/Developer/Xcode/DerivedData/Ratio-dgukedwfifpyteflgeptozrgzmmp/Build/Products/Debug-iphonesimulator/PackageFrameworks -F/Users/leonardofigueiredo/Library/Developer/Xcode/DerivedData/Ratio-dgukedwfifpyteflgeptozrgzmmp/Build/Products/Debug-iphonesimulator/PackageFrameworks -F/Users/leonardofigueiredo/Library/Developer/Xcode/DerivedData/Ratio-dgukedwfifpyteflgeptozrgzmmp/Build/Products/Debug-iphonesimulator/PackageFrameworks -F/Users/leonardofigueiredo/Library/Developer/Xcode/DerivedData/Ratio-dgukedwfifpyteflgeptozrgzmmp/Build/Products/Debug-iphonesimulator/PackageFrameworks -F/Users/leonardofigueiredo/Library/Developer/Xcode/DerivedData/Ratio-dgukedwfifpyteflgeptozrgzmmp/Build/Products/Debug-iphonesimulator/PackageFrameworks -F/Users/leonardofigueiredo/Library/Developer/Xcode/DerivedData/Ratio-dgukedwfifpyteflgeptozrgzmmp/Build/Products/Debug-iphonesimulator/PackageFrameworks -F/Users/leonardofigueiredo/Library/Developer/Xcode/DerivedData/Ratio-dgukedwfifpyteflgeptozrgzmmp/Build/Products/Debug-iphonesimulator/PackageFrameworks -F/Users/leonardofigueiredo/Library/Developer/Xcode/DerivedData/Ratio-dgukedwfifpyteflgeptozrgzmmp/Build/Products/Debug-iphonesimulator/PackageFrameworks -F/Users/leonardofigueiredo/Library/Developer/Xcode/DerivedData/Ratio-dgukedwfifpyteflgeptozrgzmmp/Build/Products/Debug-iphonesimulator/PackageFrameworks -F/Users/leonardofigueiredo/Library/Developer/Xcode/DerivedData/Ratio-dgukedwfifpyteflgeptozrgzmmp/Build/Products/Debug-iphonesimulator/PackageFrameworks -F/Users/leonardofigueiredo/Library/Developer/Xcode/DerivedData/Ratio-dgukedwfifpyteflgeptozrgzmmp/Build/Products/Debug-iphonesimulator/PackageFrameworks -F/Users/leonardofigueiredo/Library/Developer/Xcode/DerivedData/Ratio-dgukedwfifpyteflgeptozrgzmmp/Build/Products/Debug-iphonesimulator/PackageFrameworks -F/Users/leonardofigueiredo/Library/Developer/Xcode/DerivedData/Ratio-dgukedwfifpyteflgeptozrgzmmp/Build/Products/Debug-iphonesimulator/PackageFrameworks -F/Users/leonardofigueiredo/Library/Developer/Xcode/DerivedData/Ratio-dgukedwfifpyteflgeptozrgzmmp/Build/Products/Debug-iphonesimulator/PackageFrameworks -F/Users/leonardofigueiredo/Library/Developer/Xcode/DerivedData/Ratio-dgukedwfifpyteflgeptozrgzmmp/Build/Products/Debug-iphonesimulator/PackageFrameworks -F/Users/leonardofigueiredo/Library/Developer/Xcode/DerivedData/Ratio-dgukedwfifpyteflgeptozrgzmmp/Build/Products/Debug-iphonesimulator/PackageFrameworks -F/Users/leonardofigueiredo/Library/Developer/Xcode/DerivedData/Ratio-dgukedwfifpyteflgeptozrgzmmp/Build/Products/Debug-iphonesimulator -iframework /Applications/Xcode.app/Contents/Developer/Platforms/iPhoneSimulator.platform/Developer/Library/Frameworks -iframework /Applications/Xcode.app/Contents/Developer/Platforms/iPhoneSimulator.platform/Developer/SDKs/iPhoneSimulator26.2.sdk/Developer/Library/Frameworks -filelist /Users/leonardofigueiredo/Library/Developer/Xcode/DerivedData/Ratio-dgukedwfifpyteflgeptozrgzmmp/Build/Intermediates.noindex/Firebase.build/Debug-iphonesimulator/FirebasePerformanceTarget.build/Objects-normal/arm64/FirebasePerformanceTarget.LinkFileList -nostdlib -Xlinker -object_path_lto -Xlinker /Users/leonardofigueiredo/Library/Developer/Xcode/DerivedData/Ratio-dgukedwfifpyteflgeptozrgzmmp/Build/Intermediates.noindex/Firebase.build/Debug-iphonesimulator/FirebasePerformanceTarget.build/Objects-normal/arm64/FirebasePerformanceTarget_lto.o -rdynamic -Xlinker -no_deduplicate -Xlinker -objc_abi_version -Xlinker 2 -Xlinker -dependency_info -Xlinker /Users/leonardofigueiredo/Library/Developer/Xcode/DerivedData/Ratio-dgukedwfifpyteflgeptozrgzmmp/Build/Intermediates.noindex/Firebase.build/Debug-iphonesimulator/FirebasePerformanceTarget.build/Objects-normal/arm64/FirebasePerformanceTarget_dependency_info.dat -fobjc-arc -fobjc-link-runtime -o /Users/leonardofigueiredo/Library/Developer/Xcode/DerivedData/Ratio-dgukedwfifpyteflgeptozrgzmmp/Build/Products/Debug-iphonesimulator/FirebasePerformanceTarget.o

RegisterExecutionPolicyException /Users/leonardofigueiredo/Library/Developer/Xcode/DerivedData/Ratio-dgukedwfifpyteflgeptozrgzmmp/Build/Products/Debug-iphonesimulator/FirebaseCrashlytics.o (in target 'FirebaseCrashlytics' from project 'Firebase')
    cd /Users/leonardofigueiredo/Library/Developer/Xcode/DerivedData/Ratio-dgukedwfifpyteflgeptozrgzmmp/SourcePackages/checkouts/firebase-ios-sdk
    builtin-RegisterExecutionPolicyException /Users/leonardofigueiredo/Library/Developer/Xcode/DerivedData/Ratio-dgukedwfifpyteflgeptozrgzmmp/Build/Products/Debug-iphonesimulator/FirebaseCrashlytics.o

RegisterExecutionPolicyException /Users/leonardofigueiredo/Library/Developer/Xcode/DerivedData/Ratio-dgukedwfifpyteflgeptozrgzmmp/Build/Products/Debug-iphonesimulator/FirebasePerformanceTarget.o (in target 'FirebasePerformanceTarget' from project 'Firebase')
    cd /Users/leonardofigueiredo/Library/Developer/Xcode/DerivedData/Ratio-dgukedwfifpyteflgeptozrgzmmp/SourcePackages/checkouts/firebase-ios-sdk
    builtin-RegisterExecutionPolicyException /Users/leonardofigueiredo/Library/Developer/Xcode/DerivedData/Ratio-dgukedwfifpyteflgeptozrgzmmp/Build/Products/Debug-iphonesimulator/FirebasePerformanceTarget.o

Ld /Users/leonardofigueiredo/Library/Developer/Xcode/DerivedData/Ratio-dgukedwfifpyteflgeptozrgzmmp/Build/Products/Debug-iphonesimulator/Ratio.app/__preview.dylib normal (in target 'Ratio' from project 'Ratio')
    cd /Users/leonardofigueiredo/Projetos\ Mobile/ratio-ios/Ratio
    /Applications/Xcode.app/Contents/Developer/Toolchains/XcodeDefault.xctoolchain/usr/bin/clang -Xlinker -reproducible -target arm64-apple-ios17.6-simulator -dynamiclib -isysroot /Applications/Xcode.app/Contents/Developer/Platforms/iPhoneSimulator.platform/Developer/SDKs/iPhoneSimulator26.2.sdk -O0 -L/Users/leonardofigueiredo/Library/Developer/Xcode/DerivedData/Ratio-dgukedwfifpyteflgeptozrgzmmp/Build/Products/Debug-iphonesimulator -F/Users/leonardofigueiredo/Library/Developer/Xcode/DerivedData/Ratio-dgukedwfifpyteflgeptozrgzmmp/Build/Products/Debug-iphonesimulator/PackageFrameworks -F/Users/leonardofigueiredo/Library/Developer/Xcode/DerivedData/Ratio-dgukedwfifpyteflgeptozrgzmmp/Build/Products/Debug-iphonesimulator/PackageFrameworks -F/Users/leonardofigueiredo/Library/Developer/Xcode/DerivedData/Ratio-dgukedwfifpyteflgeptozrgzmmp/Build/Products/Debug-iphonesimulator/PackageFrameworks -F/Users/leonardofigueiredo/Library/Developer/Xcode/DerivedData/Ratio-dgukedwfifpyteflgeptozrgzmmp/Build/Products/Debug-iphonesimulator/PackageFrameworks -F/Users/leonardofigueiredo/Library/Developer/Xcode/DerivedData/Ratio-dgukedwfifpyteflgeptozrgzmmp/Build/Products/Debug-iphonesimulator/PackageFrameworks -F/Users/leonardofigueiredo/Library/Developer/Xcode/DerivedData/Ratio-dgukedwfifpyteflgeptozrgzmmp/Build/Products/Debug-iphonesimulator/PackageFrameworks -F/Users/leonardofigueiredo/Library/Developer/Xcode/DerivedData/Ratio-dgukedwfifpyteflgeptozrgzmmp/Build/Products/Debug-iphonesimulator/PackageFrameworks -F/Users/leonardofigueiredo/Library/Developer/Xcode/DerivedData/Ratio-dgukedwfifpyteflgeptozrgzmmp/Build/Products/Debug-iphonesimulator/PackageFrameworks -F/Users/leonardofigueiredo/Library/Developer/Xcode/DerivedData/Ratio-dgukedwfifpyteflgeptozrgzmmp/Build/Products/Debug-iphonesimulator/PackageFrameworks -F/Users/leonardofigueiredo/Library/Developer/Xcode/DerivedData/Ratio-dgukedwfifpyteflgeptozrgzmmp/Build/Products/Debug-iphonesimulator/PackageFrameworks -F/Users/leonardofigueiredo/Library/Developer/Xcode/DerivedData/Ratio-dgukedwfifpyteflgeptozrgzmmp/Build/Products/Debug-iphonesimulator/PackageFrameworks -F/Users/leonardofigueiredo/Library/Developer/Xcode/DerivedData/Ratio-dgukedwfifpyteflgeptozrgzmmp/Build/Products/Debug-iphonesimulator/PackageFrameworks -F/Users/leonardofigueiredo/Library/Developer/Xcode/DerivedData/Ratio-dgukedwfifpyteflgeptozrgzmmp/Build/Products/Debug-iphonesimulator/PackageFrameworks -F/Users/leonardofigueiredo/Library/Developer/Xcode/DerivedData/Ratio-dgukedwfifpyteflgeptozrgzmmp/Build/Products/Debug-iphonesimulator/PackageFrameworks -F/Users/leonardofigueiredo/Library/Developer/Xcode/DerivedData/Ratio-dgukedwfifpyteflgeptozrgzmmp/Build/Products/Debug-iphonesimulator/PackageFrameworks -F/Users/leonardofigueiredo/Library/Developer/Xcode/DerivedData/Ratio-dgukedwfifpyteflgeptozrgzmmp/Build/Products/Debug-iphonesimulator/PackageFrameworks -F/Users/leonardofigueiredo/Library/Developer/Xcode/DerivedData/Ratio-dgukedwfifpyteflgeptozrgzmmp/Build/Products/Debug-iphonesimulator/PackageFrameworks -F/Users/leonardofigueiredo/Library/Developer/Xcode/DerivedData/Ratio-dgukedwfifpyteflgeptozrgzmmp/Build/Products/Debug-iphonesimulator/PackageFrameworks -F/Users/leonardofigueiredo/Library/Developer/Xcode/DerivedData/Ratio-dgukedwfifpyteflgeptozrgzmmp/Build/Products/Debug-iphonesimulator/PackageFrameworks -F/Users/leonardofigueiredo/Library/Developer/Xcode/DerivedData/Ratio-dgukedwfifpyteflgeptozrgzmmp/Build/Products/Debug-iphonesimulator/PackageFrameworks -F/Users/leonardofigueiredo/Library/Developer/Xcode/DerivedData/Ratio-dgukedwfifpyteflgeptozrgzmmp/Build/Products/Debug-iphonesimulator/PackageFrameworks -F/Users/leonardofigueiredo/Library/Developer/Xcode/DerivedData/Ratio-dgukedwfifpyteflgeptozrgzmmp/Build/Products/Debug-iphonesimulator/PackageFrameworks -F/Users/leonardofigueiredo/Library/Developer/Xcode/DerivedData/Ratio-dgukedwfifpyteflgeptozrgzmmp/Build/Products/Debug-iphonesimulator/PackageFrameworks -F/Users/leonardofigueiredo/Library/Developer/Xcode/DerivedData/Ratio-dgukedwfifpyteflgeptozrgzmmp/Build/Products/Debug-iphonesimulator/PackageFrameworks -F/Users/leonardofigueiredo/Library/Developer/Xcode/DerivedData/Ratio-dgukedwfifpyteflgeptozrgzmmp/Build/Products/Debug-iphonesimulator/PackageFrameworks -F/Users/leonardofigueiredo/Library/Developer/Xcode/DerivedData/Ratio-dgukedwfifpyteflgeptozrgzmmp/Build/Products/Debug-iphonesimulator/PackageFrameworks -F/Users/leonardofigueiredo/Library/Developer/Xcode/DerivedData/Ratio-dgukedwfifpyteflgeptozrgzmmp/Build/Products/Debug-iphonesimulator/PackageFrameworks -F/Users/leonardofigueiredo/Library/Developer/Xcode/DerivedData/Ratio-dgukedwfifpyteflgeptozrgzmmp/Build/Products/Debug-iphonesimulator/PackageFrameworks -F/Users/leonardofigueiredo/Library/Developer/Xcode/DerivedData/Ratio-dgukedwfifpyteflgeptozrgzmmp/Build/Products/Debug-iphonesimulator/PackageFrameworks -F/Users/leonardofigueiredo/Library/Developer/Xcode/DerivedData/Ratio-dgukedwfifpyteflgeptozrgzmmp/Build/Products/Debug-iphonesimulator/PackageFrameworks -F/Users/leonardofigueiredo/Library/Developer/Xcode/DerivedData/Ratio-dgukedwfifpyteflgeptozrgzmmp/Build/Products/Debug-iphonesimulator/PackageFrameworks -F/Users/leonardofigueiredo/Library/Developer/Xcode/DerivedData/Ratio-dgukedwfifpyteflgeptozrgzmmp/Build/Products/Debug-iphonesimulator/PackageFrameworks -F/Users/leonardofigueiredo/Library/Developer/Xcode/DerivedData/Ratio-dgukedwfifpyteflgeptozrgzmmp/Build/Products/Debug-iphonesimulator/PackageFrameworks -F/Users/leonardofigueiredo/Library/Developer/Xcode/DerivedData/Ratio-dgukedwfifpyteflgeptozrgzmmp/Build/Products/Debug-iphonesimulator/PackageFrameworks -F/Users/leonardofigueiredo/Library/Developer/Xcode/DerivedData/Ratio-dgukedwfifpyteflgeptozrgzmmp/Build/Products/Debug-iphonesimulator/PackageFrameworks -F/Users/leonardofigueiredo/Library/Developer/Xcode/DerivedData/Ratio-dgukedwfifpyteflgeptozrgzmmp/Build/Products/Debug-iphonesimulator/PackageFrameworks -F/Users/leonardofigueiredo/Library/Developer/Xcode/DerivedData/Ratio-dgukedwfifpyteflgeptozrgzmmp/Build/Products/Debug-iphonesimulator/PackageFrameworks -F/Users/leonardofigueiredo/Library/Developer/Xcode/DerivedData/Ratio-dgukedwfifpyteflgeptozrgzmmp/Build/Products/Debug-iphonesimulator/PackageFrameworks -F/Users/leonardofigueiredo/Library/Developer/Xcode/DerivedData/Ratio-dgukedwfifpyteflgeptozrgzmmp/Build/Products/Debug-iphonesimulator/PackageFrameworks -F/Users/leonardofigueiredo/Library/Developer/Xcode/DerivedData/Ratio-dgukedwfifpyteflgeptozrgzmmp/Build/Products/Debug-iphonesimulator/PackageFrameworks -F/Users/leonardofigueiredo/Library/Developer/Xcode/DerivedData/Ratio-dgukedwfifpyteflgeptozrgzmmp/Build/Products/Debug-iphonesimulator/PackageFrameworks -F/Users/leonardofigueiredo/Library/Developer/Xcode/DerivedData/Ratio-dgukedwfifpyteflgeptozrgzmmp/Build/Products/Debug-iphonesimulator/PackageFrameworks -F/Users/leonardofigueiredo/Library/Developer/Xcode/DerivedData/Ratio-dgukedwfifpyteflgeptozrgzmmp/Build/Products/Debug-iphonesimulator/PackageFrameworks -F/Users/leonardofigueiredo/Library/Developer/Xcode/DerivedData/Ratio-dgukedwfifpyteflgeptozrgzmmp/Build/Products/Debug-iphonesimulator/PackageFrameworks -F/Users/leonardofigueiredo/Library/Developer/Xcode/DerivedData/Ratio-dgukedwfifpyteflgeptozrgzmmp/Build/Products/Debug-iphonesimulator/PackageFrameworks -F/Users/leonardofigueiredo/Library/Developer/Xcode/DerivedData/Ratio-dgukedwfifpyteflgeptozrgzmmp/Build/Products/Debug-iphonesimulator/PackageFrameworks -F/Users/leonardofigueiredo/Library/Developer/Xcode/DerivedData/Ratio-dgukedwfifpyteflgeptozrgzmmp/Build/Products/Debug-iphonesimulator/PackageFrameworks -F/Users/leonardofigueiredo/Library/Developer/Xcode/DerivedData/Ratio-dgukedwfifpyteflgeptozrgzmmp/Build/Products/Debug-iphonesimulator/PackageFrameworks -F/Users/leonardofigueiredo/Library/Developer/Xcode/DerivedData/Ratio-dgukedwfifpyteflgeptozrgzmmp/Build/Products/Debug-iphonesimulator/PackageFrameworks -F/Users/leonardofigueiredo/Library/Developer/Xcode/DerivedData/Ratio-dgukedwfifpyteflgeptozrgzmmp/Build/Products/Debug-iphonesimulator/PackageFrameworks -F/Users/leonardofigueiredo/Library/Developer/Xcode/DerivedData/Ratio-dgukedwfifpyteflgeptozrgzmmp/Build/Products/Debug-iphonesimulator/PackageFrameworks -F/Users/leonardofigueiredo/Library/Developer/Xcode/DerivedData/Ratio-dgukedwfifpyteflgeptozrgzmmp/Build/Products/Debug-iphonesimulator -install_name @rpath/Ratio.debug.dylib -dead_strip -rdynamic -Xlinker -no_deduplicate -Xlinker -objc_abi_version -Xlinker 2 -Xlinker -dependency_info -Xlinker /Users/leonardofigueiredo/Library/Developer/Xcode/DerivedData/Ratio-dgukedwfifpyteflgeptozrgzmmp/Build/Intermediates.noindex/Ratio.build/Debug-iphonesimulator/Ratio.build/Objects-normal/arm64/Ratio_dependency_info.dat -Xlinker -sectcreate -Xlinker __TEXT -Xlinker __entitlements -Xlinker /Users/leonardofigueiredo/Library/Developer/Xcode/DerivedData/Ratio-dgukedwfifpyteflgeptozrgzmmp/Build/Intermediates.noindex/Ratio.build/Debug-iphonesimulator/Ratio.build/Ratio.app-Simulated.xcent -Xlinker -sectcreate -Xlinker __TEXT -Xlinker __ents_der -Xlinker /Users/leonardofigueiredo/Library/Developer/Xcode/DerivedData/Ratio-dgukedwfifpyteflgeptozrgzmmp/Build/Intermediates.noindex/Ratio.build/Debug-iphonesimulator/Ratio.build/Ratio.app-Simulated.xcent.der -Xlinker -no_adhoc_codesign -o /Users/leonardofigueiredo/Library/Developer/Xcode/DerivedData/Ratio-dgukedwfifpyteflgeptozrgzmmp/Build/Products/Debug-iphonesimulator/Ratio.app/__preview.dylib

ProcessInfoPlistFile /Users/leonardofigueiredo/Library/Developer/Xcode/DerivedData/Ratio-dgukedwfifpyteflgeptozrgzmmp/Build/Products/Debug-iphonesimulator/Ratio.app/Info.plist /Users/leonardofigueiredo/Projetos\ Mobile/ratio-ios/Ratio/Ratio/Info.plist (in target 'Ratio' from project 'Ratio')
    cd /Users/leonardofigueiredo/Projetos\ Mobile/ratio-ios/Ratio
    builtin-infoPlistUtility /Users/leonardofigueiredo/Projetos\ Mobile/ratio-ios/Ratio/Ratio/Info.plist -producttype com.apple.product-type.application -genpkginfo /Users/leonardofigueiredo/Library/Developer/Xcode/DerivedData/Ratio-dgukedwfifpyteflgeptozrgzmmp/Build/Products/Debug-iphonesimulator/Ratio.app/PkgInfo -expandbuildsettings -format binary -platform iphonesimulator -additionalcontentfile /Users/leonardofigueiredo/Library/Developer/Xcode/DerivedData/Ratio-dgukedwfifpyteflgeptozrgzmmp/Build/Intermediates.noindex/Ratio.build/Debug-iphonesimulator/Ratio.build/assetcatalog_generated_info.plist -scanforprivacyfile /Users/leonardofigueiredo/Library/Developer/Xcode/DerivedData/Ratio-dgukedwfifpyteflgeptozrgzmmp/Build/Products/Debug-iphonesimulator/Ratio.app/Firebase_FirebaseABTesting.bundle -scanforprivacyfile /Users/leonardofigueiredo/Library/Developer/Xcode/DerivedData/Ratio-dgukedwfifpyteflgeptozrgzmmp/Build/Products/Debug-iphonesimulator/Ratio.app/Firebase_FirebaseAuth.bundle -scanforprivacyfile /Users/leonardofigueiredo/Library/Developer/Xcode/DerivedData/Ratio-dgukedwfifpyteflgeptozrgzmmp/Build/Products/Debug-iphonesimulator/Ratio.app/Firebase_FirebaseCore.bundle -scanforprivacyfile /Users/leonardofigueiredo/Library/Developer/Xcode/DerivedData/Ratio-dgukedwfifpyteflgeptozrgzmmp/Build/Products/Debug-iphonesimulator/Ratio.app/Firebase_FirebaseCoreExtension.bundle -scanforprivacyfile /Users/leonardofigueiredo/Library/Developer/Xcode/DerivedData/Ratio-dgukedwfifpyteflgeptozrgzmmp/Build/Products/Debug-iphonesimulator/Ratio.app/Firebase_FirebaseCoreInternal.bundle -scanforprivacyfile /Users/leonardofigueiredo/Library/Developer/Xcode/DerivedData/Ratio-dgukedwfifpyteflgeptozrgzmmp/Build/Products/Debug-iphonesimulator/Ratio.app/Firebase_FirebaseCrashlytics.bundle -scanforprivacyfile /Users/leonardofigueiredo/Library/Developer/Xcode/DerivedData/Ratio-dgukedwfifpyteflgeptozrgzmmp/Build/Products/Debug-iphonesimulator/Ratio.app/Firebase_FirebaseCrashlyticsSwift.bundle -scanforprivacyfile /Users/leonardofigueiredo/Library/Developer/Xcode/DerivedData/Ratio-dgukedwfifpyteflgeptozrgzmmp/Build/Products/Debug-iphonesimulator/Ratio.app/Firebase_FirebaseFirestore.bundle -scanforprivacyfile /Users/leonardofigueiredo/Library/Developer/Xcode/DerivedData/Ratio-dgukedwfifpyteflgeptozrgzmmp/Build/Products/Debug-iphonesimulator/Ratio.app/Firebase_FirebaseInstallations.bundle -scanforprivacyfile /Users/leonardofigueiredo/Library/Developer/Xcode/DerivedData/Ratio-dgukedwfifpyteflgeptozrgzmmp/Build/Products/Debug-iphonesimulator/Ratio.app/Firebase_FirebaseMessaging.bundle -scanforprivacyfile /Users/leonardofigueiredo/Library/Developer/Xcode/DerivedData/Ratio-dgukedwfifpyteflgeptozrgzmmp/Build/Products/Debug-iphonesimulator/Ratio.app/Frameworks/FirebaseAnalytics.framework -scanforprivacyfile /Users/leonardofigueiredo/Library/Developer/Xcode/DerivedData/Ratio-dgukedwfifpyteflgeptozrgzmmp/Build/Products/Debug-iphonesimulator/Ratio.app/Frameworks/FirebaseFirestoreInternal.framework -scanforprivacyfile /Users/leonardofigueiredo/Library/Developer/Xcode/DerivedData/Ratio-dgukedwfifpyteflgeptozrgzmmp/Build/Products/Debug-iphonesimulator/Ratio.app/Frameworks/GoogleAdsOnDeviceConversion.framework -scanforprivacyfile /Users/leonardofigueiredo/Library/Developer/Xcode/DerivedData/Ratio-dgukedwfifpyteflgeptozrgzmmp/Build/Products/Debug-iphonesimulator/Ratio.app/Frameworks/GoogleAppMeasurement.framework -scanforprivacyfile /Users/leonardofigueiredo/Library/Developer/Xcode/DerivedData/Ratio-dgukedwfifpyteflgeptozrgzmmp/Build/Products/Debug-iphonesimulator/Ratio.app/Frameworks/GoogleAppMeasurementIdentitySupport.framework -scanforprivacyfile /Users/leonardofigueiredo/Library/Developer/Xcode/DerivedData/Ratio-dgukedwfifpyteflgeptozrgzmmp/Build/Products/Debug-iphonesimulator/Ratio.app/Frameworks/absl.framework -scanforprivacyfile /Users/leonardofigueiredo/Library/Developer/Xcode/DerivedData/Ratio-dgukedwfifpyteflgeptozrgzmmp/Build/Products/Debug-iphonesimulator/Ratio.app/Frameworks/grpc.framework -scanforprivacyfile /Users/leonardofigueiredo/Library/Developer/Xcode/DerivedData/Ratio-dgukedwfifpyteflgeptozrgzmmp/Build/Products/Debug-iphonesimulator/Ratio.app/Frameworks/grpcpp.framework -scanforprivacyfile /Users/leonardofigueiredo/Library/Developer/Xcode/DerivedData/Ratio-dgukedwfifpyteflgeptozrgzmmp/Build/Products/Debug-iphonesimulator/Ratio.app/Frameworks/openssl_grpc.framework -scanforprivacyfile /Users/leonardofigueiredo/Library/Developer/Xcode/DerivedData/Ratio-dgukedwfifpyteflgeptozrgzmmp/Build/Products/Debug-iphonesimulator/Ratio.app/GTMSessionFetcher_GTMSessionFetcherCore.bundle -scanforprivacyfile /Users/leonardofigueiredo/Library/Developer/Xcode/DerivedData/Ratio-dgukedwfifpyteflgeptozrgzmmp/Build/Products/Debug-iphonesimulator/Ratio.app/GoogleDataTransport_GoogleDataTransport.bundle -scanforprivacyfile /Users/leonardofigueiredo/Library/Developer/Xcode/DerivedData/Ratio-dgukedwfifpyteflgeptozrgzmmp/Build/Products/Debug-iphonesimulator/Ratio.app/GoogleUtilities_GoogleUtilities-AppDelegateSwizzler.bundle -scanforprivacyfile /Users/leonardofigueiredo/Library/Developer/Xcode/DerivedData/Ratio-dgukedwfifpyteflgeptozrgzmmp/Build/Products/Debug-iphonesimulator/Ratio.app/GoogleUtilities_GoogleUtilities-Environment.bundle -scanforprivacyfile /Users/leonardofigueiredo/Library/Developer/Xcode/DerivedData/Ratio-dgukedwfifpyteflgeptozrgzmmp/Build/Products/Debug-iphonesimulator/Ratio.app/GoogleUtilities_GoogleUtilities-Logger.bundle -scanforprivacyfile /Users/leonardofigueiredo/Library/Developer/Xcode/DerivedData/Ratio-dgukedwfifpyteflgeptozrgzmmp/Build/Products/Debug-iphonesimulator/Ratio.app/GoogleUtilities_GoogleUtilities-MethodSwizzler.bundle -scanforprivacyfile /Users/leonardofigueiredo/Library/Developer/Xcode/DerivedData/Ratio-dgukedwfifpyteflgeptozrgzmmp/Build/Products/Debug-iphonesimulator/Ratio.app/GoogleUtilities_GoogleUtilities-NSData.bundle -scanforprivacyfile /Users/leonardofigueiredo/Library/Developer/Xcode/DerivedData/Ratio-dgukedwfifpyteflgeptozrgzmmp/Build/Products/Debug-iphonesimulator/Ratio.app/GoogleUtilities_GoogleUtilities-Network.bundle -scanforprivacyfile /Users/leonardofigueiredo/Library/Developer/Xcode/DerivedData/Ratio-dgukedwfifpyteflgeptozrgzmmp/Build/Products/Debug-iphonesimulator/Ratio.app/GoogleUtilities_GoogleUtilities-Reachability.bundle -scanforprivacyfile /Users/leonardofigueiredo/Library/Developer/Xcode/DerivedData/Ratio-dgukedwfifpyteflgeptozrgzmmp/Build/Products/Debug-iphonesimulator/Ratio.app/GoogleUtilities_GoogleUtilities-UserDefaults.bundle -scanforprivacyfile /Users/leonardofigueiredo/Library/Developer/Xcode/DerivedData/Ratio-dgukedwfifpyteflgeptozrgzmmp/Build/Products/Debug-iphonesimulator/Ratio.app/Promises_FBLPromises.bundle -scanforprivacyfile /Users/leonardofigueiredo/Library/Developer/Xcode/DerivedData/Ratio-dgukedwfifpyteflgeptozrgzmmp/Build/Products/Debug-iphonesimulator/Ratio.app/Promises_Promises.bundle -scanforprivacyfile /Users/leonardofigueiredo/Library/Developer/Xcode/DerivedData/Ratio-dgukedwfifpyteflgeptozrgzmmp/Build/Products/Debug-iphonesimulator/Ratio.app/abseil_abslWrapper.bundle -scanforprivacyfile /Users/leonardofigueiredo/Library/Developer/Xcode/DerivedData/Ratio-dgukedwfifpyteflgeptozrgzmmp/Build/Products/Debug-iphonesimulator/Ratio.app/gRPC_grpcWrapper.bundle -scanforprivacyfile /Users/leonardofigueiredo/Library/Developer/Xcode/DerivedData/Ratio-dgukedwfifpyteflgeptozrgzmmp/Build/Products/Debug-iphonesimulator/Ratio.app/gRPC_grpcppWrapper.bundle -scanforprivacyfile /Users/leonardofigueiredo/Library/Developer/Xcode/DerivedData/Ratio-dgukedwfifpyteflgeptozrgzmmp/Build/Products/Debug-iphonesimulator/Ratio.app/gRPC_opensslWrapper.bundle -scanforprivacyfile /Users/leonardofigueiredo/Library/Developer/Xcode/DerivedData/Ratio-dgukedwfifpyteflgeptozrgzmmp/Build/Products/Debug-iphonesimulator/Ratio.app/leveldb_leveldb.bundle -scanforprivacyfile /Users/leonardofigueiredo/Library/Developer/Xcode/DerivedData/Ratio-dgukedwfifpyteflgeptozrgzmmp/Build/Products/Debug-iphonesimulator/Ratio.app/nanopb_nanopb.bundle -o /Users/leonardofigueiredo/Library/Developer/Xcode/DerivedData/Ratio-dgukedwfifpyteflgeptozrgzmmp/Build/Products/Debug-iphonesimulator/Ratio.app/Info.plist

note: Disabling hardened runtime with ad-hoc codesigning. (in target 'Ratio' from project 'Ratio')
** BUILD FAILED **


The following build commands failed:
	SwiftDriver Ratio normal arm64 com.apple.xcode.tools.swift.compiler (in target 'Ratio' from project 'Ratio')
	Building project Ratio with scheme Ratio
(2 failures)
