Command line invocation:
    /Applications/Xcode.app/Contents/Developer/usr/bin/xcodebuild build -scheme Ratio -destination "platform=iOS Simulator,name=iPhone 17"

Resolve Package Graph


Resolved source packages:
  nanopb: https://github.com/firebase/nanopb.git @ 2.30910.0
  AppCheck: https://github.com/google/app-check.git @ 11.2.0
  GTMSessionFetcher: https://github.com/google/gtm-session-fetcher.git @ 5.0.0
  Firebase: https://github.com/firebase/firebase-ios-sdk @ 12.7.0
  Promises: https://github.com/google/promises.git @ 2.4.0
  GoogleUtilities: https://github.com/google/GoogleUtilities.git @ 8.1.0
  GoogleAppMeasurement: https://github.com/google/GoogleAppMeasurement.git @ 12.5.0
  InteropForGoogle: https://github.com/google/interop-ios-for-google-sdks.git @ 101.0.0
  GoogleAdsOnDeviceConversion: https://github.com/googleads/google-ads-on-device-conversion-ios-sdk @ 3.2.0
  SwiftProtobuf: https://github.com/apple/swift-protobuf.git @ 1.33.3
  abseil: https://github.com/google/abseil-cpp-binary.git @ 1.2024072200.0
  gRPC: https://github.com/google/grpc-binary.git @ 1.69.1
  leveldb: https://github.com/firebase/leveldb.git @ 1.22.5
  GoogleDataTransport: https://github.com/google/GoogleDataTransport.git @ 10.1.0

2026-01-12 11:29:45.678 xcodebuild[79645:1434292] [MT] IDERunDestination: Supported platforms for the buildables in the current scheme is empty.
--- xcodebuild: WARNING: Using the first of multiple matching destinations:
{ platform:iOS Simulator, arch:arm64, id:6673B9B1-6F66-4054-8D43-15B2C66B6803, OS:26.2, name:iPhone 17 }
{ platform:iOS Simulator, arch:x86_64, id:6673B9B1-6F66-4054-8D43-15B2C66B6803, OS:26.2, name:iPhone 17 }
ComputePackagePrebuildTargetDependencyGraph

Prepare packages

CreateBuildRequest

SendProjectDescription

CreateBuildOperation

ComputeTargetDependencyGraph
note: Building targets in dependency order
note: Target dependency graph (108 targets)
    Target 'Ratio' in project 'Ratio'
        ➜ Explicit dependency on target 'FirebasePerformance' in project 'Firebase'
        ➜ Explicit dependency on target 'FirebaseMessaging' in project 'Firebase'
        ➜ Explicit dependency on target 'FirebaseAnalytics' in project 'Firebase'
        ➜ Explicit dependency on target 'FirebaseCrashlytics' in project 'Firebase'
        ➜ Explicit dependency on target 'FirebaseAuth' in project 'Firebase'
        ➜ Explicit dependency on target 'FirebaseFirestore' in project 'Firebase'
        ➜ Explicit dependency on target 'FirebaseAnalyticsCore' in project 'Firebase'
        ➜ Explicit dependency on target 'FirebaseStorage' in project 'Firebase'
    Target 'FirebaseStorage' in project 'Firebase'
        ➜ Explicit dependency on target 'FirebaseStorage' in project 'Firebase'
        ➜ Explicit dependency on target 'FirebaseAppCheckInterop' in project 'Firebase'
        ➜ Explicit dependency on target 'FirebaseAuthInterop' in project 'Firebase'
        ➜ Explicit dependency on target 'Firebase' in project 'Firebase'
        ➜ Explicit dependency on target 'FirebaseCoreInternal' in project 'Firebase'
        ➜ Explicit dependency on target 'FirebaseCore' in project 'Firebase'
        ➜ Explicit dependency on target 'FirebaseCoreExtension' in project 'Firebase'
        ➜ Explicit dependency on target 'GULNSData' in project 'GoogleUtilities'
        ➜ Explicit dependency on target 'GULEnvironment' in project 'GoogleUtilities'
        ➜ Explicit dependency on target 'GULLogger' in project 'GoogleUtilities'
        ➜ Explicit dependency on target 'GTMSessionFetcherCore' in project 'GTMSessionFetcher'
    Target 'FirebaseStorage' in project 'Firebase'
        ➜ Explicit dependency on target 'FirebaseAppCheckInterop' in project 'Firebase'
        ➜ Explicit dependency on target 'FirebaseAuthInterop' in project 'Firebase'
        ➜ Explicit dependency on target 'Firebase' in project 'Firebase'
        ➜ Explicit dependency on target 'FirebaseCoreInternal' in project 'Firebase'
        ➜ Explicit dependency on target 'FirebaseCore' in project 'Firebase'
        ➜ Explicit dependency on target 'FirebaseCoreExtension' in project 'Firebase'
        ➜ Explicit dependency on target 'GULNSData' in project 'GoogleUtilities'
        ➜ Explicit dependency on target 'GULEnvironment' in project 'GoogleUtilities'
        ➜ Explicit dependency on target 'GULLogger' in project 'GoogleUtilities'
        ➜ Explicit dependency on target 'GTMSessionFetcherCore' in project 'GTMSessionFetcher'
    Target 'FirebaseAnalyticsCore' in project 'Firebase'
        ➜ Explicit dependency on target 'FirebaseAnalyticsCoreTarget' in project 'Firebase'
        ➜ Explicit dependency on target 'Firebase' in project 'Firebase'
        ➜ Explicit dependency on target 'FirebaseCoreInternal' in project 'Firebase'
        ➜ Explicit dependency on target 'FirebaseCore' in project 'Firebase'
        ➜ Explicit dependency on target 'FirebaseInstallations' in project 'Firebase'
        ➜ Explicit dependency on target 'FirebaseAnalyticsCoreWrapper' in project 'Firebase'
        ➜ Explicit dependency on target 'GULNSData' in project 'GoogleUtilities'
        ➜ Explicit dependency on target 'GULEnvironment' in project 'GoogleUtilities'
        ➜ Explicit dependency on target 'GULLogger' in project 'GoogleUtilities'
        ➜ Explicit dependency on target 'FBLPromises' in project 'Promises'
        ➜ Explicit dependency on target 'GULUserDefaults' in project 'GoogleUtilities'
        ➜ Explicit dependency on target 'GoogleAppMeasurementCore' in project 'GoogleAppMeasurement'
        ➜ Explicit dependency on target 'GULAppDelegateSwizzler' in project 'GoogleUtilities'
        ➜ Explicit dependency on target 'GULMethodSwizzler' in project 'GoogleUtilities'
        ➜ Explicit dependency on target 'GULNetwork' in project 'GoogleUtilities'
        ➜ Explicit dependency on target 'nanopb' in project 'nanopb'
    Target 'FirebaseAnalyticsCoreTarget' in project 'Firebase'
        ➜ Explicit dependency on target 'Firebase' in project 'Firebase'
        ➜ Explicit dependency on target 'FirebaseCoreInternal' in project 'Firebase'
        ➜ Explicit dependency on target 'FirebaseCore' in project 'Firebase'
        ➜ Explicit dependency on target 'FirebaseInstallations' in project 'Firebase'
        ➜ Explicit dependency on target 'FirebaseAnalyticsCoreWrapper' in project 'Firebase'
        ➜ Explicit dependency on target 'GULNSData' in project 'GoogleUtilities'
        ➜ Explicit dependency on target 'GULEnvironment' in project 'GoogleUtilities'
        ➜ Explicit dependency on target 'GULLogger' in project 'GoogleUtilities'
        ➜ Explicit dependency on target 'FBLPromises' in project 'Promises'
        ➜ Explicit dependency on target 'GULUserDefaults' in project 'GoogleUtilities'
        ➜ Explicit dependency on target 'GoogleAppMeasurementCore' in project 'GoogleAppMeasurement'
        ➜ Explicit dependency on target 'GULAppDelegateSwizzler' in project 'GoogleUtilities'
        ➜ Explicit dependency on target 'GULMethodSwizzler' in project 'GoogleUtilities'
        ➜ Explicit dependency on target 'GULNetwork' in project 'GoogleUtilities'
        ➜ Explicit dependency on target 'nanopb' in project 'nanopb'
    Target 'FirebaseAnalyticsCoreWrapper' in project 'Firebase'
        ➜ Explicit dependency on target 'Firebase' in project 'Firebase'
        ➜ Explicit dependency on target 'FirebaseCoreInternal' in project 'Firebase'
        ➜ Explicit dependency on target 'FirebaseCore' in project 'Firebase'
        ➜ Explicit dependency on target 'FirebaseInstallations' in project 'Firebase'
        ➜ Explicit dependency on target 'GULNSData' in project 'GoogleUtilities'
        ➜ Explicit dependency on target 'GULEnvironment' in project 'GoogleUtilities'
        ➜ Explicit dependency on target 'GULLogger' in project 'GoogleUtilities'
        ➜ Explicit dependency on target 'FBLPromises' in project 'Promises'
        ➜ Explicit dependency on target 'GULUserDefaults' in project 'GoogleUtilities'
        ➜ Explicit dependency on target 'GoogleAppMeasurementCore' in project 'GoogleAppMeasurement'
        ➜ Explicit dependency on target 'GULAppDelegateSwizzler' in project 'GoogleUtilities'
        ➜ Explicit dependency on target 'GULMethodSwizzler' in project 'GoogleUtilities'
        ➜ Explicit dependency on target 'GULNetwork' in project 'GoogleUtilities'
        ➜ Explicit dependency on target 'nanopb' in project 'nanopb'
    Target 'GoogleAppMeasurementCore' in project 'GoogleAppMeasurement'
        ➜ Explicit dependency on target 'GoogleAppMeasurementCoreTarget' in project 'GoogleAppMeasurement'
        ➜ Explicit dependency on target 'GULAppDelegateSwizzler' in project 'GoogleUtilities'
        ➜ Explicit dependency on target 'GULMethodSwizzler' in project 'GoogleUtilities'
        ➜ Explicit dependency on target 'GULNSData' in project 'GoogleUtilities'
        ➜ Explicit dependency on target 'GULNetwork' in project 'GoogleUtilities'
        ➜ Explicit dependency on target 'GULLogger' in project 'GoogleUtilities'
        ➜ Explicit dependency on target 'GULEnvironment' in project 'GoogleUtilities'
        ➜ Explicit dependency on target 'nanopb' in project 'nanopb'
    Target 'GoogleAppMeasurementCoreTarget' in project 'GoogleAppMeasurement'
        ➜ Explicit dependency on target 'GULAppDelegateSwizzler' in project 'GoogleUtilities'
        ➜ Explicit dependency on target 'GULMethodSwizzler' in project 'GoogleUtilities'
        ➜ Explicit dependency on target 'GULNSData' in project 'GoogleUtilities'
        ➜ Explicit dependency on target 'GULNetwork' in project 'GoogleUtilities'
        ➜ Explicit dependency on target 'GULLogger' in project 'GoogleUtilities'
        ➜ Explicit dependency on target 'GULEnvironment' in project 'GoogleUtilities'
        ➜ Explicit dependency on target 'nanopb' in project 'nanopb'
    Target 'FirebaseFirestore' in project 'Firebase'
        ➜ Explicit dependency on target 'FirebaseFirestoreTarget' in project 'Firebase'
        ➜ Explicit dependency on target 'FirebaseFirestoreInternalWrapper' in project 'Firebase'
        ➜ Explicit dependency on target 'FirebaseAppCheckInterop' in project 'Firebase'
        ➜ Explicit dependency on target 'Firebase' in project 'Firebase'
        ➜ Explicit dependency on target 'FirebaseCoreInternal' in project 'Firebase'
        ➜ Explicit dependency on target 'FirebaseCore' in project 'Firebase'
        ➜ Explicit dependency on target 'FirebaseCoreExtension' in project 'Firebase'
        ➜ Explicit dependency on target 'FirebaseSharedSwift' in project 'Firebase'
        ➜ Explicit dependency on target 'FirebaseFirestore' in project 'Firebase'
        ➜ Explicit dependency on target 'GULNSData' in project 'GoogleUtilities'
        ➜ Explicit dependency on target 'GULEnvironment' in project 'GoogleUtilities'
        ➜ Explicit dependency on target 'GULLogger' in project 'GoogleUtilities'
        ➜ Explicit dependency on target 'abseil' in project 'abseil'
        ➜ Explicit dependency on target 'gRPC-C++' in project 'gRPC'
        ➜ Explicit dependency on target 'nanopb' in project 'nanopb'
        ➜ Explicit dependency on target 'leveldb' in project 'leveldb'
    Target 'FirebaseFirestoreTarget' in project 'Firebase'
        ➜ Explicit dependency on target 'FirebaseFirestoreInternalWrapper' in project 'Firebase'
        ➜ Explicit dependency on target 'FirebaseAppCheckInterop' in project 'Firebase'
        ➜ Explicit dependency on target 'Firebase' in project 'Firebase'
        ➜ Explicit dependency on target 'FirebaseCoreInternal' in project 'Firebase'
        ➜ Explicit dependency on target 'FirebaseCore' in project 'Firebase'
        ➜ Explicit dependency on target 'FirebaseCoreExtension' in project 'Firebase'
        ➜ Explicit dependency on target 'FirebaseSharedSwift' in project 'Firebase'
        ➜ Explicit dependency on target 'FirebaseFirestore' in project 'Firebase'
        ➜ Explicit dependency on target 'GULNSData' in project 'GoogleUtilities'
        ➜ Explicit dependency on target 'GULEnvironment' in project 'GoogleUtilities'
        ➜ Explicit dependency on target 'GULLogger' in project 'GoogleUtilities'
        ➜ Explicit dependency on target 'abseil' in project 'abseil'
        ➜ Explicit dependency on target 'gRPC-C++' in project 'gRPC'
        ➜ Explicit dependency on target 'nanopb' in project 'nanopb'
        ➜ Explicit dependency on target 'leveldb' in project 'leveldb'
    Target 'FirebaseFirestore' in project 'Firebase'
        ➜ Explicit dependency on target 'Firebase_FirebaseFirestore' in project 'Firebase'
        ➜ Explicit dependency on target 'FirebaseFirestoreInternalWrapper' in project 'Firebase'
        ➜ Explicit dependency on target 'FirebaseAppCheckInterop' in project 'Firebase'
        ➜ Explicit dependency on target 'Firebase' in project 'Firebase'
        ➜ Explicit dependency on target 'FirebaseCoreInternal' in project 'Firebase'
        ➜ Explicit dependency on target 'FirebaseCore' in project 'Firebase'
        ➜ Explicit dependency on target 'FirebaseCoreExtension' in project 'Firebase'
        ➜ Explicit dependency on target 'FirebaseSharedSwift' in project 'Firebase'
        ➜ Explicit dependency on target 'GULNSData' in project 'GoogleUtilities'
        ➜ Explicit dependency on target 'GULEnvironment' in project 'GoogleUtilities'
        ➜ Explicit dependency on target 'GULLogger' in project 'GoogleUtilities'
        ➜ Explicit dependency on target 'abseil' in project 'abseil'
        ➜ Explicit dependency on target 'gRPC-C++' in project 'gRPC'
        ➜ Explicit dependency on target 'nanopb' in project 'nanopb'
        ➜ Explicit dependency on target 'leveldb' in project 'leveldb'
    Target 'leveldb' in project 'leveldb'
        ➜ Explicit dependency on target 'leveldb' in project 'leveldb'
        ➜ Explicit dependency on target 'leveldb_leveldb' in project 'leveldb'
    Target 'leveldb' in project 'leveldb'
        ➜ Explicit dependency on target 'leveldb_leveldb' in project 'leveldb'
    Target 'leveldb_leveldb' in project 'leveldb' (no dependencies)
    Target 'gRPC-C++' in project 'gRPC'
        ➜ Explicit dependency on target 'grpcppWrapper' in project 'gRPC'
        ➜ Explicit dependency on target 'gRPC_grpcppWrapper' in project 'gRPC'
        ➜ Explicit dependency on target 'grpcWrapper' in project 'gRPC'
        ➜ Explicit dependency on target 'opensslWrapper' in project 'gRPC'
        ➜ Explicit dependency on target 'abseil' in project 'abseil'
    Target 'grpcppWrapper' in project 'gRPC'
        ➜ Explicit dependency on target 'gRPC_grpcppWrapper' in project 'gRPC'
        ➜ Explicit dependency on target 'grpcWrapper' in project 'gRPC'
        ➜ Explicit dependency on target 'opensslWrapper' in project 'gRPC'
        ➜ Explicit dependency on target 'abseil' in project 'abseil'
    Target 'opensslWrapper' in project 'gRPC'
        ➜ Explicit dependency on target 'gRPC_opensslWrapper' in project 'gRPC'
    Target 'gRPC_opensslWrapper' in project 'gRPC' (no dependencies)
    Target 'grpcWrapper' in project 'gRPC'
        ➜ Explicit dependency on target 'gRPC_grpcWrapper' in project 'gRPC'
    Target 'gRPC_grpcWrapper' in project 'gRPC' (no dependencies)
    Target 'gRPC_grpcppWrapper' in project 'gRPC' (no dependencies)
    Target 'abseil' in project 'abseil'
        ➜ Explicit dependency on target 'abslWrapper' in project 'abseil'
        ➜ Explicit dependency on target 'abseil_abslWrapper' in project 'abseil'
    Target 'abslWrapper' in project 'abseil'
        ➜ Explicit dependency on target 'abseil_abslWrapper' in project 'abseil'
    Target 'abseil_abslWrapper' in project 'abseil' (no dependencies)
    Target 'Firebase_FirebaseFirestore' in project 'Firebase' (no dependencies)
    Target 'FirebaseSharedSwift' in project 'Firebase' (no dependencies)
    Target 'FirebaseFirestoreInternalWrapper' in project 'Firebase' (no dependencies)
    Target 'FirebaseAuth' in project 'Firebase'
        ➜ Explicit dependency on target 'FirebaseAuth' in project 'Firebase'
        ➜ Explicit dependency on target 'Firebase_FirebaseAuth' in project 'Firebase'
        ➜ Explicit dependency on target 'FirebaseAppCheckInterop' in project 'Firebase'
        ➜ Explicit dependency on target 'FirebaseAuthInterop' in project 'Firebase'
        ➜ Explicit dependency on target 'FirebaseAuthInternal' in project 'Firebase'
        ➜ Explicit dependency on target 'Firebase' in project 'Firebase'
        ➜ Explicit dependency on target 'FirebaseCoreInternal' in project 'Firebase'
        ➜ Explicit dependency on target 'FirebaseCore' in project 'Firebase'
        ➜ Explicit dependency on target 'FirebaseCoreExtension' in project 'Firebase'
        ➜ Explicit dependency on target 'RecaptchaInterop' in project 'InteropForGoogle'
        ➜ Explicit dependency on target 'GULNSData' in project 'GoogleUtilities'
        ➜ Explicit dependency on target 'GULEnvironment' in project 'GoogleUtilities'
        ➜ Explicit dependency on target 'GULLogger' in project 'GoogleUtilities'
        ➜ Explicit dependency on target 'GULAppDelegateSwizzler' in project 'GoogleUtilities'
        ➜ Explicit dependency on target 'GTMSessionFetcherCore' in project 'GTMSessionFetcher'
    Target 'FirebaseAuth' in project 'Firebase'
        ➜ Explicit dependency on target 'Firebase_FirebaseAuth' in project 'Firebase'
        ➜ Explicit dependency on target 'FirebaseAppCheckInterop' in project 'Firebase'
        ➜ Explicit dependency on target 'FirebaseAuthInterop' in project 'Firebase'
        ➜ Explicit dependency on target 'FirebaseAuthInternal' in project 'Firebase'
        ➜ Explicit dependency on target 'Firebase' in project 'Firebase'
        ➜ Explicit dependency on target 'FirebaseCoreInternal' in project 'Firebase'
        ➜ Explicit dependency on target 'FirebaseCore' in project 'Firebase'
        ➜ Explicit dependency on target 'FirebaseCoreExtension' in project 'Firebase'
        ➜ Explicit dependency on target 'RecaptchaInterop' in project 'InteropForGoogle'
        ➜ Explicit dependency on target 'GULNSData' in project 'GoogleUtilities'
        ➜ Explicit dependency on target 'GULEnvironment' in project 'GoogleUtilities'
        ➜ Explicit dependency on target 'GULLogger' in project 'GoogleUtilities'
        ➜ Explicit dependency on target 'GULAppDelegateSwizzler' in project 'GoogleUtilities'
        ➜ Explicit dependency on target 'GTMSessionFetcherCore' in project 'GTMSessionFetcher'
    Target 'GTMSessionFetcherCore' in project 'GTMSessionFetcher'
        ➜ Explicit dependency on target 'GTMSessionFetcherCore' in project 'GTMSessionFetcher'
        ➜ Explicit dependency on target 'GTMSessionFetcher_GTMSessionFetcherCore' in project 'GTMSessionFetcher'
    Target 'GTMSessionFetcherCore' in project 'GTMSessionFetcher'
        ➜ Explicit dependency on target 'GTMSessionFetcher_GTMSessionFetcherCore' in project 'GTMSessionFetcher'
    Target 'GTMSessionFetcher_GTMSessionFetcherCore' in project 'GTMSessionFetcher' (no dependencies)
    Target 'FirebaseAuthInternal' in project 'Firebase'
        ➜ Explicit dependency on target 'RecaptchaInterop' in project 'InteropForGoogle'
    Target 'RecaptchaInterop' in project 'InteropForGoogle'
        ➜ Explicit dependency on target 'RecaptchaInterop' in project 'InteropForGoogle'
    Target 'RecaptchaInterop' in project 'InteropForGoogle' (no dependencies)
    Target 'FirebaseAuthInterop' in project 'Firebase' (no dependencies)
    Target 'FirebaseAppCheckInterop' in project 'Firebase' (no dependencies)
    Target 'Firebase_FirebaseAuth' in project 'Firebase' (no dependencies)
    Target 'FirebaseCrashlytics' in project 'Firebase'
        ➜ Explicit dependency on target 'FirebaseCrashlytics' in project 'Firebase'
        ➜ Explicit dependency on target 'Firebase_FirebaseCrashlytics' in project 'Firebase'
        ➜ Explicit dependency on target 'Firebase' in project 'Firebase'
        ➜ Explicit dependency on target 'FirebaseCoreInternal' in project 'Firebase'
        ➜ Explicit dependency on target 'FirebaseCore' in project 'Firebase'
        ➜ Explicit dependency on target 'FirebaseInstallations' in project 'Firebase'
        ➜ Explicit dependency on target 'FirebaseCoreExtension' in project 'Firebase'
        ➜ Explicit dependency on target 'FirebaseSessionsObjC' in project 'Firebase'
        ➜ Explicit dependency on target 'FirebaseSessions' in project 'Firebase'
        ➜ Explicit dependency on target 'FirebaseRemoteConfigInterop' in project 'Firebase'
        ➜ Explicit dependency on target 'FirebaseCrashlyticsSwift' in project 'Firebase'
        ➜ Explicit dependency on target 'GULNSData' in project 'GoogleUtilities'
        ➜ Explicit dependency on target 'GULEnvironment' in project 'GoogleUtilities'
        ➜ Explicit dependency on target 'GULLogger' in project 'GoogleUtilities'
        ➜ Explicit dependency on target 'FBLPromises' in project 'Promises'
        ➜ Explicit dependency on target 'GULUserDefaults' in project 'GoogleUtilities'
        ➜ Explicit dependency on target 'nanopb' in project 'nanopb'
        ➜ Explicit dependency on target 'Promises' in project 'Promises'
        ➜ Explicit dependency on target 'GoogleDataTransport' in project 'GoogleDataTransport'
    Target 'FirebaseCrashlytics' in project 'Firebase'
        ➜ Explicit dependency on target 'Firebase_FirebaseCrashlytics' in project 'Firebase'
        ➜ Explicit dependency on target 'Firebase' in project 'Firebase'
        ➜ Explicit dependency on target 'FirebaseCoreInternal' in project 'Firebase'
        ➜ Explicit dependency on target 'FirebaseCore' in project 'Firebase'
        ➜ Explicit dependency on target 'FirebaseInstallations' in project 'Firebase'
        ➜ Explicit dependency on target 'FirebaseCoreExtension' in project 'Firebase'
        ➜ Explicit dependency on target 'FirebaseSessionsObjC' in project 'Firebase'
        ➜ Explicit dependency on target 'FirebaseSessions' in project 'Firebase'
        ➜ Explicit dependency on target 'FirebaseRemoteConfigInterop' in project 'Firebase'
        ➜ Explicit dependency on target 'FirebaseCrashlyticsSwift' in project 'Firebase'
        ➜ Explicit dependency on target 'GULNSData' in project 'GoogleUtilities'
        ➜ Explicit dependency on target 'GULEnvironment' in project 'GoogleUtilities'
        ➜ Explicit dependency on target 'GULLogger' in project 'GoogleUtilities'
        ➜ Explicit dependency on target 'FBLPromises' in project 'Promises'
        ➜ Explicit dependency on target 'GULUserDefaults' in project 'GoogleUtilities'
        ➜ Explicit dependency on target 'nanopb' in project 'nanopb'
        ➜ Explicit dependency on target 'Promises' in project 'Promises'
        ➜ Explicit dependency on target 'GoogleDataTransport' in project 'GoogleDataTransport'
    Target 'FirebaseCrashlyticsSwift' in project 'Firebase'
        ➜ Explicit dependency on target 'Firebase_FirebaseCrashlyticsSwift' in project 'Firebase'
        ➜ Explicit dependency on target 'FirebaseRemoteConfigInterop' in project 'Firebase'
    Target 'Firebase_FirebaseCrashlyticsSwift' in project 'Firebase' (no dependencies)
    Target 'Firebase_FirebaseCrashlytics' in project 'Firebase' (no dependencies)
    Target 'FirebaseAnalytics' in project 'Firebase'
        ➜ Explicit dependency on target 'FirebaseAnalyticsTarget' in project 'Firebase'
        ➜ Explicit dependency on target 'Firebase' in project 'Firebase'
        ➜ Explicit dependency on target 'FirebaseCoreInternal' in project 'Firebase'
        ➜ Explicit dependency on target 'FirebaseCore' in project 'Firebase'
        ➜ Explicit dependency on target 'FirebaseInstallations' in project 'Firebase'
        ➜ Explicit dependency on target 'FirebaseAnalyticsWrapper' in project 'Firebase'
        ➜ Explicit dependency on target 'GULNSData' in project 'GoogleUtilities'
        ➜ Explicit dependency on target 'GULEnvironment' in project 'GoogleUtilities'
        ➜ Explicit dependency on target 'GULLogger' in project 'GoogleUtilities'
        ➜ Explicit dependency on target 'FBLPromises' in project 'Promises'
        ➜ Explicit dependency on target 'GULUserDefaults' in project 'GoogleUtilities'
        ➜ Explicit dependency on target 'GoogleAppMeasurement' in project 'GoogleAppMeasurement'
        ➜ Explicit dependency on target 'GULAppDelegateSwizzler' in project 'GoogleUtilities'
        ➜ Explicit dependency on target 'GULMethodSwizzler' in project 'GoogleUtilities'
        ➜ Explicit dependency on target 'GULNetwork' in project 'GoogleUtilities'
        ➜ Explicit dependency on target 'nanopb' in project 'nanopb'
    Target 'FirebaseAnalyticsTarget' in project 'Firebase'
        ➜ Explicit dependency on target 'Firebase' in project 'Firebase'
        ➜ Explicit dependency on target 'FirebaseCoreInternal' in project 'Firebase'
        ➜ Explicit dependency on target 'FirebaseCore' in project 'Firebase'
        ➜ Explicit dependency on target 'FirebaseInstallations' in project 'Firebase'
        ➜ Explicit dependency on target 'FirebaseAnalyticsWrapper' in project 'Firebase'
        ➜ Explicit dependency on target 'GULNSData' in project 'GoogleUtilities'
        ➜ Explicit dependency on target 'GULEnvironment' in project 'GoogleUtilities'
        ➜ Explicit dependency on target 'GULLogger' in project 'GoogleUtilities'
        ➜ Explicit dependency on target 'FBLPromises' in project 'Promises'
        ➜ Explicit dependency on target 'GULUserDefaults' in project 'GoogleUtilities'
        ➜ Explicit dependency on target 'GoogleAppMeasurement' in project 'GoogleAppMeasurement'
        ➜ Explicit dependency on target 'GULAppDelegateSwizzler' in project 'GoogleUtilities'
        ➜ Explicit dependency on target 'GULMethodSwizzler' in project 'GoogleUtilities'
        ➜ Explicit dependency on target 'GULNetwork' in project 'GoogleUtilities'
        ➜ Explicit dependency on target 'nanopb' in project 'nanopb'
    Target 'FirebaseAnalyticsWrapper' in project 'Firebase'
        ➜ Explicit dependency on target 'Firebase' in project 'Firebase'
        ➜ Explicit dependency on target 'FirebaseCoreInternal' in project 'Firebase'
        ➜ Explicit dependency on target 'FirebaseCore' in project 'Firebase'
        ➜ Explicit dependency on target 'FirebaseInstallations' in project 'Firebase'
        ➜ Explicit dependency on target 'GULNSData' in project 'GoogleUtilities'
        ➜ Explicit dependency on target 'GULEnvironment' in project 'GoogleUtilities'
        ➜ Explicit dependency on target 'GULLogger' in project 'GoogleUtilities'
        ➜ Explicit dependency on target 'FBLPromises' in project 'Promises'
        ➜ Explicit dependency on target 'GULUserDefaults' in project 'GoogleUtilities'
        ➜ Explicit dependency on target 'GoogleAppMeasurement' in project 'GoogleAppMeasurement'
        ➜ Explicit dependency on target 'GULAppDelegateSwizzler' in project 'GoogleUtilities'
        ➜ Explicit dependency on target 'GULMethodSwizzler' in project 'GoogleUtilities'
        ➜ Explicit dependency on target 'GULNetwork' in project 'GoogleUtilities'
        ➜ Explicit dependency on target 'nanopb' in project 'nanopb'
    Target 'GoogleAppMeasurement' in project 'GoogleAppMeasurement'
        ➜ Explicit dependency on target 'GoogleAppMeasurementTarget' in project 'GoogleAppMeasurement'
        ➜ Explicit dependency on target 'GULAppDelegateSwizzler' in project 'GoogleUtilities'
        ➜ Explicit dependency on target 'GULMethodSwizzler' in project 'GoogleUtilities'
        ➜ Explicit dependency on target 'GULNSData' in project 'GoogleUtilities'
        ➜ Explicit dependency on target 'GULNetwork' in project 'GoogleUtilities'
        ➜ Explicit dependency on target 'GULLogger' in project 'GoogleUtilities'
        ➜ Explicit dependency on target 'GULEnvironment' in project 'GoogleUtilities'
        ➜ Explicit dependency on target 'nanopb' in project 'nanopb'
        ➜ Explicit dependency on target 'GoogleAdsOnDeviceConversion' in project 'GoogleAdsOnDeviceConversion'
    Target 'GoogleAppMeasurementTarget' in project 'GoogleAppMeasurement'
        ➜ Explicit dependency on target 'GULAppDelegateSwizzler' in project 'GoogleUtilities'
        ➜ Explicit dependency on target 'GULMethodSwizzler' in project 'GoogleUtilities'
        ➜ Explicit dependency on target 'GULNSData' in project 'GoogleUtilities'
        ➜ Explicit dependency on target 'GULNetwork' in project 'GoogleUtilities'
        ➜ Explicit dependency on target 'GULLogger' in project 'GoogleUtilities'
        ➜ Explicit dependency on target 'GULEnvironment' in project 'GoogleUtilities'
        ➜ Explicit dependency on target 'nanopb' in project 'nanopb'
        ➜ Explicit dependency on target 'GoogleAdsOnDeviceConversion' in project 'GoogleAdsOnDeviceConversion'
    Target 'GoogleAdsOnDeviceConversion' in project 'GoogleAdsOnDeviceConversion'
        ➜ Explicit dependency on target 'GoogleAdsOnDeviceConversionTarget' in project 'GoogleAdsOnDeviceConversion'
        ➜ Explicit dependency on target 'GULEnvironment' in project 'GoogleUtilities'
        ➜ Explicit dependency on target 'GULLogger' in project 'GoogleUtilities'
        ➜ Explicit dependency on target 'GULNetwork' in project 'GoogleUtilities'
        ➜ Explicit dependency on target 'nanopb' in project 'nanopb'
    Target 'GoogleAdsOnDeviceConversionTarget' in project 'GoogleAdsOnDeviceConversion'
        ➜ Explicit dependency on target 'GULEnvironment' in project 'GoogleUtilities'
        ➜ Explicit dependency on target 'GULLogger' in project 'GoogleUtilities'
        ➜ Explicit dependency on target 'GULNetwork' in project 'GoogleUtilities'
        ➜ Explicit dependency on target 'nanopb' in project 'nanopb'
    Target 'GULNetwork' in project 'GoogleUtilities'
        ➜ Explicit dependency on target 'GoogleUtilities-Network' in project 'GoogleUtilities'
        ➜ Explicit dependency on target 'GoogleUtilities_GoogleUtilities-Network' in project 'GoogleUtilities'
        ➜ Explicit dependency on target 'third-party-IsAppEncrypted' in project 'GoogleUtilities'
        ➜ Explicit dependency on target 'GoogleUtilities-Environment' in project 'GoogleUtilities'
        ➜ Explicit dependency on target 'GoogleUtilities-Logger' in project 'GoogleUtilities'
        ➜ Explicit dependency on target 'GoogleUtilities-NSData' in project 'GoogleUtilities'
        ➜ Explicit dependency on target 'GoogleUtilities-Reachability' in project 'GoogleUtilities'
    Target 'FirebaseMessaging' in project 'Firebase'
        ➜ Explicit dependency on target 'FirebaseMessaging' in project 'Firebase'
        ➜ Explicit dependency on target 'Firebase_FirebaseMessaging' in project 'Firebase'
        ➜ Explicit dependency on target 'Firebase' in project 'Firebase'
        ➜ Explicit dependency on target 'FirebaseCoreInternal' in project 'Firebase'
        ➜ Explicit dependency on target 'FirebaseCore' in project 'Firebase'
        ➜ Explicit dependency on target 'FirebaseInstallations' in project 'Firebase'
        ➜ Explicit dependency on target 'GULNSData' in project 'GoogleUtilities'
        ➜ Explicit dependency on target 'GULEnvironment' in project 'GoogleUtilities'
        ➜ Explicit dependency on target 'GULLogger' in project 'GoogleUtilities'
        ➜ Explicit dependency on target 'FBLPromises' in project 'Promises'
        ➜ Explicit dependency on target 'GULUserDefaults' in project 'GoogleUtilities'
        ➜ Explicit dependency on target 'GULAppDelegateSwizzler' in project 'GoogleUtilities'
        ➜ Explicit dependency on target 'GULReachability' in project 'GoogleUtilities'
        ➜ Explicit dependency on target 'GoogleDataTransport' in project 'GoogleDataTransport'
        ➜ Explicit dependency on target 'nanopb' in project 'nanopb'
    Target 'FirebaseMessaging' in project 'Firebase'
        ➜ Explicit dependency on target 'Firebase_FirebaseMessaging' in project 'Firebase'
        ➜ Explicit dependency on target 'Firebase' in project 'Firebase'
        ➜ Explicit dependency on target 'FirebaseCoreInternal' in project 'Firebase'
        ➜ Explicit dependency on target 'FirebaseCore' in project 'Firebase'
        ➜ Explicit dependency on target 'FirebaseInstallations' in project 'Firebase'
        ➜ Explicit dependency on target 'GULNSData' in project 'GoogleUtilities'
        ➜ Explicit dependency on target 'GULEnvironment' in project 'GoogleUtilities'
        ➜ Explicit dependency on target 'GULLogger' in project 'GoogleUtilities'
        ➜ Explicit dependency on target 'FBLPromises' in project 'Promises'
        ➜ Explicit dependency on target 'GULUserDefaults' in project 'GoogleUtilities'
        ➜ Explicit dependency on target 'GULAppDelegateSwizzler' in project 'GoogleUtilities'
        ➜ Explicit dependency on target 'GULReachability' in project 'GoogleUtilities'
        ➜ Explicit dependency on target 'GoogleDataTransport' in project 'GoogleDataTransport'
        ➜ Explicit dependency on target 'nanopb' in project 'nanopb'
    Target 'GULReachability' in project 'GoogleUtilities'
        ➜ Explicit dependency on target 'GoogleUtilities-Reachability' in project 'GoogleUtilities'
        ➜ Explicit dependency on target 'GoogleUtilities_GoogleUtilities-Reachability' in project 'GoogleUtilities'
        ➜ Explicit dependency on target 'third-party-IsAppEncrypted' in project 'GoogleUtilities'
        ➜ Explicit dependency on target 'GoogleUtilities-Environment' in project 'GoogleUtilities'
        ➜ Explicit dependency on target 'GoogleUtilities-Logger' in project 'GoogleUtilities'
    Target 'GULAppDelegateSwizzler' in project 'GoogleUtilities'
        ➜ Explicit dependency on target 'GoogleUtilities-AppDelegateSwizzler' in project 'GoogleUtilities'
        ➜ Explicit dependency on target 'GoogleUtilities_GoogleUtilities-AppDelegateSwizzler' in project 'GoogleUtilities'
        ➜ Explicit dependency on target 'third-party-IsAppEncrypted' in project 'GoogleUtilities'
        ➜ Explicit dependency on target 'GoogleUtilities-Environment' in project 'GoogleUtilities'
        ➜ Explicit dependency on target 'GoogleUtilities-Logger' in project 'GoogleUtilities'
        ➜ Explicit dependency on target 'GoogleUtilities-NSData' in project 'GoogleUtilities'
        ➜ Explicit dependency on target 'GoogleUtilities-Reachability' in project 'GoogleUtilities'
        ➜ Explicit dependency on target 'GoogleUtilities-Network' in project 'GoogleUtilities'
    Target 'GoogleUtilities-AppDelegateSwizzler' in project 'GoogleUtilities'
        ➜ Explicit dependency on target 'GoogleUtilities_GoogleUtilities-AppDelegateSwizzler' in project 'GoogleUtilities'
        ➜ Explicit dependency on target 'third-party-IsAppEncrypted' in project 'GoogleUtilities'
        ➜ Explicit dependency on target 'GoogleUtilities-Environment' in project 'GoogleUtilities'
        ➜ Explicit dependency on target 'GoogleUtilities-Logger' in project 'GoogleUtilities'
        ➜ Explicit dependency on target 'GoogleUtilities-NSData' in project 'GoogleUtilities'
        ➜ Explicit dependency on target 'GoogleUtilities-Reachability' in project 'GoogleUtilities'
        ➜ Explicit dependency on target 'GoogleUtilities-Network' in project 'GoogleUtilities'
    Target 'GoogleUtilities-Network' in project 'GoogleUtilities'
        ➜ Explicit dependency on target 'GoogleUtilities_GoogleUtilities-Network' in project 'GoogleUtilities'
        ➜ Explicit dependency on target 'third-party-IsAppEncrypted' in project 'GoogleUtilities'
        ➜ Explicit dependency on target 'GoogleUtilities-Environment' in project 'GoogleUtilities'
        ➜ Explicit dependency on target 'GoogleUtilities-Logger' in project 'GoogleUtilities'
        ➜ Explicit dependency on target 'GoogleUtilities-NSData' in project 'GoogleUtilities'
        ➜ Explicit dependency on target 'GoogleUtilities-Reachability' in project 'GoogleUtilities'
    Target 'GoogleUtilities_GoogleUtilities-Network' in project 'GoogleUtilities' (no dependencies)
    Target 'GoogleUtilities-Reachability' in project 'GoogleUtilities'
        ➜ Explicit dependency on target 'GoogleUtilities_GoogleUtilities-Reachability' in project 'GoogleUtilities'
        ➜ Explicit dependency on target 'third-party-IsAppEncrypted' in project 'GoogleUtilities'
        ➜ Explicit dependency on target 'GoogleUtilities-Environment' in project 'GoogleUtilities'
        ➜ Explicit dependency on target 'GoogleUtilities-Logger' in project 'GoogleUtilities'
    Target 'GoogleUtilities_GoogleUtilities-Reachability' in project 'GoogleUtilities' (no dependencies)
    Target 'GoogleUtilities_GoogleUtilities-AppDelegateSwizzler' in project 'GoogleUtilities' (no dependencies)
    Target 'Firebase_FirebaseMessaging' in project 'Firebase' (no dependencies)
    Target 'FirebasePerformance' in project 'Firebase'
        ➜ Explicit dependency on target 'FirebasePerformanceTarget' in project 'Firebase'
        ➜ Explicit dependency on target 'Firebase' in project 'Firebase'
        ➜ Explicit dependency on target 'FirebaseCoreInternal' in project 'Firebase'
        ➜ Explicit dependency on target 'FirebaseCore' in project 'Firebase'
        ➜ Explicit dependency on target 'FirebaseInstallations' in project 'Firebase'
        ➜ Explicit dependency on target 'FirebaseABTesting' in project 'Firebase'
        ➜ Explicit dependency on target 'FirebaseRemoteConfigInterop' in project 'Firebase'
        ➜ Explicit dependency on target 'FirebaseRemoteConfigInternal' in project 'Firebase'
        ➜ Explicit dependency on target 'FirebaseCoreExtension' in project 'Firebase'
        ➜ Explicit dependency on target 'FirebaseSessionsObjC' in project 'Firebase'
        ➜ Explicit dependency on target 'FirebaseSessions' in project 'Firebase'
        ➜ Explicit dependency on target 'FirebasePerformance' in project 'Firebase'
        ➜ Explicit dependency on target 'GULNSData' in project 'GoogleUtilities'
        ➜ Explicit dependency on target 'GULEnvironment' in project 'GoogleUtilities'
        ➜ Explicit dependency on target 'GULLogger' in project 'GoogleUtilities'
        ➜ Explicit dependency on target 'FBLPromises' in project 'Promises'
        ➜ Explicit dependency on target 'GULUserDefaults' in project 'GoogleUtilities'
        ➜ Explicit dependency on target 'nanopb' in project 'nanopb'
        ➜ Explicit dependency on target 'Promises' in project 'Promises'
        ➜ Explicit dependency on target 'GoogleDataTransport' in project 'GoogleDataTransport'
        ➜ Explicit dependency on target 'GULMethodSwizzler' in project 'GoogleUtilities'
    Target 'FirebasePerformanceTarget' in project 'Firebase'
        ➜ Explicit dependency on target 'Firebase' in project 'Firebase'
        ➜ Explicit dependency on target 'FirebaseCoreInternal' in project 'Firebase'
        ➜ Explicit dependency on target 'FirebaseCore' in project 'Firebase'
        ➜ Explicit dependency on target 'FirebaseInstallations' in project 'Firebase'
        ➜ Explicit dependency on target 'FirebaseABTesting' in project 'Firebase'
        ➜ Explicit dependency on target 'FirebaseRemoteConfigInterop' in project 'Firebase'
        ➜ Explicit dependency on target 'FirebaseRemoteConfigInternal' in project 'Firebase'
        ➜ Explicit dependency on target 'FirebaseCoreExtension' in project 'Firebase'
        ➜ Explicit dependency on target 'FirebaseSessionsObjC' in project 'Firebase'
        ➜ Explicit dependency on target 'FirebaseSessions' in project 'Firebase'
        ➜ Explicit dependency on target 'FirebasePerformance' in project 'Firebase'
        ➜ Explicit dependency on target 'GULNSData' in project 'GoogleUtilities'
        ➜ Explicit dependency on target 'GULEnvironment' in project 'GoogleUtilities'
        ➜ Explicit dependency on target 'GULLogger' in project 'GoogleUtilities'
        ➜ Explicit dependency on target 'FBLPromises' in project 'Promises'
        ➜ Explicit dependency on target 'GULUserDefaults' in project 'GoogleUtilities'
        ➜ Explicit dependency on target 'nanopb' in project 'nanopb'
        ➜ Explicit dependency on target 'Promises' in project 'Promises'
        ➜ Explicit dependency on target 'GoogleDataTransport' in project 'GoogleDataTransport'
        ➜ Explicit dependency on target 'GULMethodSwizzler' in project 'GoogleUtilities'
    Target 'FirebasePerformance' in project 'Firebase'
        ➜ Explicit dependency on target 'Firebase' in project 'Firebase'
        ➜ Explicit dependency on target 'FirebaseCoreInternal' in project 'Firebase'
        ➜ Explicit dependency on target 'FirebaseCore' in project 'Firebase'
        ➜ Explicit dependency on target 'FirebaseInstallations' in project 'Firebase'
        ➜ Explicit dependency on target 'FirebaseABTesting' in project 'Firebase'
        ➜ Explicit dependency on target 'FirebaseRemoteConfigInterop' in project 'Firebase'
        ➜ Explicit dependency on target 'FirebaseRemoteConfigInternal' in project 'Firebase'
        ➜ Explicit dependency on target 'FirebaseCoreExtension' in project 'Firebase'
        ➜ Explicit dependency on target 'FirebaseSessionsObjC' in project 'Firebase'
        ➜ Explicit dependency on target 'FirebaseSessions' in project 'Firebase'
        ➜ Explicit dependency on target 'GULNSData' in project 'GoogleUtilities'
        ➜ Explicit dependency on target 'GULEnvironment' in project 'GoogleUtilities'
        ➜ Explicit dependency on target 'GULLogger' in project 'GoogleUtilities'
        ➜ Explicit dependency on target 'FBLPromises' in project 'Promises'
        ➜ Explicit dependency on target 'GULUserDefaults' in project 'GoogleUtilities'
        ➜ Explicit dependency on target 'nanopb' in project 'nanopb'
        ➜ Explicit dependency on target 'Promises' in project 'Promises'
        ➜ Explicit dependency on target 'GoogleDataTransport' in project 'GoogleDataTransport'
        ➜ Explicit dependency on target 'GULMethodSwizzler' in project 'GoogleUtilities'
    Target 'GULMethodSwizzler' in project 'GoogleUtilities'
        ➜ Explicit dependency on target 'GoogleUtilities-MethodSwizzler' in project 'GoogleUtilities'
        ➜ Explicit dependency on target 'GoogleUtilities_GoogleUtilities-MethodSwizzler' in project 'GoogleUtilities'
        ➜ Explicit dependency on target 'third-party-IsAppEncrypted' in project 'GoogleUtilities'
        ➜ Explicit dependency on target 'GoogleUtilities-Environment' in project 'GoogleUtilities'
        ➜ Explicit dependency on target 'GoogleUtilities-Logger' in project 'GoogleUtilities'
    Target 'GoogleUtilities-MethodSwizzler' in project 'GoogleUtilities'
        ➜ Explicit dependency on target 'GoogleUtilities_GoogleUtilities-MethodSwizzler' in project 'GoogleUtilities'
        ➜ Explicit dependency on target 'third-party-IsAppEncrypted' in project 'GoogleUtilities'
        ➜ Explicit dependency on target 'GoogleUtilities-Environment' in project 'GoogleUtilities'
        ➜ Explicit dependency on target 'GoogleUtilities-Logger' in project 'GoogleUtilities'
    Target 'GoogleUtilities_GoogleUtilities-MethodSwizzler' in project 'GoogleUtilities' (no dependencies)
    Target 'FirebaseSessions' in project 'Firebase'
        ➜ Explicit dependency on target 'Firebase' in project 'Firebase'
        ➜ Explicit dependency on target 'FirebaseCoreInternal' in project 'Firebase'
        ➜ Explicit dependency on target 'FirebaseCore' in project 'Firebase'
        ➜ Explicit dependency on target 'FirebaseInstallations' in project 'Firebase'
        ➜ Explicit dependency on target 'FirebaseCoreExtension' in project 'Firebase'
        ➜ Explicit dependency on target 'FirebaseSessionsObjC' in project 'Firebase'
        ➜ Explicit dependency on target 'GULNSData' in project 'GoogleUtilities'
        ➜ Explicit dependency on target 'GULEnvironment' in project 'GoogleUtilities'
        ➜ Explicit dependency on target 'GULLogger' in project 'GoogleUtilities'
        ➜ Explicit dependency on target 'FBLPromises' in project 'Promises'
        ➜ Explicit dependency on target 'GULUserDefaults' in project 'GoogleUtilities'
        ➜ Explicit dependency on target 'nanopb' in project 'nanopb'
        ➜ Explicit dependency on target 'Promises' in project 'Promises'
        ➜ Explicit dependency on target 'GoogleDataTransport' in project 'GoogleDataTransport'
    Target 'GoogleDataTransport' in project 'GoogleDataTransport'
        ➜ Explicit dependency on target 'GoogleDataTransport' in project 'GoogleDataTransport'
        ➜ Explicit dependency on target 'GoogleDataTransport_GoogleDataTransport' in project 'GoogleDataTransport'
        ➜ Explicit dependency on target 'nanopb' in project 'nanopb'
        ➜ Explicit dependency on target 'FBLPromises' in project 'Promises'
    Target 'GoogleDataTransport' in project 'GoogleDataTransport'
        ➜ Explicit dependency on target 'GoogleDataTransport_GoogleDataTransport' in project 'GoogleDataTransport'
        ➜ Explicit dependency on target 'nanopb' in project 'nanopb'
        ➜ Explicit dependency on target 'FBLPromises' in project 'Promises'
    Target 'GoogleDataTransport_GoogleDataTransport' in project 'GoogleDataTransport' (no dependencies)
    Target 'Promises' in project 'Promises'
        ➜ Explicit dependency on target 'Promises' in project 'Promises'
        ➜ Explicit dependency on target 'Promises_Promises' in project 'Promises'
        ➜ Explicit dependency on target 'FBLPromises' in project 'Promises'
    Target 'Promises' in project 'Promises'
        ➜ Explicit dependency on target 'Promises_Promises' in project 'Promises'
        ➜ Explicit dependency on target 'FBLPromises' in project 'Promises'
    Target 'Promises_Promises' in project 'Promises' (no dependencies)
    Target 'FirebaseSessionsObjC' in project 'Firebase'
        ➜ Explicit dependency on target 'Firebase' in project 'Firebase'
        ➜ Explicit dependency on target 'FirebaseCoreInternal' in project 'Firebase'
        ➜ Explicit dependency on target 'FirebaseCore' in project 'Firebase'
        ➜ Explicit dependency on target 'FirebaseCoreExtension' in project 'Firebase'
        ➜ Explicit dependency on target 'GULNSData' in project 'GoogleUtilities'
        ➜ Explicit dependency on target 'GULEnvironment' in project 'GoogleUtilities'
        ➜ Explicit dependency on target 'GULLogger' in project 'GoogleUtilities'
        ➜ Explicit dependency on target 'nanopb' in project 'nanopb'
    Target 'nanopb' in project 'nanopb'
        ➜ Explicit dependency on target 'nanopb' in project 'nanopb'
        ➜ Explicit dependency on target 'nanopb_nanopb' in project 'nanopb'
    Target 'nanopb' in project 'nanopb'
        ➜ Explicit dependency on target 'nanopb_nanopb' in project 'nanopb'
    Target 'nanopb_nanopb' in project 'nanopb' (no dependencies)
    Target 'FirebaseCoreExtension' in project 'Firebase'
        ➜ Explicit dependency on target 'Firebase_FirebaseCoreExtension' in project 'Firebase'
    Target 'Firebase_FirebaseCoreExtension' in project 'Firebase' (no dependencies)
    Target 'FirebaseRemoteConfigInternal' in project 'Firebase'
        ➜ Explicit dependency on target 'Firebase' in project 'Firebase'
        ➜ Explicit dependency on target 'FirebaseCoreInternal' in project 'Firebase'
        ➜ Explicit dependency on target 'FirebaseCore' in project 'Firebase'
        ➜ Explicit dependency on target 'FirebaseABTesting' in project 'Firebase'
        ➜ Explicit dependency on target 'FirebaseInstallations' in project 'Firebase'
        ➜ Explicit dependency on target 'FirebaseRemoteConfigInterop' in project 'Firebase'
        ➜ Explicit dependency on target 'GULNSData' in project 'GoogleUtilities'
        ➜ Explicit dependency on target 'GULEnvironment' in project 'GoogleUtilities'
        ➜ Explicit dependency on target 'GULLogger' in project 'GoogleUtilities'
        ➜ Explicit dependency on target 'FBLPromises' in project 'Promises'
        ➜ Explicit dependency on target 'GULUserDefaults' in project 'GoogleUtilities'
    Target 'FirebaseRemoteConfigInterop' in project 'Firebase' (no dependencies)
    Target 'FirebaseABTesting' in project 'Firebase'
        ➜ Explicit dependency on target 'Firebase_FirebaseABTesting' in project 'Firebase'
        ➜ Explicit dependency on target 'Firebase' in project 'Firebase'
        ➜ Explicit dependency on target 'FirebaseCoreInternal' in project 'Firebase'
        ➜ Explicit dependency on target 'FirebaseCore' in project 'Firebase'
        ➜ Explicit dependency on target 'GULNSData' in project 'GoogleUtilities'
        ➜ Explicit dependency on target 'GULEnvironment' in project 'GoogleUtilities'
        ➜ Explicit dependency on target 'GULLogger' in project 'GoogleUtilities'
    Target 'Firebase_FirebaseABTesting' in project 'Firebase' (no dependencies)
    Target 'FirebaseInstallations' in project 'Firebase'
        ➜ Explicit dependency on target 'Firebase_FirebaseInstallations' in project 'Firebase'
        ➜ Explicit dependency on target 'Firebase' in project 'Firebase'
        ➜ Explicit dependency on target 'FirebaseCoreInternal' in project 'Firebase'
        ➜ Explicit dependency on target 'FirebaseCore' in project 'Firebase'
        ➜ Explicit dependency on target 'GULNSData' in project 'GoogleUtilities'
        ➜ Explicit dependency on target 'GULEnvironment' in project 'GoogleUtilities'
        ➜ Explicit dependency on target 'GULLogger' in project 'GoogleUtilities'
        ➜ Explicit dependency on target 'FBLPromises' in project 'Promises'
        ➜ Explicit dependency on target 'GULUserDefaults' in project 'GoogleUtilities'
    Target 'GULUserDefaults' in project 'GoogleUtilities'
        ➜ Explicit dependency on target 'GoogleUtilities-UserDefaults' in project 'GoogleUtilities'
        ➜ Explicit dependency on target 'GoogleUtilities_GoogleUtilities-UserDefaults' in project 'GoogleUtilities'
        ➜ Explicit dependency on target 'third-party-IsAppEncrypted' in project 'GoogleUtilities'
        ➜ Explicit dependency on target 'GoogleUtilities-Environment' in project 'GoogleUtilities'
        ➜ Explicit dependency on target 'GoogleUtilities-Logger' in project 'GoogleUtilities'
    Target 'GoogleUtilities-UserDefaults' in project 'GoogleUtilities'
        ➜ Explicit dependency on target 'GoogleUtilities_GoogleUtilities-UserDefaults' in project 'GoogleUtilities'
        ➜ Explicit dependency on target 'third-party-IsAppEncrypted' in project 'GoogleUtilities'
        ➜ Explicit dependency on target 'GoogleUtilities-Environment' in project 'GoogleUtilities'
        ➜ Explicit dependency on target 'GoogleUtilities-Logger' in project 'GoogleUtilities'
    Target 'GoogleUtilities_GoogleUtilities-UserDefaults' in project 'GoogleUtilities' (no dependencies)
    Target 'FBLPromises' in project 'Promises'
        ➜ Explicit dependency on target 'FBLPromises' in project 'Promises'
        ➜ Explicit dependency on target 'Promises_FBLPromises' in project 'Promises'
    Target 'FBLPromises' in project 'Promises'
        ➜ Explicit dependency on target 'Promises_FBLPromises' in project 'Promises'
    Target 'Promises_FBLPromises' in project 'Promises' (no dependencies)
    Target 'Firebase_FirebaseInstallations' in project 'Firebase' (no dependencies)
    Target 'FirebaseCore' in project 'Firebase'
        ➜ Explicit dependency on target 'Firebase_FirebaseCore' in project 'Firebase'
        ➜ Explicit dependency on target 'Firebase' in project 'Firebase'
        ➜ Explicit dependency on target 'FirebaseCoreInternal' in project 'Firebase'
        ➜ Explicit dependency on target 'GULNSData' in project 'GoogleUtilities'
        ➜ Explicit dependency on target 'GULEnvironment' in project 'GoogleUtilities'
        ➜ Explicit dependency on target 'GULLogger' in project 'GoogleUtilities'
    Target 'GULLogger' in project 'GoogleUtilities'
        ➜ Explicit dependency on target 'GoogleUtilities-Logger' in project 'GoogleUtilities'
        ➜ Explicit dependency on target 'GoogleUtilities_GoogleUtilities-Logger' in project 'GoogleUtilities'
        ➜ Explicit dependency on target 'third-party-IsAppEncrypted' in project 'GoogleUtilities'
        ➜ Explicit dependency on target 'GoogleUtilities-Environment' in project 'GoogleUtilities'
    Target 'GoogleUtilities-Logger' in project 'GoogleUtilities'
        ➜ Explicit dependency on target 'GoogleUtilities_GoogleUtilities-Logger' in project 'GoogleUtilities'
        ➜ Explicit dependency on target 'third-party-IsAppEncrypted' in project 'GoogleUtilities'
        ➜ Explicit dependency on target 'GoogleUtilities-Environment' in project 'GoogleUtilities'
    Target 'GoogleUtilities_GoogleUtilities-Logger' in project 'GoogleUtilities' (no dependencies)
    Target 'GULEnvironment' in project 'GoogleUtilities'
        ➜ Explicit dependency on target 'GoogleUtilities-Environment' in project 'GoogleUtilities'
        ➜ Explicit dependency on target 'GoogleUtilities_GoogleUtilities-Environment' in project 'GoogleUtilities'
        ➜ Explicit dependency on target 'third-party-IsAppEncrypted' in project 'GoogleUtilities'
    Target 'GoogleUtilities-Environment' in project 'GoogleUtilities'
        ➜ Explicit dependency on target 'GoogleUtilities_GoogleUtilities-Environment' in project 'GoogleUtilities'
        ➜ Explicit dependency on target 'third-party-IsAppEncrypted' in project 'GoogleUtilities'
    Target 'third-party-IsAppEncrypted' in project 'GoogleUtilities' (no dependencies)
    Target 'GoogleUtilities_GoogleUtilities-Environment' in project 'GoogleUtilities' (no dependencies)
    Target 'Firebase_FirebaseCore' in project 'Firebase' (no dependencies)
    Target 'FirebaseCoreInternal' in project 'Firebase'
        ➜ Explicit dependency on target 'Firebase_FirebaseCoreInternal' in project 'Firebase'
        ➜ Explicit dependency on target 'GULNSData' in project 'GoogleUtilities'
    Target 'GULNSData' in project 'GoogleUtilities'
        ➜ Explicit dependency on target 'GoogleUtilities-NSData' in project 'GoogleUtilities'
        ➜ Explicit dependency on target 'GoogleUtilities_GoogleUtilities-NSData' in project 'GoogleUtilities'
    Target 'GoogleUtilities-NSData' in project 'GoogleUtilities'
        ➜ Explicit dependency on target 'GoogleUtilities_GoogleUtilities-NSData' in project 'GoogleUtilities'
    Target 'GoogleUtilities_GoogleUtilities-NSData' in project 'GoogleUtilities' (no dependencies)
    Target 'Firebase_FirebaseCoreInternal' in project 'Firebase' (no dependencies)
    Target 'Firebase' in project 'Firebase' (no dependencies)

GatherProvisioningInputs

CreateBuildDescription

ExecuteExternalTool /Applications/Xcode.app/Contents/Developer/Toolchains/XcodeDefault.xctoolchain/usr/bin/clang -v -E -dM -arch arm64 -isysroot /Applications/Xcode.app/Contents/Developer/Platforms/iPhoneSimulator.platform/Developer/SDKs/iPhoneSimulator26.2.sdk -x objective-c -c /dev/null

ExecuteExternalTool /Applications/Xcode.app/Contents/Developer/Toolchains/XcodeDefault.xctoolchain/usr/bin/swiftc --version

ExecuteExternalTool /Applications/Xcode.app/Contents/Developer/Toolchains/XcodeDefault.xctoolchain/usr/bin/clang -v -E -dM -isysroot /Applications/Xcode.app/Contents/Developer/Platforms/iPhoneSimulator.platform/Developer/SDKs/iPhoneSimulator26.2.sdk -x c -c /dev/null

ExecuteExternalTool /Applications/Xcode.app/Contents/Developer/Toolchains/XcodeDefault.xctoolchain/usr/bin/clang -v -E -dM -arch arm64 -isysroot /Applications/Xcode.app/Contents/Developer/Platforms/iPhoneSimulator.platform/Developer/SDKs/iPhoneSimulator26.2.sdk -x c -c /dev/null

ExecuteExternalTool /Applications/Xcode.app/Contents/Developer/Toolchains/XcodeDefault.xctoolchain/usr/bin/ld -version_details

ExecuteExternalTool /Applications/Xcode.app/Contents/Developer/Toolchains/XcodeDefault.xctoolchain/usr/bin/clang -v -E -dM -arch arm64 -isysroot /Applications/Xcode.app/Contents/Developer/Platforms/iPhoneSimulator.platform/Developer/SDKs/iPhoneSimulator26.2.sdk -x c++ -c /dev/null

ExecuteExternalTool /Applications/Xcode.app/Contents/Developer/usr/bin/actool --print-asset-tag-combinations --output-format xml1 /Users/leonardofigueiredo/Projetos Mobile/ratio-ios/Ratio/Ratio/Assets.xcassets

ExecuteExternalTool /Applications/Xcode.app/Contents/Developer/usr/bin/actool --version --output-format xml1

ExecuteExternalTool /Applications/Xcode.app/Contents/Developer/Toolchains/XcodeDefault.xctoolchain/usr/bin/clang -v -E -dM -arch arm64 -isysroot /Applications/Xcode.app/Contents/Developer/Platforms/iPhoneSimulator.platform/Developer/SDKs/iPhoneSimulator26.2.sdk -x objective-c++ -c /dev/null

ExecuteExternalTool /Applications/Xcode.app/Contents/Developer/usr/bin/xcstringstool compile --dry-run --output-directory /Users/leonardofigueiredo/Library/Developer/Xcode/DerivedData/Ratio-dgukedwfifpyteflgeptozrgzmmp/Build/Intermediates.noindex/Ratio.build/Debug-iphonesimulator/Ratio.build /Users/leonardofigueiredo/Projetos Mobile/ratio-ios/Ratio/Ratio/Resources/Localizable.xcstrings

Build description signature: 8a312e6bde43fa8b5858546f37d2e3fe
Build description path: /Users/leonardofigueiredo/Library/Developer/Xcode/DerivedData/Ratio-dgukedwfifpyteflgeptozrgzmmp/Build/Intermediates.noindex/XCBuildData/8a312e6bde43fa8b5858546f37d2e3fe.xcbuilddata
ClangStatCache /Applications/Xcode.app/Contents/Developer/Toolchains/XcodeDefault.xctoolchain/usr/bin/clang-stat-cache /Applications/Xcode.app/Contents/Developer/Platforms/iPhoneSimulator.platform/Developer/SDKs/iPhoneSimulator26.2.sdk /Users/leonardofigueiredo/Library/Developer/Xcode/DerivedData/SDKStatCaches.noindex/iphonesimulator26.2-23C53-7d00a8b37fbd7999ea79df8ebc024bf0.sdkstatcache
    cd /Users/leonardofigueiredo/Projetos\ Mobile/ratio-ios/Ratio/Ratio.xcodeproj
    /Applications/Xcode.app/Contents/Developer/Toolchains/XcodeDefault.xctoolchain/usr/bin/clang-stat-cache /Applications/Xcode.app/Contents/Developer/Platforms/iPhoneSimulator.platform/Developer/SDKs/iPhoneSimulator26.2.sdk -o /Users/leonardofigueiredo/Library/Developer/Xcode/DerivedData/SDKStatCaches.noindex/iphonesimulator26.2-23C53-7d00a8b37fbd7999ea79df8ebc024bf0.sdkstatcache

ProcessInfoPlistFile /Users/leonardofigueiredo/Library/Developer/Xcode/DerivedData/Ratio-dgukedwfifpyteflgeptozrgzmmp/Build/Products/Debug-iphonesimulator/leveldb_leveldb.bundle/Info.plist /Users/leonardofigueiredo/Library/Developer/Xcode/DerivedData/Ratio-dgukedwfifpyteflgeptozrgzmmp/Build/Intermediates.noindex/leveldb.build/Debug-iphonesimulator/leveldb_leveldb.build/empty-leveldb_leveldb.plist (in target 'leveldb_leveldb' from project 'leveldb')
    cd /Users/leonardofigueiredo/Library/Developer/Xcode/DerivedData/Ratio-dgukedwfifpyteflgeptozrgzmmp/SourcePackages/checkouts/leveldb
    builtin-infoPlistUtility /Users/leonardofigueiredo/Library/Developer/Xcode/DerivedData/Ratio-dgukedwfifpyteflgeptozrgzmmp/Build/Intermediates.noindex/leveldb.build/Debug-iphonesimulator/leveldb_leveldb.build/empty-leveldb_leveldb.plist -producttype com.apple.product-type.bundle -expandbuildsettings -format binary -platform iphonesimulator -o /Users/leonardofigueiredo/Library/Developer/Xcode/DerivedData/Ratio-dgukedwfifpyteflgeptozrgzmmp/Build/Products/Debug-iphonesimulator/leveldb_leveldb.bundle/Info.plist

ProcessInfoPlistFile /Users/leonardofigueiredo/Library/Developer/Xcode/DerivedData/Ratio-dgukedwfifpyteflgeptozrgzmmp/Build/Products/Debug-iphonesimulator/nanopb_nanopb.bundle/Info.plist /Users/leonardofigueiredo/Library/Developer/Xcode/DerivedData/Ratio-dgukedwfifpyteflgeptozrgzmmp/Build/Intermediates.noindex/nanopb.build/Debug-iphonesimulator/nanopb_nanopb.build/empty-nanopb_nanopb.plist (in target 'nanopb_nanopb' from project 'nanopb')
    cd /Users/leonardofigueiredo/Library/Developer/Xcode/DerivedData/Ratio-dgukedwfifpyteflgeptozrgzmmp/SourcePackages/checkouts/nanopb
    builtin-infoPlistUtility /Users/leonardofigueiredo/Library/Developer/Xcode/DerivedData/Ratio-dgukedwfifpyteflgeptozrgzmmp/Build/Intermediates.noindex/nanopb.build/Debug-iphonesimulator/nanopb_nanopb.build/empty-nanopb_nanopb.plist -producttype com.apple.product-type.bundle -expandbuildsettings -format binary -platform iphonesimulator -o /Users/leonardofigueiredo/Library/Developer/Xcode/DerivedData/Ratio-dgukedwfifpyteflgeptozrgzmmp/Build/Products/Debug-iphonesimulator/nanopb_nanopb.bundle/Info.plist

ProcessInfoPlistFile /Users/leonardofigueiredo/Library/Developer/Xcode/DerivedData/Ratio-dgukedwfifpyteflgeptozrgzmmp/Build/Products/Debug-iphonesimulator/abseil_abslWrapper.bundle/Info.plist /Users/leonardofigueiredo/Library/Developer/Xcode/DerivedData/Ratio-dgukedwfifpyteflgeptozrgzmmp/Build/Intermediates.noindex/abseil.build/Debug-iphonesimulator/abseil_abslWrapper.build/empty-abseil_abslWrapper.plist (in target 'abseil_abslWrapper' from project 'abseil')
    cd /Users/leonardofigueiredo/Library/Developer/Xcode/DerivedData/Ratio-dgukedwfifpyteflgeptozrgzmmp/SourcePackages/checkouts/abseil-cpp-binary
    builtin-infoPlistUtility /Users/leonardofigueiredo/Library/Developer/Xcode/DerivedData/Ratio-dgukedwfifpyteflgeptozrgzmmp/Build/Intermediates.noindex/abseil.build/Debug-iphonesimulator/abseil_abslWrapper.build/empty-abseil_abslWrapper.plist -producttype com.apple.product-type.bundle -expandbuildsettings -format binary -platform iphonesimulator -o /Users/leonardofigueiredo/Library/Developer/Xcode/DerivedData/Ratio-dgukedwfifpyteflgeptozrgzmmp/Build/Products/Debug-iphonesimulator/abseil_abslWrapper.bundle/Info.plist

ProcessInfoPlistFile /Users/leonardofigueiredo/Library/Developer/Xcode/DerivedData/Ratio-dgukedwfifpyteflgeptozrgzmmp/Build/Products/Debug-iphonesimulator/gRPC_opensslWrapper.bundle/Info.plist /Users/leonardofigueiredo/Library/Developer/Xcode/DerivedData/Ratio-dgukedwfifpyteflgeptozrgzmmp/Build/Intermediates.noindex/gRPC.build/Debug-iphonesimulator/gRPC_opensslWrapper.build/empty-gRPC_opensslWrapper.plist (in target 'gRPC_opensslWrapper' from project 'gRPC')
    cd /Users/leonardofigueiredo/Library/Developer/Xcode/DerivedData/Ratio-dgukedwfifpyteflgeptozrgzmmp/SourcePackages/checkouts/grpc-binary
    builtin-infoPlistUtility /Users/leonardofigueiredo/Library/Developer/Xcode/DerivedData/Ratio-dgukedwfifpyteflgeptozrgzmmp/Build/Intermediates.noindex/gRPC.build/Debug-iphonesimulator/gRPC_opensslWrapper.build/empty-gRPC_opensslWrapper.plist -producttype com.apple.product-type.bundle -expandbuildsettings -format binary -platform iphonesimulator -o /Users/leonardofigueiredo/Library/Developer/Xcode/DerivedData/Ratio-dgukedwfifpyteflgeptozrgzmmp/Build/Products/Debug-iphonesimulator/gRPC_opensslWrapper.bundle/Info.plist

ProcessInfoPlistFile /Users/leonardofigueiredo/Library/Developer/Xcode/DerivedData/Ratio-dgukedwfifpyteflgeptozrgzmmp/Build/Products/Debug-iphonesimulator/gRPC_grpcppWrapper.bundle/Info.plist /Users/leonardofigueiredo/Library/Developer/Xcode/DerivedData/Ratio-dgukedwfifpyteflgeptozrgzmmp/Build/Intermediates.noindex/gRPC.build/Debug-iphonesimulator/gRPC_grpcppWrapper.build/empty-gRPC_grpcppWrapper.plist (in target 'gRPC_grpcppWrapper' from project 'gRPC')
    cd /Users/leonardofigueiredo/Library/Developer/Xcode/DerivedData/Ratio-dgukedwfifpyteflgeptozrgzmmp/SourcePackages/checkouts/grpc-binary
    builtin-infoPlistUtility /Users/leonardofigueiredo/Library/Developer/Xcode/DerivedData/Ratio-dgukedwfifpyteflgeptozrgzmmp/Build/Intermediates.noindex/gRPC.build/Debug-iphonesimulator/gRPC_grpcppWrapper.build/empty-gRPC_grpcppWrapper.plist -producttype com.apple.product-type.bundle -expandbuildsettings -format binary -platform iphonesimulator -o /Users/leonardofigueiredo/Library/Developer/Xcode/DerivedData/Ratio-dgukedwfifpyteflgeptozrgzmmp/Build/Products/Debug-iphonesimulator/gRPC_grpcppWrapper.bundle/Info.plist

ProcessInfoPlistFile /Users/leonardofigueiredo/Library/Developer/Xcode/DerivedData/Ratio-dgukedwfifpyteflgeptozrgzmmp/Build/Products/Debug-iphonesimulator/Promises_Promises.bundle/Info.plist /Users/leonardofigueiredo/Library/Developer/Xcode/DerivedData/Ratio-dgukedwfifpyteflgeptozrgzmmp/Build/Intermediates.noindex/Promises.build/Debug-iphonesimulator/Promises_Promises.build/empty-Promises_Promises.plist (in target 'Promises_Promises' from project 'Promises')
    cd /Users/leonardofigueiredo/Library/Developer/Xcode/DerivedData/Ratio-dgukedwfifpyteflgeptozrgzmmp/SourcePackages/checkouts/promises
    builtin-infoPlistUtility /Users/leonardofigueiredo/Library/Developer/Xcode/DerivedData/Ratio-dgukedwfifpyteflgeptozrgzmmp/Build/Intermediates.noindex/Promises.build/Debug-iphonesimulator/Promises_Promises.build/empty-Promises_Promises.plist -producttype com.apple.product-type.bundle -expandbuildsettings -format binary -platform iphonesimulator -o /Users/leonardofigueiredo/Library/Developer/Xcode/DerivedData/Ratio-dgukedwfifpyteflgeptozrgzmmp/Build/Products/Debug-iphonesimulator/Promises_Promises.bundle/Info.plist

ProcessInfoPlistFile /Users/leonardofigueiredo/Library/Developer/Xcode/DerivedData/Ratio-dgukedwfifpyteflgeptozrgzmmp/Build/Products/Debug-iphonesimulator/Promises_FBLPromises.bundle/Info.plist /Users/leonardofigueiredo/Library/Developer/Xcode/DerivedData/Ratio-dgukedwfifpyteflgeptozrgzmmp/Build/Intermediates.noindex/Promises.build/Debug-iphonesimulator/Promises_FBLPromises.build/empty-Promises_FBLPromises.plist (in target 'Promises_FBLPromises' from project 'Promises')
    cd /Users/leonardofigueiredo/Library/Developer/Xcode/DerivedData/Ratio-dgukedwfifpyteflgeptozrgzmmp/SourcePackages/checkouts/promises
    builtin-infoPlistUtility /Users/leonardofigueiredo/Library/Developer/Xcode/DerivedData/Ratio-dgukedwfifpyteflgeptozrgzmmp/Build/Intermediates.noindex/Promises.build/Debug-iphonesimulator/Promises_FBLPromises.build/empty-Promises_FBLPromises.plist -producttype com.apple.product-type.bundle -expandbuildsettings -format binary -platform iphonesimulator -o /Users/leonardofigueiredo/Library/Developer/Xcode/DerivedData/Ratio-dgukedwfifpyteflgeptozrgzmmp/Build/Products/Debug-iphonesimulator/Promises_FBLPromises.bundle/Info.plist

ProcessInfoPlistFile /Users/leonardofigueiredo/Library/Developer/Xcode/DerivedData/Ratio-dgukedwfifpyteflgeptozrgzmmp/Build/Products/Debug-iphonesimulator/GoogleUtilities_GoogleUtilities-UserDefaults.bundle/Info.plist /Users/leonardofigueiredo/Library/Developer/Xcode/DerivedData/Ratio-dgukedwfifpyteflgeptozrgzmmp/Build/Intermediates.noindex/GoogleUtilities.build/Debug-iphonesimulator/GoogleUtilities_GoogleUtilities-UserDefaults.build/empty-GoogleUtilities_GoogleUtilities-UserDefaults.plist (in target 'GoogleUtilities_GoogleUtilities-UserDefaults' from project 'GoogleUtilities')
    cd /Users/leonardofigueiredo/Library/Developer/Xcode/DerivedData/Ratio-dgukedwfifpyteflgeptozrgzmmp/SourcePackages/checkouts/GoogleUtilities
    builtin-infoPlistUtility /Users/leonardofigueiredo/Library/Developer/Xcode/DerivedData/Ratio-dgukedwfifpyteflgeptozrgzmmp/Build/Intermediates.noindex/GoogleUtilities.build/Debug-iphonesimulator/GoogleUtilities_GoogleUtilities-UserDefaults.build/empty-GoogleUtilities_GoogleUtilities-UserDefaults.plist -producttype com.apple.product-type.bundle -expandbuildsettings -format binary -platform iphonesimulator -o /Users/leonardofigueiredo/Library/Developer/Xcode/DerivedData/Ratio-dgukedwfifpyteflgeptozrgzmmp/Build/Products/Debug-iphonesimulator/GoogleUtilities_GoogleUtilities-UserDefaults.bundle/Info.plist

ProcessInfoPlistFile /Users/leonardofigueiredo/Library/Developer/Xcode/DerivedData/Ratio-dgukedwfifpyteflgeptozrgzmmp/Build/Products/Debug-iphonesimulator/gRPC_grpcWrapper.bundle/Info.plist /Users/leonardofigueiredo/Library/Developer/Xcode/DerivedData/Ratio-dgukedwfifpyteflgeptozrgzmmp/Build/Intermediates.noindex/gRPC.build/Debug-iphonesimulator/gRPC_grpcWrapper.build/empty-gRPC_grpcWrapper.plist (in target 'gRPC_grpcWrapper' from project 'gRPC')
    cd /Users/leonardofigueiredo/Library/Developer/Xcode/DerivedData/Ratio-dgukedwfifpyteflgeptozrgzmmp/SourcePackages/checkouts/grpc-binary
    builtin-infoPlistUtility /Users/leonardofigueiredo/Library/Developer/Xcode/DerivedData/Ratio-dgukedwfifpyteflgeptozrgzmmp/Build/Intermediates.noindex/gRPC.build/Debug-iphonesimulator/gRPC_grpcWrapper.build/empty-gRPC_grpcWrapper.plist -producttype com.apple.product-type.bundle -expandbuildsettings -format binary -platform iphonesimulator -o /Users/leonardofigueiredo/Library/Developer/Xcode/DerivedData/Ratio-dgukedwfifpyteflgeptozrgzmmp/Build/Products/Debug-iphonesimulator/gRPC_grpcWrapper.bundle/Info.plist

ProcessInfoPlistFile /Users/leonardofigueiredo/Library/Developer/Xcode/DerivedData/Ratio-dgukedwfifpyteflgeptozrgzmmp/Build/Products/Debug-iphonesimulator/GoogleUtilities_GoogleUtilities-Reachability.bundle/Info.plist /Users/leonardofigueiredo/Library/Developer/Xcode/DerivedData/Ratio-dgukedwfifpyteflgeptozrgzmmp/Build/Intermediates.noindex/GoogleUtilities.build/Debug-iphonesimulator/GoogleUtilities_GoogleUtilities-Reachability.build/empty-GoogleUtilities_GoogleUtilities-Reachability.plist (in target 'GoogleUtilities_GoogleUtilities-Reachability' from project 'GoogleUtilities')
    cd /Users/leonardofigueiredo/Library/Developer/Xcode/DerivedData/Ratio-dgukedwfifpyteflgeptozrgzmmp/SourcePackages/checkouts/GoogleUtilities
    builtin-infoPlistUtility /Users/leonardofigueiredo/Library/Developer/Xcode/DerivedData/Ratio-dgukedwfifpyteflgeptozrgzmmp/Build/Intermediates.noindex/GoogleUtilities.build/Debug-iphonesimulator/GoogleUtilities_GoogleUtilities-Reachability.build/empty-GoogleUtilities_GoogleUtilities-Reachability.plist -producttype com.apple.product-type.bundle -expandbuildsettings -format binary -platform iphonesimulator -o /Users/leonardofigueiredo/Library/Developer/Xcode/DerivedData/Ratio-dgukedwfifpyteflgeptozrgzmmp/Build/Products/Debug-iphonesimulator/GoogleUtilities_GoogleUtilities-Reachability.bundle/Info.plist

ProcessInfoPlistFile /Users/leonardofigueiredo/Library/Developer/Xcode/DerivedData/Ratio-dgukedwfifpyteflgeptozrgzmmp/Build/Products/Debug-iphonesimulator/GoogleUtilities_GoogleUtilities-Network.bundle/Info.plist /Users/leonardofigueiredo/Library/Developer/Xcode/DerivedData/Ratio-dgukedwfifpyteflgeptozrgzmmp/Build/Intermediates.noindex/GoogleUtilities.build/Debug-iphonesimulator/GoogleUtilities_GoogleUtilities-Network.build/empty-GoogleUtilities_GoogleUtilities-Network.plist (in target 'GoogleUtilities_GoogleUtilities-Network' from project 'GoogleUtilities')
    cd /Users/leonardofigueiredo/Library/Developer/Xcode/DerivedData/Ratio-dgukedwfifpyteflgeptozrgzmmp/SourcePackages/checkouts/GoogleUtilities
    builtin-infoPlistUtility /Users/leonardofigueiredo/Library/Developer/Xcode/DerivedData/Ratio-dgukedwfifpyteflgeptozrgzmmp/Build/Intermediates.noindex/GoogleUtilities.build/Debug-iphonesimulator/GoogleUtilities_GoogleUtilities-Network.build/empty-GoogleUtilities_GoogleUtilities-Network.plist -producttype com.apple.product-type.bundle -expandbuildsettings -format binary -platform iphonesimulator -o /Users/leonardofigueiredo/Library/Developer/Xcode/DerivedData/Ratio-dgukedwfifpyteflgeptozrgzmmp/Build/Products/Debug-iphonesimulator/GoogleUtilities_GoogleUtilities-Network.bundle/Info.plist

ProcessInfoPlistFile /Users/leonardofigueiredo/Library/Developer/Xcode/DerivedData/Ratio-dgukedwfifpyteflgeptozrgzmmp/Build/Products/Debug-iphonesimulator/GoogleUtilities_GoogleUtilities-NSData.bundle/Info.plist /Users/leonardofigueiredo/Library/Developer/Xcode/DerivedData/Ratio-dgukedwfifpyteflgeptozrgzmmp/Build/Intermediates.noindex/GoogleUtilities.build/Debug-iphonesimulator/GoogleUtilities_GoogleUtilities-NSData.build/empty-GoogleUtilities_GoogleUtilities-NSData.plist (in target 'GoogleUtilities_GoogleUtilities-NSData' from project 'GoogleUtilities')
    cd /Users/leonardofigueiredo/Library/Developer/Xcode/DerivedData/Ratio-dgukedwfifpyteflgeptozrgzmmp/SourcePackages/checkouts/GoogleUtilities
    builtin-infoPlistUtility /Users/leonardofigueiredo/Library/Developer/Xcode/DerivedData/Ratio-dgukedwfifpyteflgeptozrgzmmp/Build/Intermediates.noindex/GoogleUtilities.build/Debug-iphonesimulator/GoogleUtilities_GoogleUtilities-NSData.build/empty-GoogleUtilities_GoogleUtilities-NSData.plist -producttype com.apple.product-type.bundle -expandbuildsettings -format binary -platform iphonesimulator -o /Users/leonardofigueiredo/Library/Developer/Xcode/DerivedData/Ratio-dgukedwfifpyteflgeptozrgzmmp/Build/Products/Debug-iphonesimulator/GoogleUtilities_GoogleUtilities-NSData.bundle/Info.plist

ProcessInfoPlistFile /Users/leonardofigueiredo/Library/Developer/Xcode/DerivedData/Ratio-dgukedwfifpyteflgeptozrgzmmp/Build/Products/Debug-iphonesimulator/GoogleUtilities_GoogleUtilities-MethodSwizzler.bundle/Info.plist /Users/leonardofigueiredo/Library/Developer/Xcode/DerivedData/Ratio-dgukedwfifpyteflgeptozrgzmmp/Build/Intermediates.noindex/GoogleUtilities.build/Debug-iphonesimulator/GoogleUtilities_GoogleUtilities-MethodSwizzler.build/empty-GoogleUtilities_GoogleUtilities-MethodSwizzler.plist (in target 'GoogleUtilities_GoogleUtilities-MethodSwizzler' from project 'GoogleUtilities')
    cd /Users/leonardofigueiredo/Library/Developer/Xcode/DerivedData/Ratio-dgukedwfifpyteflgeptozrgzmmp/SourcePackages/checkouts/GoogleUtilities
    builtin-infoPlistUtility /Users/leonardofigueiredo/Library/Developer/Xcode/DerivedData/Ratio-dgukedwfifpyteflgeptozrgzmmp/Build/Intermediates.noindex/GoogleUtilities.build/Debug-iphonesimulator/GoogleUtilities_GoogleUtilities-MethodSwizzler.build/empty-GoogleUtilities_GoogleUtilities-MethodSwizzler.plist -producttype com.apple.product-type.bundle -expandbuildsettings -format binary -platform iphonesimulator -o /Users/leonardofigueiredo/Library/Developer/Xcode/DerivedData/Ratio-dgukedwfifpyteflgeptozrgzmmp/Build/Products/Debug-iphonesimulator/GoogleUtilities_GoogleUtilities-MethodSwizzler.bundle/Info.plist

ProcessInfoPlistFile /Users/leonardofigueiredo/Library/Developer/Xcode/DerivedData/Ratio-dgukedwfifpyteflgeptozrgzmmp/Build/Products/Debug-iphonesimulator/GoogleUtilities_GoogleUtilities-Logger.bundle/Info.plist /Users/leonardofigueiredo/Library/Developer/Xcode/DerivedData/Ratio-dgukedwfifpyteflgeptozrgzmmp/Build/Intermediates.noindex/GoogleUtilities.build/Debug-iphonesimulator/GoogleUtilities_GoogleUtilities-Logger.build/empty-GoogleUtilities_GoogleUtilities-Logger.plist (in target 'GoogleUtilities_GoogleUtilities-Logger' from project 'GoogleUtilities')
    cd /Users/leonardofigueiredo/Library/Developer/Xcode/DerivedData/Ratio-dgukedwfifpyteflgeptozrgzmmp/SourcePackages/checkouts/GoogleUtilities
    builtin-infoPlistUtility /Users/leonardofigueiredo/Library/Developer/Xcode/DerivedData/Ratio-dgukedwfifpyteflgeptozrgzmmp/Build/Intermediates.noindex/GoogleUtilities.build/Debug-iphonesimulator/GoogleUtilities_GoogleUtilities-Logger.build/empty-GoogleUtilities_GoogleUtilities-Logger.plist -producttype com.apple.product-type.bundle -expandbuildsettings -format binary -platform iphonesimulator -o /Users/leonardofigueiredo/Library/Developer/Xcode/DerivedData/Ratio-dgukedwfifpyteflgeptozrgzmmp/Build/Products/Debug-iphonesimulator/GoogleUtilities_GoogleUtilities-Logger.bundle/Info.plist

ProcessInfoPlistFile /Users/leonardofigueiredo/Library/Developer/Xcode/DerivedData/Ratio-dgukedwfifpyteflgeptozrgzmmp/Build/Products/Debug-iphonesimulator/GoogleUtilities_GoogleUtilities-Environment.bundle/Info.plist /Users/leonardofigueiredo/Library/Developer/Xcode/DerivedData/Ratio-dgukedwfifpyteflgeptozrgzmmp/Build/Intermediates.noindex/GoogleUtilities.build/Debug-iphonesimulator/GoogleUtilities_GoogleUtilities-Environment.build/empty-GoogleUtilities_GoogleUtilities-Environment.plist (in target 'GoogleUtilities_GoogleUtilities-Environment' from project 'GoogleUtilities')
    cd /Users/leonardofigueiredo/Library/Developer/Xcode/DerivedData/Ratio-dgukedwfifpyteflgeptozrgzmmp/SourcePackages/checkouts/GoogleUtilities
    builtin-infoPlistUtility /Users/leonardofigueiredo/Library/Developer/Xcode/DerivedData/Ratio-dgukedwfifpyteflgeptozrgzmmp/Build/Intermediates.noindex/GoogleUtilities.build/Debug-iphonesimulator/GoogleUtilities_GoogleUtilities-Environment.build/empty-GoogleUtilities_GoogleUtilities-Environment.plist -producttype com.apple.product-type.bundle -expandbuildsettings -format binary -platform iphonesimulator -o /Users/leonardofigueiredo/Library/Developer/Xcode/DerivedData/Ratio-dgukedwfifpyteflgeptozrgzmmp/Build/Products/Debug-iphonesimulator/GoogleUtilities_GoogleUtilities-Environment.bundle/Info.plist

ProcessInfoPlistFile /Users/leonardofigueiredo/Library/Developer/Xcode/DerivedData/Ratio-dgukedwfifpyteflgeptozrgzmmp/Build/Products/Debug-iphonesimulator/GoogleUtilities_GoogleUtilities-AppDelegateSwizzler.bundle/Info.plist /Users/leonardofigueiredo/Library/Developer/Xcode/DerivedData/Ratio-dgukedwfifpyteflgeptozrgzmmp/Build/Intermediates.noindex/GoogleUtilities.build/Debug-iphonesimulator/GoogleUtilities_GoogleUtilities-AppDelegateSwizzler.build/empty-GoogleUtilities_GoogleUtilities-AppDelegateSwizzler.plist (in target 'GoogleUtilities_GoogleUtilities-AppDelegateSwizzler' from project 'GoogleUtilities')
    cd /Users/leonardofigueiredo/Library/Developer/Xcode/DerivedData/Ratio-dgukedwfifpyteflgeptozrgzmmp/SourcePackages/checkouts/GoogleUtilities
    builtin-infoPlistUtility /Users/leonardofigueiredo/Library/Developer/Xcode/DerivedData/Ratio-dgukedwfifpyteflgeptozrgzmmp/Build/Intermediates.noindex/GoogleUtilities.build/Debug-iphonesimulator/GoogleUtilities_GoogleUtilities-AppDelegateSwizzler.build/empty-GoogleUtilities_GoogleUtilities-AppDelegateSwizzler.plist -producttype com.apple.product-type.bundle -expandbuildsettings -format binary -platform iphonesimulator -o /Users/leonardofigueiredo/Library/Developer/Xcode/DerivedData/Ratio-dgukedwfifpyteflgeptozrgzmmp/Build/Products/Debug-iphonesimulator/GoogleUtilities_GoogleUtilities-AppDelegateSwizzler.bundle/Info.plist

ProcessInfoPlistFile /Users/leonardofigueiredo/Library/Developer/Xcode/DerivedData/Ratio-dgukedwfifpyteflgeptozrgzmmp/Build/Products/Debug-iphonesimulator/GoogleDataTransport_GoogleDataTransport.bundle/Info.plist /Users/leonardofigueiredo/Library/Developer/Xcode/DerivedData/Ratio-dgukedwfifpyteflgeptozrgzmmp/Build/Intermediates.noindex/GoogleDataTransport.build/Debug-iphonesimulator/GoogleDataTransport_GoogleDataTransport.build/empty-GoogleDataTransport_GoogleDataTransport.plist (in target 'GoogleDataTransport_GoogleDataTransport' from project 'GoogleDataTransport')
    cd /Users/leonardofigueiredo/Library/Developer/Xcode/DerivedData/Ratio-dgukedwfifpyteflgeptozrgzmmp/SourcePackages/checkouts/GoogleDataTransport
    builtin-infoPlistUtility /Users/leonardofigueiredo/Library/Developer/Xcode/DerivedData/Ratio-dgukedwfifpyteflgeptozrgzmmp/Build/Intermediates.noindex/GoogleDataTransport.build/Debug-iphonesimulator/GoogleDataTransport_GoogleDataTransport.build/empty-GoogleDataTransport_GoogleDataTransport.plist -producttype com.apple.product-type.bundle -expandbuildsettings -format binary -platform iphonesimulator -o /Users/leonardofigueiredo/Library/Developer/Xcode/DerivedData/Ratio-dgukedwfifpyteflgeptozrgzmmp/Build/Products/Debug-iphonesimulator/GoogleDataTransport_GoogleDataTransport.bundle/Info.plist

ProcessInfoPlistFile /Users/leonardofigueiredo/Library/Developer/Xcode/DerivedData/Ratio-dgukedwfifpyteflgeptozrgzmmp/Build/Products/Debug-iphonesimulator/GTMSessionFetcher_GTMSessionFetcherCore.bundle/Info.plist /Users/leonardofigueiredo/Library/Developer/Xcode/DerivedData/Ratio-dgukedwfifpyteflgeptozrgzmmp/Build/Intermediates.noindex/GTMSessionFetcher.build/Debug-iphonesimulator/GTMSessionFetcher_GTMSessionFetcherCore.build/empty-GTMSessionFetcher_GTMSessionFetcherCore.plist (in target 'GTMSessionFetcher_GTMSessionFetcherCore' from project 'GTMSessionFetcher')
    cd /Users/leonardofigueiredo/Library/Developer/Xcode/DerivedData/Ratio-dgukedwfifpyteflgeptozrgzmmp/SourcePackages/checkouts/gtm-session-fetcher
    builtin-infoPlistUtility /Users/leonardofigueiredo/Library/Developer/Xcode/DerivedData/Ratio-dgukedwfifpyteflgeptozrgzmmp/Build/Intermediates.noindex/GTMSessionFetcher.build/Debug-iphonesimulator/GTMSessionFetcher_GTMSessionFetcherCore.build/empty-GTMSessionFetcher_GTMSessionFetcherCore.plist -producttype com.apple.product-type.bundle -expandbuildsettings -format binary -platform iphonesimulator -o /Users/leonardofigueiredo/Library/Developer/Xcode/DerivedData/Ratio-dgukedwfifpyteflgeptozrgzmmp/Build/Products/Debug-iphonesimulator/GTMSessionFetcher_GTMSessionFetcherCore.bundle/Info.plist

ProcessInfoPlistFile /Users/leonardofigueiredo/Library/Developer/Xcode/DerivedData/Ratio-dgukedwfifpyteflgeptozrgzmmp/Build/Products/Debug-iphonesimulator/Firebase_FirebaseMessaging.bundle/Info.plist /Users/leonardofigueiredo/Library/Developer/Xcode/DerivedData/Ratio-dgukedwfifpyteflgeptozrgzmmp/Build/Intermediates.noindex/Firebase.build/Debug-iphonesimulator/Firebase_FirebaseMessaging.build/empty-Firebase_FirebaseMessaging.plist (in target 'Firebase_FirebaseMessaging' from project 'Firebase')
    cd /Users/leonardofigueiredo/Library/Developer/Xcode/DerivedData/Ratio-dgukedwfifpyteflgeptozrgzmmp/SourcePackages/checkouts/firebase-ios-sdk
    builtin-infoPlistUtility /Users/leonardofigueiredo/Library/Developer/Xcode/DerivedData/Ratio-dgukedwfifpyteflgeptozrgzmmp/Build/Intermediates.noindex/Firebase.build/Debug-iphonesimulator/Firebase_FirebaseMessaging.build/empty-Firebase_FirebaseMessaging.plist -producttype com.apple.product-type.bundle -expandbuildsettings -format binary -platform iphonesimulator -o /Users/leonardofigueiredo/Library/Developer/Xcode/DerivedData/Ratio-dgukedwfifpyteflgeptozrgzmmp/Build/Products/Debug-iphonesimulator/Firebase_FirebaseMessaging.bundle/Info.plist

ProcessInfoPlistFile /Users/leonardofigueiredo/Library/Developer/Xcode/DerivedData/Ratio-dgukedwfifpyteflgeptozrgzmmp/Build/Products/Debug-iphonesimulator/Firebase_FirebaseInstallations.bundle/Info.plist /Users/leonardofigueiredo/Library/Developer/Xcode/DerivedData/Ratio-dgukedwfifpyteflgeptozrgzmmp/Build/Intermediates.noindex/Firebase.build/Debug-iphonesimulator/Firebase_FirebaseInstallations.build/empty-Firebase_FirebaseInstallations.plist (in target 'Firebase_FirebaseInstallations' from project 'Firebase')
    cd /Users/leonardofigueiredo/Library/Developer/Xcode/DerivedData/Ratio-dgukedwfifpyteflgeptozrgzmmp/SourcePackages/checkouts/firebase-ios-sdk
    builtin-infoPlistUtility /Users/leonardofigueiredo/Library/Developer/Xcode/DerivedData/Ratio-dgukedwfifpyteflgeptozrgzmmp/Build/Intermediates.noindex/Firebase.build/Debug-iphonesimulator/Firebase_FirebaseInstallations.build/empty-Firebase_FirebaseInstallations.plist -producttype com.apple.product-type.bundle -expandbuildsettings -format binary -platform iphonesimulator -o /Users/leonardofigueiredo/Library/Developer/Xcode/DerivedData/Ratio-dgukedwfifpyteflgeptozrgzmmp/Build/Products/Debug-iphonesimulator/Firebase_FirebaseInstallations.bundle/Info.plist

ProcessInfoPlistFile /Users/leonardofigueiredo/Library/Developer/Xcode/DerivedData/Ratio-dgukedwfifpyteflgeptozrgzmmp/Build/Products/Debug-iphonesimulator/Firebase_FirebaseFirestore.bundle/Info.plist /Users/leonardofigueiredo/Library/Developer/Xcode/DerivedData/Ratio-dgukedwfifpyteflgeptozrgzmmp/Build/Intermediates.noindex/Firebase.build/Debug-iphonesimulator/Firebase_FirebaseFirestore.build/empty-Firebase_FirebaseFirestore.plist (in target 'Firebase_FirebaseFirestore' from project 'Firebase')
    cd /Users/leonardofigueiredo/Library/Developer/Xcode/DerivedData/Ratio-dgukedwfifpyteflgeptozrgzmmp/SourcePackages/checkouts/firebase-ios-sdk
    builtin-infoPlistUtility /Users/leonardofigueiredo/Library/Developer/Xcode/DerivedData/Ratio-dgukedwfifpyteflgeptozrgzmmp/Build/Intermediates.noindex/Firebase.build/Debug-iphonesimulator/Firebase_FirebaseFirestore.build/empty-Firebase_FirebaseFirestore.plist -producttype com.apple.product-type.bundle -expandbuildsettings -format binary -platform iphonesimulator -o /Users/leonardofigueiredo/Library/Developer/Xcode/DerivedData/Ratio-dgukedwfifpyteflgeptozrgzmmp/Build/Products/Debug-iphonesimulator/Firebase_FirebaseFirestore.bundle/Info.plist

ProcessInfoPlistFile /Users/leonardofigueiredo/Library/Developer/Xcode/DerivedData/Ratio-dgukedwfifpyteflgeptozrgzmmp/Build/Products/Debug-iphonesimulator/Firebase_FirebaseCrashlytics.bundle/Info.plist /Users/leonardofigueiredo/Library/Developer/Xcode/DerivedData/Ratio-dgukedwfifpyteflgeptozrgzmmp/Build/Intermediates.noindex/Firebase.build/Debug-iphonesimulator/Firebase_FirebaseCrashlytics.build/empty-Firebase_FirebaseCrashlytics.plist (in target 'Firebase_FirebaseCrashlytics' from project 'Firebase')
    cd /Users/leonardofigueiredo/Library/Developer/Xcode/DerivedData/Ratio-dgukedwfifpyteflgeptozrgzmmp/SourcePackages/checkouts/firebase-ios-sdk
    builtin-infoPlistUtility /Users/leonardofigueiredo/Library/Developer/Xcode/DerivedData/Ratio-dgukedwfifpyteflgeptozrgzmmp/Build/Intermediates.noindex/Firebase.build/Debug-iphonesimulator/Firebase_FirebaseCrashlytics.build/empty-Firebase_FirebaseCrashlytics.plist -producttype com.apple.product-type.bundle -expandbuildsettings -format binary -platform iphonesimulator -o /Users/leonardofigueiredo/Library/Developer/Xcode/DerivedData/Ratio-dgukedwfifpyteflgeptozrgzmmp/Build/Products/Debug-iphonesimulator/Firebase_FirebaseCrashlytics.bundle/Info.plist

ProcessInfoPlistFile /Users/leonardofigueiredo/Library/Developer/Xcode/DerivedData/Ratio-dgukedwfifpyteflgeptozrgzmmp/Build/Products/Debug-iphonesimulator/Firebase_FirebaseCrashlyticsSwift.bundle/Info.plist /Users/leonardofigueiredo/Library/Developer/Xcode/DerivedData/Ratio-dgukedwfifpyteflgeptozrgzmmp/Build/Intermediates.noindex/Firebase.build/Debug-iphonesimulator/Firebase_FirebaseCrashlyticsSwift.build/empty-Firebase_FirebaseCrashlyticsSwift.plist (in target 'Firebase_FirebaseCrashlyticsSwift' from project 'Firebase')
    cd /Users/leonardofigueiredo/Library/Developer/Xcode/DerivedData/Ratio-dgukedwfifpyteflgeptozrgzmmp/SourcePackages/checkouts/firebase-ios-sdk
    builtin-infoPlistUtility /Users/leonardofigueiredo/Library/Developer/Xcode/DerivedData/Ratio-dgukedwfifpyteflgeptozrgzmmp/Build/Intermediates.noindex/Firebase.build/Debug-iphonesimulator/Firebase_FirebaseCrashlyticsSwift.build/empty-Firebase_FirebaseCrashlyticsSwift.plist -producttype com.apple.product-type.bundle -expandbuildsettings -format binary -platform iphonesimulator -o /Users/leonardofigueiredo/Library/Developer/Xcode/DerivedData/Ratio-dgukedwfifpyteflgeptozrgzmmp/Build/Products/Debug-iphonesimulator/Firebase_FirebaseCrashlyticsSwift.bundle/Info.plist

ProcessInfoPlistFile /Users/leonardofigueiredo/Library/Developer/Xcode/DerivedData/Ratio-dgukedwfifpyteflgeptozrgzmmp/Build/Products/Debug-iphonesimulator/Firebase_FirebaseCoreInternal.bundle/Info.plist /Users/leonardofigueiredo/Library/Developer/Xcode/DerivedData/Ratio-dgukedwfifpyteflgeptozrgzmmp/Build/Intermediates.noindex/Firebase.build/Debug-iphonesimulator/Firebase_FirebaseCoreInternal.build/empty-Firebase_FirebaseCoreInternal.plist (in target 'Firebase_FirebaseCoreInternal' from project 'Firebase')
    cd /Users/leonardofigueiredo/Library/Developer/Xcode/DerivedData/Ratio-dgukedwfifpyteflgeptozrgzmmp/SourcePackages/checkouts/firebase-ios-sdk
    builtin-infoPlistUtility /Users/leonardofigueiredo/Library/Developer/Xcode/DerivedData/Ratio-dgukedwfifpyteflgeptozrgzmmp/Build/Intermediates.noindex/Firebase.build/Debug-iphonesimulator/Firebase_FirebaseCoreInternal.build/empty-Firebase_FirebaseCoreInternal.plist -producttype com.apple.product-type.bundle -expandbuildsettings -format binary -platform iphonesimulator -o /Users/leonardofigueiredo/Library/Developer/Xcode/DerivedData/Ratio-dgukedwfifpyteflgeptozrgzmmp/Build/Products/Debug-iphonesimulator/Firebase_FirebaseCoreInternal.bundle/Info.plist

CompileXCStrings /Users/leonardofigueiredo/Library/Developer/Xcode/DerivedData/Ratio-dgukedwfifpyteflgeptozrgzmmp/Build/Intermediates.noindex/Ratio.build/Debug-iphonesimulator/Ratio.build/ /Users/leonardofigueiredo/Projetos\ Mobile/ratio-ios/Ratio/Ratio/Resources/Localizable.xcstrings (in target 'Ratio' from project 'Ratio')
    cd /Users/leonardofigueiredo/Projetos\ Mobile/ratio-ios/Ratio
    /Applications/Xcode.app/Contents/Developer/usr/bin/xcstringstool compile --output-directory /Users/leonardofigueiredo/Library/Developer/Xcode/DerivedData/Ratio-dgukedwfifpyteflgeptozrgzmmp/Build/Intermediates.noindex/Ratio.build/Debug-iphonesimulator/Ratio.build /Users/leonardofigueiredo/Projetos\ Mobile/ratio-ios/Ratio/Ratio/Resources/Localizable.xcstrings

SwiftDriver Ratio normal arm64 com.apple.xcode.tools.swift.compiler (in target 'Ratio' from project 'Ratio')
    cd /Users/leonardofigueiredo/Projetos\ Mobile/ratio-ios/Ratio
    builtin-SwiftDriver -- /Applications/Xcode.app/Contents/Developer/Toolchains/XcodeDefault.xctoolchain/usr/bin/swiftc -module-name Ratio -Onone -enforce-exclusivity\=checked @/Users/leonardofigueiredo/Library/Developer/Xcode/DerivedData/Ratio-dgukedwfifpyteflgeptozrgzmmp/Build/Intermediates.noindex/Ratio.build/Debug-iphonesimulator/Ratio.build/Objects-normal/arm64/Ratio.SwiftFileList -DDEBUG -Xcc -fmodule-map-file\=/Users/leonardofigueiredo/Library/Developer/Xcode/DerivedData/Ratio-dgukedwfifpyteflgeptozrgzmmp/Build/Intermediates.noindex/GeneratedModuleMaps-iphonesimulator/FirebasePerformance.modulemap -Xcc -fmodule-map-file\=/Users/leonardofigueiredo/Library/Developer/Xcode/DerivedData/Ratio-dgukedwfifpyteflgeptozrgzmmp/Build/Intermediates.noindex/GeneratedModuleMaps-iphonesimulator/FirebaseRemoteConfigInternal.modulemap -Xcc -fmodule-map-file\=/Users/leonardofigueiredo/Library/Developer/Xcode/DerivedData/Ratio-dgukedwfifpyteflgeptozrgzmmp/Build/Intermediates.noindex/GeneratedModuleMaps-iphonesimulator/FirebaseABTesting.modulemap -Xcc -fmodule-map-file\=/Users/leonardofigueiredo/Library/Developer/Xcode/DerivedData/Ratio-dgukedwfifpyteflgeptozrgzmmp/Build/Intermediates.noindex/GeneratedModuleMaps-iphonesimulator/FirebasePerformanceTarget.modulemap -Xcc -fmodule-map-file\=/Users/leonardofigueiredo/Library/Developer/Xcode/DerivedData/Ratio-dgukedwfifpyteflgeptozrgzmmp/Build/Intermediates.noindex/GeneratedModuleMaps-iphonesimulator/FirebaseMessaging.modulemap -Xcc -fmodule-map-file\=/Users/leonardofigueiredo/Library/Developer/Xcode/DerivedData/Ratio-dgukedwfifpyteflgeptozrgzmmp/Build/Intermediates.noindex/GeneratedModuleMaps-iphonesimulator/GoogleAdsOnDeviceConversionTarget.modulemap -Xcc -fmodule-map-file\=/Users/leonardofigueiredo/Library/Developer/Xcode/DerivedData/Ratio-dgukedwfifpyteflgeptozrgzmmp/Build/Intermediates.noindex/GeneratedModuleMaps-iphonesimulator/GoogleAppMeasurementTarget.modulemap -Xcc -fmodule-map-file\=/Users/leonardofigueiredo/Library/Developer/Xcode/DerivedData/Ratio-dgukedwfifpyteflgeptozrgzmmp/Build/Intermediates.noindex/GeneratedModuleMaps-iphonesimulator/FirebaseAnalyticsWrapper.modulemap -Xcc -fmodule-map-file\=/Users/leonardofigueiredo/Library/Developer/Xcode/DerivedData/Ratio-dgukedwfifpyteflgeptozrgzmmp/Build/Intermediates.noindex/GeneratedModuleMaps-iphonesimulator/FirebaseAnalyticsTarget.modulemap -Xcc -fmodule-map-file\=/Users/leonardofigueiredo/Library/Developer/Xcode/DerivedData/Ratio-dgukedwfifpyteflgeptozrgzmmp/Build/Intermediates.noindex/GeneratedModuleMaps-iphonesimulator/GoogleDataTransport.modulemap -Xcc -fmodule-map-file\=/Users/leonardofigueiredo/Library/Developer/Xcode/DerivedData/Ratio-dgukedwfifpyteflgeptozrgzmmp/Build/Intermediates.noindex/GeneratedModuleMaps-iphonesimulator/FirebaseSessionsObjC.modulemap -Xcc -fmodule-map-file\=/Users/leonardofigueiredo/Library/Developer/Xcode/DerivedData/Ratio-dgukedwfifpyteflgeptozrgzmmp/Build/Intermediates.noindex/GeneratedModuleMaps-iphonesimulator/FirebaseCrashlytics.modulemap -Xcc -fmodule-map-file\=/Users/leonardofigueiredo/Library/Developer/Xcode/DerivedData/Ratio-dgukedwfifpyteflgeptozrgzmmp/Build/Intermediates.noindex/GeneratedModuleMaps-iphonesimulator/RecaptchaInterop.modulemap -Xcc -fmodule-map-file\=/Users/leonardofigueiredo/Library/Developer/Xcode/DerivedData/Ratio-dgukedwfifpyteflgeptozrgzmmp/Build/Intermediates.noindex/GeneratedModuleMaps-iphonesimulator/FirebaseAuthInternal.modulemap -Xcc -fmodule-map-file\=/Users/leonardofigueiredo/Library/Developer/Xcode/DerivedData/Ratio-dgukedwfifpyteflgeptozrgzmmp/Build/Intermediates.noindex/GeneratedModuleMaps-iphonesimulator/abslWrapper.modulemap -Xcc -fmodule-map-file\=/Users/leonardofigueiredo/Library/Developer/Xcode/DerivedData/Ratio-dgukedwfifpyteflgeptozrgzmmp/Build/Intermediates.noindex/GeneratedModuleMaps-iphonesimulator/opensslWrapper.modulemap -Xcc -fmodule-map-file\=/Users/leonardofigueiredo/Library/Developer/Xcode/DerivedData/Ratio-dgukedwfifpyteflgeptozrgzmmp/Build/Intermediates.noindex/GeneratedModuleMaps-iphonesimulator/grpcWrapper.modulemap -Xcc -fmodule-map-file\=/Users/leonardofigueiredo/Library/Developer/Xcode/DerivedData/Ratio-dgukedwfifpyteflgeptozrgzmmp/Build/Intermediates.noindex/GeneratedModuleMaps-iphonesimulator/grpcppWrapper.modulemap -Xcc -fmodule-map-file\=/Users/leonardofigueiredo/Library/Developer/Xcode/DerivedData/Ratio-dgukedwfifpyteflgeptozrgzmmp/Build/Intermediates.noindex/GeneratedModuleMaps-iphonesimulator/leveldb.modulemap -Xcc -fmodule-map-file\=/Users/leonardofigueiredo/Library/Developer/Xcode/DerivedData/Ratio-dgukedwfifpyteflgeptozrgzmmp/Build/Intermediates.noindex/GeneratedModuleMaps-iphonesimulator/FirebaseFirestoreInternalWrapper.modulemap -Xcc -fmodule-map-file\=/Users/leonardofigueiredo/Library/Developer/Xcode/DerivedData/Ratio-dgukedwfifpyteflgeptozrgzmmp/Build/Intermediates.noindex/GeneratedModuleMaps-iphonesimulator/FirebaseFirestoreTarget.modulemap -Xcc -fmodule-map-file\=/Users/leonardofigueiredo/Library/Developer/Xcode/DerivedData/Ratio-dgukedwfifpyteflgeptozrgzmmp/Build/Intermediates.noindex/GeneratedModuleMaps-iphonesimulator/GoogleUtilities-UserDefaults.modulemap -Xcc -fmodule-map-file\=/Users/leonardofigueiredo/Library/Developer/Xcode/DerivedData/Ratio-dgukedwfifpyteflgeptozrgzmmp/Build/Intermediates.noindex/GeneratedModuleMaps-iphonesimulator/GoogleAppMeasurementCoreTarget.modulemap -Xcc -fmodule-map-file\=/Users/leonardofigueiredo/Library/Developer/Xcode/DerivedData/Ratio-dgukedwfifpyteflgeptozrgzmmp/Build/Intermediates.noindex/GeneratedModuleMaps-iphonesimulator/GoogleUtilities-AppDelegateSwizzler.modulemap -Xcc -fmodule-map-file\=/Users/leonardofigueiredo/Library/Developer/Xcode/DerivedData/Ratio-dgukedwfifpyteflgeptozrgzmmp/Build/Intermediates.noindex/GeneratedModuleMaps-iphonesimulator/GoogleUtilities-MethodSwizzler.modulemap -Xcc -fmodule-map-file\=/Users/leonardofigueiredo/Library/Developer/Xcode/DerivedData/Ratio-dgukedwfifpyteflgeptozrgzmmp/Build/Intermediates.noindex/GeneratedModuleMaps-iphonesimulator/GoogleUtilities-Reachability.modulemap -Xcc -fmodule-map-file\=/Users/leonardofigueiredo/Library/Developer/Xcode/DerivedData/Ratio-dgukedwfifpyteflgeptozrgzmmp/Build/Intermediates.noindex/GeneratedModuleMaps-iphonesimulator/GoogleUtilities-Network.modulemap -Xcc -fmodule-map-file\=/Users/leonardofigueiredo/Library/Developer/Xcode/DerivedData/Ratio-dgukedwfifpyteflgeptozrgzmmp/Build/Intermediates.noindex/GeneratedModuleMaps-iphonesimulator/nanopb.modulemap -Xcc -fmodule-map-file\=/Users/leonardofigueiredo/Library/Developer/Xcode/DerivedData/Ratio-dgukedwfifpyteflgeptozrgzmmp/Build/Intermediates.noindex/GeneratedModuleMaps-iphonesimulator/FirebaseAnalyticsCoreWrapper.modulemap -Xcc -fmodule-map-file\=/Users/leonardofigueiredo/Library/Developer/Xcode/DerivedData/Ratio-dgukedwfifpyteflgeptozrgzmmp/Build/Intermediates.noindex/GeneratedModuleMaps-iphonesimulator/FirebaseInstallations.modulemap -Xcc -fmodule-map-file\=/Users/leonardofigueiredo/Library/Developer/Xcode/DerivedData/Ratio-dgukedwfifpyteflgeptozrgzmmp/Build/Intermediates.noindex/GeneratedModuleMaps-iphonesimulator/FirebaseAnalyticsCoreTarget.modulemap -Xcc -fmodule-map-file\=/Users/leonardofigueiredo/Library/Developer/Xcode/DerivedData/Ratio-dgukedwfifpyteflgeptozrgzmmp/Build/Intermediates.noindex/GeneratedModuleMaps-iphonesimulator/GoogleUtilities-NSData.modulemap -Xcc -fmodule-map-file\=/Users/leonardofigueiredo/Library/Developer/Xcode/DerivedData/Ratio-dgukedwfifpyteflgeptozrgzmmp/Build/Intermediates.noindex/GeneratedModuleMaps-iphonesimulator/GoogleUtilities-Environment.modulemap -Xcc -fmodule-map-file\=/Users/leonardofigueiredo/Library/Developer/Xcode/DerivedData/Ratio-dgukedwfifpyteflgeptozrgzmmp/Build/Intermediates.noindex/GeneratedModuleMaps-iphonesimulator/third-party-IsAppEncrypted.modulemap -Xcc -fmodule-map-file\=/Users/leonardofigueiredo/Library/Developer/Xcode/DerivedData/Ratio-dgukedwfifpyteflgeptozrgzmmp/Build/Intermediates.noindex/GeneratedModuleMaps-iphonesimulator/GoogleUtilities-Logger.modulemap -Xcc -fmodule-map-file\=/Users/leonardofigueiredo/Library/Developer/Xcode/DerivedData/Ratio-dgukedwfifpyteflgeptozrgzmmp/Build/Intermediates.noindex/GeneratedModuleMaps-iphonesimulator/GTMSessionFetcherCore.modulemap -Xcc -fmodule-map-file\=/Users/leonardofigueiredo/Library/Developer/Xcode/DerivedData/Ratio-dgukedwfifpyteflgeptozrgzmmp/Build/Intermediates.noindex/GeneratedModuleMaps-iphonesimulator/FirebaseCoreExtension.modulemap -Xcc -fmodule-map-file\=/Users/leonardofigueiredo/Library/Developer/Xcode/DerivedData/Ratio-dgukedwfifpyteflgeptozrgzmmp/Build/Intermediates.noindex/GeneratedModuleMaps-iphonesimulator/FirebaseCore.modulemap -Xcc -fmodule-map-file\=/Users/leonardofigueiredo/Library/Developer/Xcode/DerivedData/Ratio-dgukedwfifpyteflgeptozrgzmmp/Build/Intermediates.noindex/GeneratedModuleMaps-iphonesimulator/FirebaseAuthInterop.modulemap -Xcc -fmodule-map-file\=/Users/leonardofigueiredo/Library/Developer/Xcode/DerivedData/Ratio-dgukedwfifpyteflgeptozrgzmmp/Build/Intermediates.noindex/GeneratedModuleMaps-iphonesimulator/FirebaseAppCheckInterop.modulemap -default-isolation\=MainActor -enable-bare-slash-regex -enable-upcoming-feature DisableOutwardActorInference -enable-upcoming-feature InferSendableFromCaptures -enable-upcoming-feature GlobalActorIsolatedTypesUsability -enable-upcoming-feature MemberImportVisibility -enable-upcoming-feature InferIsolatedConformances -enable-upcoming-feature NonisolatedNonsendingByDefault -enable-experimental-feature DebugDescriptionMacro -sdk /Applications/Xcode.app/Contents/Developer/Platforms/iPhoneSimulator.platform/Developer/SDKs/iPhoneSimulator26.2.sdk -target arm64-apple-ios17.6-simulator -g -module-cache-path /Users/leonardofigueiredo/Library/Developer/Xcode/DerivedData/ModuleCache.noindex -Xfrontend -serialize-debugging-options -enable-testing -index-store-path /Users/leonardofigueiredo/Library/Developer/Xcode/DerivedData/Ratio-dgukedwfifpyteflgeptozrgzmmp/Index.noindex/DataStore -Xcc -D_LIBCPP_HARDENING_MODE\=_LIBCPP_HARDENING_MODE_DEBUG -swift-version 5 -I /Users/leonardofigueiredo/Library/Developer/Xcode/DerivedData/Ratio-dgukedwfifpyteflgeptozrgzmmp/Build/Products/Debug-iphonesimulator -F /Users/leonardofigueiredo/Library/Developer/Xcode/DerivedData/Ratio-dgukedwfifpyteflgeptozrgzmmp/Build/Products/Debug-iphonesimulator/PackageFrameworks -F /Users/leonardofigueiredo/Library/Developer/Xcode/DerivedData/Ratio-dgukedwfifpyteflgeptozrgzmmp/Build/Products/Debug-iphonesimulator/PackageFrameworks -F /Users/leonardofigueiredo/Library/Developer/Xcode/DerivedData/Ratio-dgukedwfifpyteflgeptozrgzmmp/Build/Products/Debug-iphonesimulator/PackageFrameworks -F /Users/leonardofigueiredo/Library/Developer/Xcode/DerivedData/Ratio-dgukedwfifpyteflgeptozrgzmmp/Build/Products/Debug-iphonesimulator/PackageFrameworks -F /Users/leonardofigueiredo/Library/Developer/Xcode/DerivedData/Ratio-dgukedwfifpyteflgeptozrgzmmp/Build/Products/Debug-iphonesimulator/PackageFrameworks -F /Users/leonardofigueiredo/Library/Developer/Xcode/DerivedData/Ratio-dgukedwfifpyteflgeptozrgzmmp/Build/Products/Debug-iphonesimulator/PackageFrameworks -F /Users/leonardofigueiredo/Library/Developer/Xcode/DerivedData/Ratio-dgukedwfifpyteflgeptozrgzmmp/Build/Products/Debug-iphonesimulator/PackageFrameworks -F /Users/leonardofigueiredo/Library/Developer/Xcode/DerivedData/Ratio-dgukedwfifpyteflgeptozrgzmmp/Build/Products/Debug-iphonesimulator/PackageFrameworks -F /Users/leonardofigueiredo/Library/Developer/Xcode/DerivedData/Ratio-dgukedwfifpyteflgeptozrgzmmp/Build/Products/Debug-iphonesimulator/PackageFrameworks -F /Users/leonardofigueiredo/Library/Developer/Xcode/DerivedData/Ratio-dgukedwfifpyteflgeptozrgzmmp/Build/Products/Debug-iphonesimulator/PackageFrameworks -F /Users/leonardofigueiredo/Library/Developer/Xcode/DerivedData/Ratio-dgukedwfifpyteflgeptozrgzmmp/Build/Products/Debug-iphonesimulator/PackageFrameworks -F /Users/leonardofigueiredo/Library/Developer/Xcode/DerivedData/Ratio-dgukedwfifpyteflgeptozrgzmmp/Build/Products/Debug-iphonesimulator/PackageFrameworks -F /Users/leonardofigueiredo/Library/Developer/Xcode/DerivedData/Ratio-dgukedwfifpyteflgeptozrgzmmp/Build/Products/Debug-iphonesimulator/PackageFrameworks -F /Users/leonardofigueiredo/Library/Developer/Xcode/DerivedData/Ratio-dgukedwfifpyteflgeptozrgzmmp/Build/Products/Debug-iphonesimulator/PackageFrameworks -F /Users/leonardofigueiredo/Library/Developer/Xcode/DerivedData/Ratio-dgukedwfifpyteflgeptozrgzmmp/Build/Products/Debug-iphonesimulator/PackageFrameworks -F /Users/leonardofigueiredo/Library/Developer/Xcode/DerivedData/Ratio-dgukedwfifpyteflgeptozrgzmmp/Build/Products/Debug-iphonesimulator/PackageFrameworks -F /Users/leonardofigueiredo/Library/Developer/Xcode/DerivedData/Ratio-dgukedwfifpyteflgeptozrgzmmp/Build/Products/Debug-iphonesimulator/PackageFrameworks -F /Users/leonardofigueiredo/Library/Developer/Xcode/DerivedData/Ratio-dgukedwfifpyteflgeptozrgzmmp/Build/Products/Debug-iphonesimulator/PackageFrameworks -F /Users/leonardofigueiredo/Library/Developer/Xcode/DerivedData/Ratio-dgukedwfifpyteflgeptozrgzmmp/Build/Products/Debug-iphonesimulator/PackageFrameworks -F /Users/leonardofigueiredo/Library/Developer/Xcode/DerivedData/Ratio-dgukedwfifpyteflgeptozrgzmmp/Build/Products/Debug-iphonesimulator/PackageFrameworks -F /Users/leonardofigueiredo/Library/Developer/Xcode/DerivedData/Ratio-dgukedwfifpyteflgeptozrgzmmp/Build/Products/Debug-iphonesimulator/PackageFrameworks -F /Users/leonardofigueiredo/Library/Developer/Xcode/DerivedData/Ratio-dgukedwfifpyteflgeptozrgzmmp/Build/Products/Debug-iphonesimulator/PackageFrameworks -F /Users/leonardofigueiredo/Library/Developer/Xcode/DerivedData/Ratio-dgukedwfifpyteflgeptozrgzmmp/Build/Products/Debug-iphonesimulator/PackageFrameworks -F /Users/leonardofigueiredo/Library/Developer/Xcode/DerivedData/Ratio-dgukedwfifpyteflgeptozrgzmmp/Build/Products/Debug-iphonesimulator/PackageFrameworks -F /Users/leonardofigueiredo/Library/Developer/Xcode/DerivedData/Ratio-dgukedwfifpyteflgeptozrgzmmp/Build/Products/Debug-iphonesimulator/PackageFrameworks -F /Users/leonardofigueiredo/Library/Developer/Xcode/DerivedData/Ratio-dgukedwfifpyteflgeptozrgzmmp/Build/Products/Debug-iphonesimulator/PackageFrameworks -F /Users/leonardofigueiredo/Library/Developer/Xcode/DerivedData/Ratio-dgukedwfifpyteflgeptozrgzmmp/Build/Products/Debug-iphonesimulator/PackageFrameworks -F /Users/leonardofigueiredo/Library/Developer/Xcode/DerivedData/Ratio-dgukedwfifpyteflgeptozrgzmmp/Build/Products/Debug-iphonesimulator/PackageFrameworks -F /Users/leonardofigueiredo/Library/Developer/Xcode/DerivedData/Ratio-dgukedwfifpyteflgeptozrgzmmp/Build/Products/Debug-iphonesimulator/PackageFrameworks -F /Users/leonardofigueiredo/Library/Developer/Xcode/DerivedData/Ratio-dgukedwfifpyteflgeptozrgzmmp/Build/Products/Debug-iphonesimulator/PackageFrameworks -F /Users/leonardofigueiredo/Library/Developer/Xcode/DerivedData/Ratio-dgukedwfifpyteflgeptozrgzmmp/Build/Products/Debug-iphonesimulator/PackageFrameworks -F /Users/leonardofigueiredo/Library/Developer/Xcode/DerivedData/Ratio-dgukedwfifpyteflgeptozrgzmmp/Build/Products/Debug-iphonesimulator/PackageFrameworks -F /Users/leonardofigueiredo/Library/Developer/Xcode/DerivedData/Ratio-dgukedwfifpyteflgeptozrgzmmp/Build/Products/Debug-iphonesimulator/PackageFrameworks -F /Users/leonardofigueiredo/Library/Developer/Xcode/DerivedData/Ratio-dgukedwfifpyteflgeptozrgzmmp/Build/Products/Debug-iphonesimulator/PackageFrameworks -F /Users/leonardofigueiredo/Library/Developer/Xcode/DerivedData/Ratio-dgukedwfifpyteflgeptozrgzmmp/Build/Products/Debug-iphonesimulator/PackageFrameworks -F /Users/leonardofigueiredo/Library/Developer/Xcode/DerivedData/Ratio-dgukedwfifpyteflgeptozrgzmmp/Build/Products/Debug-iphonesimulator/PackageFrameworks -F /Users/leonardofigueiredo/Library/Developer/Xcode/DerivedData/Ratio-dgukedwfifpyteflgeptozrgzmmp/Build/Products/Debug-iphonesimulator/PackageFrameworks -F /Users/leonardofigueiredo/Library/Developer/Xcode/DerivedData/Ratio-dgukedwfifpyteflgeptozrgzmmp/Build/Products/Debug-iphonesimulator/PackageFrameworks -F /Users/leonardofigueiredo/Library/Developer/Xcode/DerivedData/Ratio-dgukedwfifpyteflgeptozrgzmmp/Build/Products/Debug-iphonesimulator/PackageFrameworks -F /Users/leonardofigueiredo/Library/Developer/Xcode/DerivedData/Ratio-dgukedwfifpyteflgeptozrgzmmp/Build/Products/Debug-iphonesimulator/PackageFrameworks -F /Users/leonardofigueiredo/Library/Developer/Xcode/DerivedData/Ratio-dgukedwfifpyteflgeptozrgzmmp/Build/Products/Debug-iphonesimulator/PackageFrameworks -F /Users/leonardofigueiredo/Library/Developer/Xcode/DerivedData/Ratio-dgukedwfifpyteflgeptozrgzmmp/Build/Products/Debug-iphonesimulator/PackageFrameworks -F /Users/leonardofigueiredo/Library/Developer/Xcode/DerivedData/Ratio-dgukedwfifpyteflgeptozrgzmmp/Build/Products/Debug-iphonesimulator/PackageFrameworks -F /Users/leonardofigueiredo/Library/Developer/Xcode/DerivedData/Ratio-dgukedwfifpyteflgeptozrgzmmp/Build/Products/Debug-iphonesimulator/PackageFrameworks -F /Users/leonardofigueiredo/Library/Developer/Xcode/DerivedData/Ratio-dgukedwfifpyteflgeptozrgzmmp/Build/Products/Debug-iphonesimulator/PackageFrameworks -F /Users/leonardofigueiredo/Library/Developer/Xcode/DerivedData/Ratio-dgukedwfifpyteflgeptozrgzmmp/Build/Products/Debug-iphonesimulator/PackageFrameworks -F /Users/leonardofigueiredo/Library/Developer/Xcode/DerivedData/Ratio-dgukedwfifpyteflgeptozrgzmmp/Build/Products/Debug-iphonesimulator/PackageFrameworks -F /Users/leonardofigueiredo/Library/Developer/Xcode/DerivedData/Ratio-dgukedwfifpyteflgeptozrgzmmp/Build/Products/Debug-iphonesimulator/PackageFrameworks -F /Users/leonardofigueiredo/Library/Developer/Xcode/DerivedData/Ratio-dgukedwfifpyteflgeptozrgzmmp/Build/Products/Debug-iphonesimulator/PackageFrameworks -F /Users/leonardofigueiredo/Library/Developer/Xcode/DerivedData/Ratio-dgukedwfifpyteflgeptozrgzmmp/Build/Products/Debug-iphonesimulator/PackageFrameworks -F /Users/leonardofigueiredo/Library/Developer/Xcode/DerivedData/Ratio-dgukedwfifpyteflgeptozrgzmmp/Build/Products/Debug-iphonesimulator/PackageFrameworks -F /Users/leonardofigueiredo/Library/Developer/Xcode/DerivedData/Ratio-dgukedwfifpyteflgeptozrgzmmp/Build/Products/Debug-iphonesimulator -emit-localized-strings -emit-localized-strings-path /Users/leonardofigueiredo/Library/Developer/Xcode/DerivedData/Ratio-dgukedwfifpyteflgeptozrgzmmp/Build/Intermediates.noindex/Ratio.build/Debug-iphonesimulator/Ratio.build/Objects-normal/arm64 -c -j12 -enable-batch-mode -incremental -Xcc -ivfsstatcache -Xcc /Users/leonardofigueiredo/Library/Developer/Xcode/DerivedData/SDKStatCaches.noindex/iphonesimulator26.2-23C53-7d00a8b37fbd7999ea79df8ebc024bf0.sdkstatcache -output-file-map /Users/leonardofigueiredo/Library/Developer/Xcode/DerivedData/Ratio-dgukedwfifpyteflgeptozrgzmmp/Build/Intermediates.noindex/Ratio.build/Debug-iphonesimulator/Ratio.build/Objects-normal/arm64/Ratio-OutputFileMap.json -use-frontend-parseable-output -save-temps -no-color-diagnostics -explicit-module-build -module-cache-path /Users/leonardofigueiredo/Library/Developer/Xcode/DerivedData/Ratio-dgukedwfifpyteflgeptozrgzmmp/Build/Intermediates.noindex/SwiftExplicitPrecompiledModules -clang-scanner-module-cache-path /Users/leonardofigueiredo/Library/Developer/Xcode/DerivedData/ModuleCache.noindex -sdk-module-cache-path /Users/leonardofigueiredo/Library/Developer/Xcode/DerivedData/ModuleCache.noindex -serialize-diagnostics -emit-dependencies -emit-module -emit-module-path /Users/leonardofigueiredo/Library/Developer/Xcode/DerivedData/Ratio-dgukedwfifpyteflgeptozrgzmmp/Build/Intermediates.noindex/Ratio.build/Debug-iphonesimulator/Ratio.build/Objects-normal/arm64/Ratio.swiftmodule -validate-clang-modules-once -clang-build-session-file /Users/leonardofigueiredo/Library/Developer/Xcode/DerivedData/ModuleCache.noindex/Session.modulevalidation -Xcc -I/Users/leonardofigueiredo/Library/Developer/Xcode/DerivedData/Ratio-dgukedwfifpyteflgeptozrgzmmp/Build/Intermediates.noindex/Ratio.build/Debug-iphonesimulator/Ratio.build/swift-overrides.hmap -emit-const-values -Xfrontend -const-gather-protocols-file -Xfrontend /Users/leonardofigueiredo/Library/Developer/Xcode/DerivedData/Ratio-dgukedwfifpyteflgeptozrgzmmp/Build/Intermediates.noindex/Ratio.build/Debug-iphonesimulator/Ratio.build/Objects-normal/arm64/Ratio_const_extract_protocols.json -Xcc -iquote -Xcc /Users/leonardofigueiredo/Library/Developer/Xcode/DerivedData/Ratio-dgukedwfifpyteflgeptozrgzmmp/Build/Intermediates.noindex/Ratio.build/Debug-iphonesimulator/Ratio.build/Ratio-generated-files.hmap -Xcc -I/Users/leonardofigueiredo/Library/Developer/Xcode/DerivedData/Ratio-dgukedwfifpyteflgeptozrgzmmp/Build/Intermediates.noindex/Ratio.build/Debug-iphonesimulator/Ratio.build/Ratio-own-target-headers.hmap -Xcc -I/Users/leonardofigueiredo/Library/Developer/Xcode/DerivedData/Ratio-dgukedwfifpyteflgeptozrgzmmp/Build/Intermediates.noindex/Ratio.build/Debug-iphonesimulator/Ratio.build/Ratio-all-non-framework-target-headers.hmap -Xcc -ivfsoverlay -Xcc /Users/leonardofigueiredo/Library/Developer/Xcode/DerivedData/Ratio-dgukedwfifpyteflgeptozrgzmmp/Build/Intermediates.noindex/Ratio.build/Debug-iphonesimulator/Ratio-0b73ba7045a2529270712259fb1f38a7-VFS-iphonesimulator/all-product-headers.yaml -Xcc -iquote -Xcc /Users/leonardofigueiredo/Library/Developer/Xcode/DerivedData/Ratio-dgukedwfifpyteflgeptozrgzmmp/Build/Intermediates.noindex/Ratio.build/Debug-iphonesimulator/Ratio.build/Ratio-project-headers.hmap -Xcc -I/Users/leonardofigueiredo/Library/Developer/Xcode/DerivedData/Ratio-dgukedwfifpyteflgeptozrgzmmp/SourcePackages/checkouts/firebase-ios-sdk/FirebasePerformance/Sources/Public -Xcc -I/Users/leonardofigueiredo/Library/Developer/Xcode/DerivedData/Ratio-dgukedwfifpyteflgeptozrgzmmp/SourcePackages/checkouts/firebase-ios-sdk/FirebaseRemoteConfig/Sources/Public -Xcc -I/Users/leonardofigueiredo/Library/Developer/Xcode/DerivedData/Ratio-dgukedwfifpyteflgeptozrgzmmp/SourcePackages/checkouts/firebase-ios-sdk/FirebaseABTesting/Sources/Public -Xcc -I/Users/leonardofigueiredo/Library/Developer/Xcode/DerivedData/Ratio-dgukedwfifpyteflgeptozrgzmmp/SourcePackages/checkouts/firebase-ios-sdk/SwiftPM-PlatformExclude/FirebasePerformanceWrap/include -Xcc -I/Users/leonardofigueiredo/Library/Developer/Xcode/DerivedData/Ratio-dgukedwfifpyteflgeptozrgzmmp/SourcePackages/checkouts/firebase-ios-sdk/FirebaseMessaging/Sources/Public -Xcc -I/Users/leonardofigueiredo/Library/Developer/Xcode/DerivedData/Ratio-dgukedwfifpyteflgeptozrgzmmp/SourcePackages/checkouts/google-ads-on-device-conversion-ios-sdk/GoogleAdsOnDeviceConversionWrapper/include -Xcc -I/Users/leonardofigueiredo/Library/Developer/Xcode/DerivedData/Ratio-dgukedwfifpyteflgeptozrgzmmp/SourcePackages/checkouts/GoogleAppMeasurement/GoogleAppMeasurementWrapper/include -Xcc -I/Users/leonardofigueiredo/Library/Developer/Xcode/DerivedData/Ratio-dgukedwfifpyteflgeptozrgzmmp/SourcePackages/checkouts/firebase-ios-sdk/FirebaseAnalyticsWrapper/include -Xcc -I/Users/leonardofigueiredo/Library/Developer/Xcode/DerivedData/Ratio-dgukedwfifpyteflgeptozrgzmmp/SourcePackages/checkouts/firebase-ios-sdk/SwiftPM-PlatformExclude/FirebaseAnalyticsWrap/include -Xcc -I/Users/leonardofigueiredo/Library/Developer/Xcode/DerivedData/Ratio-dgukedwfifpyteflgeptozrgzmmp/SourcePackages/checkouts/GoogleDataTransport/GoogleDataTransport/GDTCORLibrary/Public -Xcc -I/Users/leonardofigueiredo/Library/Developer/Xcode/DerivedData/Ratio-dgukedwfifpyteflgeptozrgzmmp/SourcePackages/checkouts/firebase-ios-sdk/FirebaseSessions/SourcesObjC -Xcc -I/Users/leonardofigueiredo/Library/Developer/Xcode/DerivedData/Ratio-dgukedwfifpyteflgeptozrgzmmp/SourcePackages/checkouts/firebase-ios-sdk/Crashlytics/Crashlytics/Public -Xcc -I/Users/leonardofigueiredo/Library/Developer/Xcode/DerivedData/Ratio-dgukedwfifpyteflgeptozrgzmmp/SourcePackages/checkouts/interop-ios-for-google-sdks/RecaptchaEnterprise/RecaptchaInterop/Public -Xcc -I/Users/leonardofigueiredo/Library/Developer/Xcode/DerivedData/Ratio-dgukedwfifpyteflgeptozrgzmmp/SourcePackages/checkouts/firebase-ios-sdk/FirebaseAuth/Sources/Public -Xcc -I/Users/leonardofigueiredo/Library/Developer/Xcode/DerivedData/Ratio-dgukedwfifpyteflgeptozrgzmmp/SourcePackages/checkouts/abseil-cpp-binary/absl-Wrapper/include -Xcc -I/Users/leonardofigueiredo/Library/Developer/Xcode/DerivedData/Ratio-dgukedwfifpyteflgeptozrgzmmp/SourcePackages/checkouts/grpc-binary/openssl-grpc-Wrapper/include -Xcc -I/Users/leonardofigueiredo/Library/Developer/Xcode/DerivedData/Ratio-dgukedwfifpyteflgeptozrgzmmp/SourcePackages/checkouts/grpc-binary/grpc-Wrapper/include -Xcc -I/Users/leonardofigueiredo/Library/Developer/Xcode/DerivedData/Ratio-dgukedwfifpyteflgeptozrgzmmp/SourcePackages/checkouts/grpc-binary/grpcpp-Wrapper/include -Xcc -I/Users/leonardofigueiredo/Library/Developer/Xcode/DerivedData/Ratio-dgukedwfifpyteflgeptozrgzmmp/SourcePackages/checkouts/leveldb/include -Xcc -I/Users/leonardofigueiredo/Library/Developer/Xcode/DerivedData/Ratio-dgukedwfifpyteflgeptozrgzmmp/SourcePackages/checkouts/firebase-ios-sdk/FirebaseFirestoreInternal -Xcc -I/Users/leonardofigueiredo/Library/Developer/Xcode/DerivedData/Ratio-dgukedwfifpyteflgeptozrgzmmp/SourcePackages/checkouts/firebase-ios-sdk/SwiftPM-PlatformExclude/FirebaseFirestoreWrap/include -Xcc -I/Users/leonardofigueiredo/Library/Developer/Xcode/DerivedData/Ratio-dgukedwfifpyteflgeptozrgzmmp/SourcePackages/checkouts/promises/Sources/FBLPromises/include -Xcc -I/Users/leonardofigueiredo/Library/Developer/Xcode/DerivedData/Ratio-dgukedwfifpyteflgeptozrgzmmp/SourcePackages/checkouts/GoogleUtilities/GoogleUtilities/UserDefaults/Public -Xcc -I/Users/leonardofigueiredo/Library/Developer/Xcode/DerivedData/Ratio-dgukedwfifpyteflgeptozrgzmmp/SourcePackages/checkouts/GoogleAppMeasurement/GoogleAppMeasurementCoreWrapper/include -Xcc -I/Users/leonardofigueiredo/Library/Developer/Xcode/DerivedData/Ratio-dgukedwfifpyteflgeptozrgzmmp/SourcePackages/checkouts/GoogleUtilities/GoogleUtilities/AppDelegateSwizzler/Public -Xcc -I/Users/leonardofigueiredo/Library/Developer/Xcode/DerivedData/Ratio-dgukedwfifpyteflgeptozrgzmmp/SourcePackages/checkouts/GoogleUtilities/GoogleUtilities/MethodSwizzler/Public -Xcc -I/Users/leonardofigueiredo/Library/Developer/Xcode/DerivedData/Ratio-dgukedwfifpyteflgeptozrgzmmp/SourcePackages/checkouts/GoogleUtilities/GoogleUtilities/Reachability/Public -Xcc -I/Users/leonardofigueiredo/Library/Developer/Xcode/DerivedData/Ratio-dgukedwfifpyteflgeptozrgzmmp/SourcePackages/checkouts/GoogleUtilities/GoogleUtilities/Network/Public -Xcc -I/Users/leonardofigueiredo/Library/Developer/Xcode/DerivedData/Ratio-dgukedwfifpyteflgeptozrgzmmp/SourcePackages/checkouts/nanopb/spm_headers -Xcc -I/Users/leonardofigueiredo/Library/Developer/Xcode/DerivedData/Ratio-dgukedwfifpyteflgeptozrgzmmp/SourcePackages/checkouts/firebase-ios-sdk/FirebaseAnalyticsCoreWrapper/include -Xcc -I/Users/leonardofigueiredo/Library/Developer/Xcode/DerivedData/Ratio-dgukedwfifpyteflgeptozrgzmmp/SourcePackages/checkouts/firebase-ios-sdk/FirebaseInstallations/Source/Library/Public -Xcc -I/Users/leonardofigueiredo/Library/Developer/Xcode/DerivedData/Ratio-dgukedwfifpyteflgeptozrgzmmp/SourcePackages/checkouts/firebase-ios-sdk/SwiftPM-PlatformExclude/FirebaseAnalyticsCoreWrap/include -Xcc -I/Users/leonardofigueiredo/Library/Developer/Xcode/DerivedData/Ratio-dgukedwfifpyteflgeptozrgzmmp/SourcePackages/checkouts/GoogleUtilities/GoogleUtilities/NSData+zlib/Public -Xcc -I/Users/leonardofigueiredo/Library/Developer/Xcode/DerivedData/Ratio-dgukedwfifpyteflgeptozrgzmmp/SourcePackages/checkouts/GoogleUtilities/GoogleUtilities/Environment/Public -Xcc -I/Users/leonardofigueiredo/Library/Developer/Xcode/DerivedData/Ratio-dgukedwfifpyteflgeptozrgzmmp/SourcePackages/checkouts/GoogleUtilities/third_party/IsAppEncrypted/Public -Xcc -I/Users/leonardofigueiredo/Library/Developer/Xcode/DerivedData/Ratio-dgukedwfifpyteflgeptozrgzmmp/SourcePackages/checkouts/GoogleUtilities/GoogleUtilities/Logger/Public -Xcc -I/Users/leonardofigueiredo/Library/Developer/Xcode/DerivedData/Ratio-dgukedwfifpyteflgeptozrgzmmp/SourcePackages/checkouts/gtm-session-fetcher/Sources/Core/Public -Xcc -I/Users/leonardofigueiredo/Library/Developer/Xcode/DerivedData/Ratio-dgukedwfifpyteflgeptozrgzmmp/SourcePackages/checkouts/firebase-ios-sdk/FirebaseCore/Extension -Xcc -I/Users/leonardofigueiredo/Library/Developer/Xcode/DerivedData/Ratio-dgukedwfifpyteflgeptozrgzmmp/SourcePackages/checkouts/firebase-ios-sdk/FirebaseCore/Sources/Public -Xcc -I/Users/leonardofigueiredo/Library/Developer/Xcode/DerivedData/Ratio-dgukedwfifpyteflgeptozrgzmmp/SourcePackages/checkouts/firebase-ios-sdk/CoreOnly/Sources -Xcc -I/Users/leonardofigueiredo/Library/Developer/Xcode/DerivedData/Ratio-dgukedwfifpyteflgeptozrgzmmp/SourcePackages/checkouts/firebase-ios-sdk/FirebaseAuth/Interop/Public -Xcc -I/Users/leonardofigueiredo/Library/Developer/Xcode/DerivedData/Ratio-dgukedwfifpyteflgeptozrgzmmp/SourcePackages/checkouts/firebase-ios-sdk/FirebaseAppCheck/Interop/Public -Xcc -I/Users/leonardofigueiredo/Library/Developer/Xcode/DerivedData/Ratio-dgukedwfifpyteflgeptozrgzmmp/Build/Products/Debug-iphonesimulator/include -Xcc -I/Users/leonardofigueiredo/Library/Developer/Xcode/DerivedData/Ratio-dgukedwfifpyteflgeptozrgzmmp/Build/Intermediates.noindex/Ratio.build/Debug-iphonesimulator/Ratio.build/DerivedSources-normal/arm64 -Xcc -I/Users/leonardofigueiredo/Library/Developer/Xcode/DerivedData/Ratio-dgukedwfifpyteflgeptozrgzmmp/Build/Intermediates.noindex/Ratio.build/Debug-iphonesimulator/Ratio.build/DerivedSources/arm64 -Xcc -I/Users/leonardofigueiredo/Library/Developer/Xcode/DerivedData/Ratio-dgukedwfifpyteflgeptozrgzmmp/Build/Intermediates.noindex/Ratio.build/Debug-iphonesimulator/Ratio.build/DerivedSources -Xcc -DDEBUG\=1 -emit-objc-header -emit-objc-header-path /Users/leonardofigueiredo/Library/Developer/Xcode/DerivedData/Ratio-dgukedwfifpyteflgeptozrgzmmp/Build/Intermediates.noindex/Ratio.build/Debug-iphonesimulator/Ratio.build/Objects-normal/arm64/Ratio-Swift.h -working-directory /Users/leonardofigueiredo/Projetos\ Mobile/ratio-ios/Ratio -experimental-emit-module-separately -disable-cmo

ProcessInfoPlistFile /Users/leonardofigueiredo/Library/Developer/Xcode/DerivedData/Ratio-dgukedwfifpyteflgeptozrgzmmp/Build/Products/Debug-iphonesimulator/Firebase_FirebaseCoreExtension.bundle/Info.plist /Users/leonardofigueiredo/Library/Developer/Xcode/DerivedData/Ratio-dgukedwfifpyteflgeptozrgzmmp/Build/Intermediates.noindex/Firebase.build/Debug-iphonesimulator/Firebase_FirebaseCoreExtension.build/empty-Firebase_FirebaseCoreExtension.plist (in target 'Firebase_FirebaseCoreExtension' from project 'Firebase')
    cd /Users/leonardofigueiredo/Library/Developer/Xcode/DerivedData/Ratio-dgukedwfifpyteflgeptozrgzmmp/SourcePackages/checkouts/firebase-ios-sdk
    builtin-infoPlistUtility /Users/leonardofigueiredo/Library/Developer/Xcode/DerivedData/Ratio-dgukedwfifpyteflgeptozrgzmmp/Build/Intermediates.noindex/Firebase.build/Debug-iphonesimulator/Firebase_FirebaseCoreExtension.build/empty-Firebase_FirebaseCoreExtension.plist -producttype com.apple.product-type.bundle -expandbuildsettings -format binary -platform iphonesimulator -o /Users/leonardofigueiredo/Library/Developer/Xcode/DerivedData/Ratio-dgukedwfifpyteflgeptozrgzmmp/Build/Products/Debug-iphonesimulator/Firebase_FirebaseCoreExtension.bundle/Info.plist

ProcessInfoPlistFile /Users/leonardofigueiredo/Library/Developer/Xcode/DerivedData/Ratio-dgukedwfifpyteflgeptozrgzmmp/Build/Products/Debug-iphonesimulator/Firebase_FirebaseCore.bundle/Info.plist /Users/leonardofigueiredo/Library/Developer/Xcode/DerivedData/Ratio-dgukedwfifpyteflgeptozrgzmmp/Build/Intermediates.noindex/Firebase.build/Debug-iphonesimulator/Firebase_FirebaseCore.build/empty-Firebase_FirebaseCore.plist (in target 'Firebase_FirebaseCore' from project 'Firebase')
    cd /Users/leonardofigueiredo/Library/Developer/Xcode/DerivedData/Ratio-dgukedwfifpyteflgeptozrgzmmp/SourcePackages/checkouts/firebase-ios-sdk
    builtin-infoPlistUtility /Users/leonardofigueiredo/Library/Developer/Xcode/DerivedData/Ratio-dgukedwfifpyteflgeptozrgzmmp/Build/Intermediates.noindex/Firebase.build/Debug-iphonesimulator/Firebase_FirebaseCore.build/empty-Firebase_FirebaseCore.plist -producttype com.apple.product-type.bundle -expandbuildsettings -format binary -platform iphonesimulator -o /Users/leonardofigueiredo/Library/Developer/Xcode/DerivedData/Ratio-dgukedwfifpyteflgeptozrgzmmp/Build/Products/Debug-iphonesimulator/Firebase_FirebaseCore.bundle/Info.plist

ProcessInfoPlistFile /Users/leonardofigueiredo/Library/Developer/Xcode/DerivedData/Ratio-dgukedwfifpyteflgeptozrgzmmp/Build/Products/Debug-iphonesimulator/Firebase_FirebaseAuth.bundle/Info.plist /Users/leonardofigueiredo/Library/Developer/Xcode/DerivedData/Ratio-dgukedwfifpyteflgeptozrgzmmp/Build/Intermediates.noindex/Firebase.build/Debug-iphonesimulator/Firebase_FirebaseAuth.build/empty-Firebase_FirebaseAuth.plist (in target 'Firebase_FirebaseAuth' from project 'Firebase')
    cd /Users/leonardofigueiredo/Library/Developer/Xcode/DerivedData/Ratio-dgukedwfifpyteflgeptozrgzmmp/SourcePackages/checkouts/firebase-ios-sdk
    builtin-infoPlistUtility /Users/leonardofigueiredo/Library/Developer/Xcode/DerivedData/Ratio-dgukedwfifpyteflgeptozrgzmmp/Build/Intermediates.noindex/Firebase.build/Debug-iphonesimulator/Firebase_FirebaseAuth.build/empty-Firebase_FirebaseAuth.plist -producttype com.apple.product-type.bundle -expandbuildsettings -format binary -platform iphonesimulator -o /Users/leonardofigueiredo/Library/Developer/Xcode/DerivedData/Ratio-dgukedwfifpyteflgeptozrgzmmp/Build/Products/Debug-iphonesimulator/Firebase_FirebaseAuth.bundle/Info.plist

ProcessInfoPlistFile /Users/leonardofigueiredo/Library/Developer/Xcode/DerivedData/Ratio-dgukedwfifpyteflgeptozrgzmmp/Build/Products/Debug-iphonesimulator/Firebase_FirebaseABTesting.bundle/Info.plist /Users/leonardofigueiredo/Library/Developer/Xcode/DerivedData/Ratio-dgukedwfifpyteflgeptozrgzmmp/Build/Intermediates.noindex/Firebase.build/Debug-iphonesimulator/Firebase_FirebaseABTesting.build/empty-Firebase_FirebaseABTesting.plist (in target 'Firebase_FirebaseABTesting' from project 'Firebase')
    cd /Users/leonardofigueiredo/Library/Developer/Xcode/DerivedData/Ratio-dgukedwfifpyteflgeptozrgzmmp/SourcePackages/checkouts/firebase-ios-sdk
    builtin-infoPlistUtility /Users/leonardofigueiredo/Library/Developer/Xcode/DerivedData/Ratio-dgukedwfifpyteflgeptozrgzmmp/Build/Intermediates.noindex/Firebase.build/Debug-iphonesimulator/Firebase_FirebaseABTesting.build/empty-Firebase_FirebaseABTesting.plist -producttype com.apple.product-type.bundle -expandbuildsettings -format binary -platform iphonesimulator -o /Users/leonardofigueiredo/Library/Developer/Xcode/DerivedData/Ratio-dgukedwfifpyteflgeptozrgzmmp/Build/Products/Debug-iphonesimulator/Firebase_FirebaseABTesting.bundle/Info.plist

CopyStringsFile /Users/leonardofigueiredo/Library/Developer/Xcode/DerivedData/Ratio-dgukedwfifpyteflgeptozrgzmmp/Build/Products/Debug-iphonesimulator/Ratio.app/pt-BR.lproj/Localizable.strings /Users/leonardofigueiredo/Library/Developer/Xcode/DerivedData/Ratio-dgukedwfifpyteflgeptozrgzmmp/Build/Intermediates.noindex/Ratio.build/Debug-iphonesimulator/Ratio.build/pt-BR.lproj/Localizable.strings (in target 'Ratio' from project 'Ratio')
    cd /Users/leonardofigueiredo/Projetos\ Mobile/ratio-ios/Ratio
    builtin-copyStrings --validate --outputencoding binary --outfilename Localizable.strings --outdir /Users/leonardofigueiredo/Library/Developer/Xcode/DerivedData/Ratio-dgukedwfifpyteflgeptozrgzmmp/Build/Products/Debug-iphonesimulator/Ratio.app/pt-BR.lproj -- /Users/leonardofigueiredo/Library/Developer/Xcode/DerivedData/Ratio-dgukedwfifpyteflgeptozrgzmmp/Build/Intermediates.noindex/Ratio.build/Debug-iphonesimulator/Ratio.build/pt-BR.lproj/Localizable.strings
/Users/leonardofigueiredo/Library/Developer/Xcode/DerivedData/Ratio-dgukedwfifpyteflgeptozrgzmmp/Build/Intermediates.noindex/Ratio.build/Debug-iphonesimulator/Ratio.build/pt-BR.lproj/Localizable.strings:1:1: note: detected encoding of input file as Unicode (UTF-8) (in target 'Ratio' from project 'Ratio')

CopyStringsFile /Users/leonardofigueiredo/Library/Developer/Xcode/DerivedData/Ratio-dgukedwfifpyteflgeptozrgzmmp/Build/Products/Debug-iphonesimulator/Ratio.app/en.lproj/Localizable.strings /Users/leonardofigueiredo/Library/Developer/Xcode/DerivedData/Ratio-dgukedwfifpyteflgeptozrgzmmp/Build/Intermediates.noindex/Ratio.build/Debug-iphonesimulator/Ratio.build/en.lproj/Localizable.strings (in target 'Ratio' from project 'Ratio')
    cd /Users/leonardofigueiredo/Projetos\ Mobile/ratio-ios/Ratio
    builtin-copyStrings --validate --outputencoding binary --outfilename Localizable.strings --outdir /Users/leonardofigueiredo/Library/Developer/Xcode/DerivedData/Ratio-dgukedwfifpyteflgeptozrgzmmp/Build/Products/Debug-iphonesimulator/Ratio.app/en.lproj -- /Users/leonardofigueiredo/Library/Developer/Xcode/DerivedData/Ratio-dgukedwfifpyteflgeptozrgzmmp/Build/Intermediates.noindex/Ratio.build/Debug-iphonesimulator/Ratio.build/en.lproj/Localizable.strings
/Users/leonardofigueiredo/Library/Developer/Xcode/DerivedData/Ratio-dgukedwfifpyteflgeptozrgzmmp/Build/Intermediates.noindex/Ratio.build/Debug-iphonesimulator/Ratio.build/en.lproj/Localizable.strings:1:1: note: detected encoding of input file as Unicode (UTF-8) (in target 'Ratio' from project 'Ratio')

ProcessInfoPlistFile /Users/leonardofigueiredo/Library/Developer/Xcode/DerivedData/Ratio-dgukedwfifpyteflgeptozrgzmmp/Build/Products/Debug-iphonesimulator/Ratio.app/Info.plist /Users/leonardofigueiredo/Projetos\ Mobile/ratio-ios/Ratio/Ratio/Info.plist (in target 'Ratio' from project 'Ratio')
    cd /Users/leonardofigueiredo/Projetos\ Mobile/ratio-ios/Ratio
    builtin-infoPlistUtility /Users/leonardofigueiredo/Projetos\ Mobile/ratio-ios/Ratio/Ratio/Info.plist -producttype com.apple.product-type.application -genpkginfo /Users/leonardofigueiredo/Library/Developer/Xcode/DerivedData/Ratio-dgukedwfifpyteflgeptozrgzmmp/Build/Products/Debug-iphonesimulator/Ratio.app/PkgInfo -expandbuildsettings -format binary -platform iphonesimulator -additionalcontentfile /Users/leonardofigueiredo/Library/Developer/Xcode/DerivedData/Ratio-dgukedwfifpyteflgeptozrgzmmp/Build/Intermediates.noindex/Ratio.build/Debug-iphonesimulator/Ratio.build/assetcatalog_generated_info.plist -scanforprivacyfile /Users/leonardofigueiredo/Library/Developer/Xcode/DerivedData/Ratio-dgukedwfifpyteflgeptozrgzmmp/Build/Products/Debug-iphonesimulator/Ratio.app/Firebase_FirebaseABTesting.bundle -scanforprivacyfile /Users/leonardofigueiredo/Library/Developer/Xcode/DerivedData/Ratio-dgukedwfifpyteflgeptozrgzmmp/Build/Products/Debug-iphonesimulator/Ratio.app/Firebase_FirebaseAuth.bundle -scanforprivacyfile /Users/leonardofigueiredo/Library/Developer/Xcode/DerivedData/Ratio-dgukedwfifpyteflgeptozrgzmmp/Build/Products/Debug-iphonesimulator/Ratio.app/Firebase_FirebaseCore.bundle -scanforprivacyfile /Users/leonardofigueiredo/Library/Developer/Xcode/DerivedData/Ratio-dgukedwfifpyteflgeptozrgzmmp/Build/Products/Debug-iphonesimulator/Ratio.app/Firebase_FirebaseCoreExtension.bundle -scanforprivacyfile /Users/leonardofigueiredo/Library/Developer/Xcode/DerivedData/Ratio-dgukedwfifpyteflgeptozrgzmmp/Build/Products/Debug-iphonesimulator/Ratio.app/Firebase_FirebaseCoreInternal.bundle -scanforprivacyfile /Users/leonardofigueiredo/Library/Developer/Xcode/DerivedData/Ratio-dgukedwfifpyteflgeptozrgzmmp/Build/Products/Debug-iphonesimulator/Ratio.app/Firebase_FirebaseCrashlytics.bundle -scanforprivacyfile /Users/leonardofigueiredo/Library/Developer/Xcode/DerivedData/Ratio-dgukedwfifpyteflgeptozrgzmmp/Build/Products/Debug-iphonesimulator/Ratio.app/Firebase_FirebaseCrashlyticsSwift.bundle -scanforprivacyfile /Users/leonardofigueiredo/Library/Developer/Xcode/DerivedData/Ratio-dgukedwfifpyteflgeptozrgzmmp/Build/Products/Debug-iphonesimulator/Ratio.app/Firebase_FirebaseFirestore.bundle -scanforprivacyfile /Users/leonardofigueiredo/Library/Developer/Xcode/DerivedData/Ratio-dgukedwfifpyteflgeptozrgzmmp/Build/Products/Debug-iphonesimulator/Ratio.app/Firebase_FirebaseInstallations.bundle -scanforprivacyfile /Users/leonardofigueiredo/Library/Developer/Xcode/DerivedData/Ratio-dgukedwfifpyteflgeptozrgzmmp/Build/Products/Debug-iphonesimulator/Ratio.app/Firebase_FirebaseMessaging.bundle -scanforprivacyfile /Users/leonardofigueiredo/Library/Developer/Xcode/DerivedData/Ratio-dgukedwfifpyteflgeptozrgzmmp/Build/Products/Debug-iphonesimulator/Ratio.app/Frameworks/FirebaseAnalytics.framework -scanforprivacyfile /Users/leonardofigueiredo/Library/Developer/Xcode/DerivedData/Ratio-dgukedwfifpyteflgeptozrgzmmp/Build/Products/Debug-iphonesimulator/Ratio.app/Frameworks/FirebaseFirestoreInternal.framework -scanforprivacyfile /Users/leonardofigueiredo/Library/Developer/Xcode/DerivedData/Ratio-dgukedwfifpyteflgeptozrgzmmp/Build/Products/Debug-iphonesimulator/Ratio.app/Frameworks/GoogleAdsOnDeviceConversion.framework -scanforprivacyfile /Users/leonardofigueiredo/Library/Developer/Xcode/DerivedData/Ratio-dgukedwfifpyteflgeptozrgzmmp/Build/Products/Debug-iphonesimulator/Ratio.app/Frameworks/GoogleAppMeasurement.framework -scanforprivacyfile /Users/leonardofigueiredo/Library/Developer/Xcode/DerivedData/Ratio-dgukedwfifpyteflgeptozrgzmmp/Build/Products/Debug-iphonesimulator/Ratio.app/Frameworks/GoogleAppMeasurementIdentitySupport.framework -scanforprivacyfile /Users/leonardofigueiredo/Library/Developer/Xcode/DerivedData/Ratio-dgukedwfifpyteflgeptozrgzmmp/Build/Products/Debug-iphonesimulator/Ratio.app/Frameworks/absl.framework -scanforprivacyfile /Users/leonardofigueiredo/Library/Developer/Xcode/DerivedData/Ratio-dgukedwfifpyteflgeptozrgzmmp/Build/Products/Debug-iphonesimulator/Ratio.app/Frameworks/grpc.framework -scanforprivacyfile /Users/leonardofigueiredo/Library/Developer/Xcode/DerivedData/Ratio-dgukedwfifpyteflgeptozrgzmmp/Build/Products/Debug-iphonesimulator/Ratio.app/Frameworks/grpcpp.framework -scanforprivacyfile /Users/leonardofigueiredo/Library/Developer/Xcode/DerivedData/Ratio-dgukedwfifpyteflgeptozrgzmmp/Build/Products/Debug-iphonesimulator/Ratio.app/Frameworks/openssl_grpc.framework -scanforprivacyfile /Users/leonardofigueiredo/Library/Developer/Xcode/DerivedData/Ratio-dgukedwfifpyteflgeptozrgzmmp/Build/Products/Debug-iphonesimulator/Ratio.app/GTMSessionFetcher_GTMSessionFetcherCore.bundle -scanforprivacyfile /Users/leonardofigueiredo/Library/Developer/Xcode/DerivedData/Ratio-dgukedwfifpyteflgeptozrgzmmp/Build/Products/Debug-iphonesimulator/Ratio.app/GoogleDataTransport_GoogleDataTransport.bundle -scanforprivacyfile /Users/leonardofigueiredo/Library/Developer/Xcode/DerivedData/Ratio-dgukedwfifpyteflgeptozrgzmmp/Build/Products/Debug-iphonesimulator/Ratio.app/GoogleUtilities_GoogleUtilities-AppDelegateSwizzler.bundle -scanforprivacyfile /Users/leonardofigueiredo/Library/Developer/Xcode/DerivedData/Ratio-dgukedwfifpyteflgeptozrgzmmp/Build/Products/Debug-iphonesimulator/Ratio.app/GoogleUtilities_GoogleUtilities-Environment.bundle -scanforprivacyfile /Users/leonardofigueiredo/Library/Developer/Xcode/DerivedData/Ratio-dgukedwfifpyteflgeptozrgzmmp/Build/Products/Debug-iphonesimulator/Ratio.app/GoogleUtilities_GoogleUtilities-Logger.bundle -scanforprivacyfile /Users/leonardofigueiredo/Library/Developer/Xcode/DerivedData/Ratio-dgukedwfifpyteflgeptozrgzmmp/Build/Products/Debug-iphonesimulator/Ratio.app/GoogleUtilities_GoogleUtilities-MethodSwizzler.bundle -scanforprivacyfile /Users/leonardofigueiredo/Library/Developer/Xcode/DerivedData/Ratio-dgukedwfifpyteflgeptozrgzmmp/Build/Products/Debug-iphonesimulator/Ratio.app/GoogleUtilities_GoogleUtilities-NSData.bundle -scanforprivacyfile /Users/leonardofigueiredo/Library/Developer/Xcode/DerivedData/Ratio-dgukedwfifpyteflgeptozrgzmmp/Build/Products/Debug-iphonesimulator/Ratio.app/GoogleUtilities_GoogleUtilities-Network.bundle -scanforprivacyfile /Users/leonardofigueiredo/Library/Developer/Xcode/DerivedData/Ratio-dgukedwfifpyteflgeptozrgzmmp/Build/Products/Debug-iphonesimulator/Ratio.app/GoogleUtilities_GoogleUtilities-Reachability.bundle -scanforprivacyfile /Users/leonardofigueiredo/Library/Developer/Xcode/DerivedData/Ratio-dgukedwfifpyteflgeptozrgzmmp/Build/Products/Debug-iphonesimulator/Ratio.app/GoogleUtilities_GoogleUtilities-UserDefaults.bundle -scanforprivacyfile /Users/leonardofigueiredo/Library/Developer/Xcode/DerivedData/Ratio-dgukedwfifpyteflgeptozrgzmmp/Build/Products/Debug-iphonesimulator/Ratio.app/Promises_FBLPromises.bundle -scanforprivacyfile /Users/leonardofigueiredo/Library/Developer/Xcode/DerivedData/Ratio-dgukedwfifpyteflgeptozrgzmmp/Build/Products/Debug-iphonesimulator/Ratio.app/Promises_Promises.bundle -scanforprivacyfile /Users/leonardofigueiredo/Library/Developer/Xcode/DerivedData/Ratio-dgukedwfifpyteflgeptozrgzmmp/Build/Products/Debug-iphonesimulator/Ratio.app/abseil_abslWrapper.bundle -scanforprivacyfile /Users/leonardofigueiredo/Library/Developer/Xcode/DerivedData/Ratio-dgukedwfifpyteflgeptozrgzmmp/Build/Products/Debug-iphonesimulator/Ratio.app/gRPC_grpcWrapper.bundle -scanforprivacyfile /Users/leonardofigueiredo/Library/Developer/Xcode/DerivedData/Ratio-dgukedwfifpyteflgeptozrgzmmp/Build/Products/Debug-iphonesimulator/Ratio.app/gRPC_grpcppWrapper.bundle -scanforprivacyfile /Users/leonardofigueiredo/Library/Developer/Xcode/DerivedData/Ratio-dgukedwfifpyteflgeptozrgzmmp/Build/Products/Debug-iphonesimulator/Ratio.app/gRPC_opensslWrapper.bundle -scanforprivacyfile /Users/leonardofigueiredo/Library/Developer/Xcode/DerivedData/Ratio-dgukedwfifpyteflgeptozrgzmmp/Build/Products/Debug-iphonesimulator/Ratio.app/leveldb_leveldb.bundle -scanforprivacyfile /Users/leonardofigueiredo/Library/Developer/Xcode/DerivedData/Ratio-dgukedwfifpyteflgeptozrgzmmp/Build/Products/Debug-iphonesimulator/Ratio.app/nanopb_nanopb.bundle -o /Users/leonardofigueiredo/Library/Developer/Xcode/DerivedData/Ratio-dgukedwfifpyteflgeptozrgzmmp/Build/Products/Debug-iphonesimulator/Ratio.app/Info.plist

SwiftCompile normal arm64 Compiling\ GroupMapper.swift /Users/leonardofigueiredo/Projetos\ Mobile/ratio-ios/Ratio/Ratio/Features/Groups/Data/GroupMapper.swift (in target 'Ratio' from project 'Ratio')

SwiftCompile normal arm64 /Users/leonardofigueiredo/Projetos\ Mobile/ratio-ios/Ratio/Ratio/Features/Groups/Data/GroupMapper.swift (in target 'Ratio' from project 'Ratio')
    cd /Users/leonardofigueiredo/Projetos\ Mobile/ratio-ios/Ratio
    

SwiftEmitModule normal arm64 Emitting\ module\ for\ Ratio (in target 'Ratio' from project 'Ratio')
EmitSwiftModule normal arm64 (in target 'Ratio' from project 'Ratio')
    cd /Users/leonardofigueiredo/Projetos\ Mobile/ratio-ios/Ratio
    
/Users/leonardofigueiredo/Projetos Mobile/ratio-ios/Ratio/Ratio/Features/Advisor/Presentation/ViewModels/SmartAdvisorViewModel.swift:31:50: warning: call to main actor-isolated initializer 'init()' in a synchronous nonisolated context
        subscriptionsStore: SubscriptionsStore = SubscriptionsStore(),
                                                 ^
/Users/leonardofigueiredo/Projetos Mobile/ratio-ios/Ratio/Ratio/Features/Subscriptions/Data/SubscriptionsStore.swift:11:13: note: calls to initializer 'init()' from outside of its actor context are implicitly asynchronous
final class SubscriptionsStore {
            ^
/Users/leonardofigueiredo/Projetos Mobile/ratio-ios/Ratio/Ratio/Features/Advisor/Presentation/ViewModels/SmartAdvisorViewModel.swift:32:36: warning: call to main actor-isolated initializer 'init()' in a synchronous nonisolated context
        groupsStore: GroupsStore = GroupsStore(),
                                   ^
/Users/leonardofigueiredo/Projetos Mobile/ratio-ios/Ratio/Ratio/Features/Groups/Data/GroupsStore.swift:11:13: note: calls to initializer 'init()' from outside of its actor context are implicitly asynchronous
final class GroupsStore {
            ^
/Users/leonardofigueiredo/Projetos Mobile/ratio-ios/Ratio/Ratio/Features/Groups/Presentation/ViewModels/GroupPaymentsViewModel.swift:23:34: warning: call to main actor-isolated initializer 'init()' in a synchronous nonisolated context
        usersStore: UsersStore = UsersStore()
                                 ^
/Users/leonardofigueiredo/Projetos Mobile/ratio-ios/Ratio/Ratio/Features/Users/Data/UsersStore.swift:11:13: note: calls to initializer 'init()' from outside of its actor context are implicitly asynchronous
final class UsersStore {
            ^
/Users/leonardofigueiredo/Projetos Mobile/ratio-ios/Ratio/Ratio/Features/Groups/Presentation/Views/CreateGroupView.swift:25:24: error: invalid redeclaration of 'serviceLogin'
    @State private var serviceLogin = ""
                       ^
/Users/leonardofigueiredo/Projetos Mobile/ratio-ios/Ratio/Ratio/Features/Groups/Presentation/Views/CreateGroupView.swift:23:24: note: 'serviceLogin' previously declared here
    @State private var serviceLogin = ""
                       ^
/Users/leonardofigueiredo/Projetos Mobile/ratio-ios/Ratio/Ratio/Features/Groups/Presentation/Views/CreateGroupView.swift:23:24: note: 'serviceLogin' previously declared here
    @State private var serviceLogin = ""
                       ^
/Users/leonardofigueiredo/Projetos Mobile/ratio-ios/Ratio/Ratio/Features/Groups/Presentation/Views/CreateGroupView.swift:25:24: error: invalid redeclaration of synthesized property '$serviceLogin'
    @State private var serviceLogin = ""
                       ^
/Users/leonardofigueiredo/Projetos Mobile/ratio-ios/Ratio/Ratio/Features/Groups/Presentation/Views/CreateGroupView.swift:23:24: note: '$serviceLogin' synthesized for property wrapper projected value
    @State private var serviceLogin = ""
                       ^
/Users/leonardofigueiredo/Projetos Mobile/ratio-ios/Ratio/Ratio/Features/Groups/Presentation/Views/CreateGroupView.swift:25:24: error: invalid redeclaration of synthesized property '_serviceLogin'
    @State private var serviceLogin = ""
                       ^
/Users/leonardofigueiredo/Projetos Mobile/ratio-ios/Ratio/Ratio/Features/Groups/Presentation/Views/CreateGroupView.swift:23:24: note: '_serviceLogin' synthesized for property wrapper backing storage
    @State private var serviceLogin = ""
                       ^
/Users/leonardofigueiredo/Projetos Mobile/ratio-ios/Ratio/Ratio/Features/Groups/Presentation/Views/CreateGroupView.swift:26:24: error: invalid redeclaration of 'servicePassword'
    @State private var servicePassword = ""
                       ^
/Users/leonardofigueiredo/Projetos Mobile/ratio-ios/Ratio/Ratio/Features/Groups/Presentation/Views/CreateGroupView.swift:24:24: note: 'servicePassword' previously declared here
    @State private var servicePassword = ""
                       ^
/Users/leonardofigueiredo/Projetos Mobile/ratio-ios/Ratio/Ratio/Features/Groups/Presentation/Views/CreateGroupView.swift:24:24: note: 'servicePassword' previously declared here
    @State private var servicePassword = ""
                       ^
/Users/leonardofigueiredo/Projetos Mobile/ratio-ios/Ratio/Ratio/Features/Groups/Presentation/Views/CreateGroupView.swift:26:24: error: invalid redeclaration of synthesized property '$servicePassword'
    @State private var servicePassword = ""
                       ^
/Users/leonardofigueiredo/Projetos Mobile/ratio-ios/Ratio/Ratio/Features/Groups/Presentation/Views/CreateGroupView.swift:24:24: note: '$servicePassword' synthesized for property wrapper projected value
    @State private var servicePassword = ""
                       ^
/Users/leonardofigueiredo/Projetos Mobile/ratio-ios/Ratio/Ratio/Features/Groups/Presentation/Views/CreateGroupView.swift:26:24: error: invalid redeclaration of synthesized property '_servicePassword'
    @State private var servicePassword = ""
                       ^
/Users/leonardofigueiredo/Projetos Mobile/ratio-ios/Ratio/Ratio/Features/Groups/Presentation/Views/CreateGroupView.swift:24:24: note: '_servicePassword' synthesized for property wrapper backing storage
    @State private var servicePassword = ""
                       ^

Failed frontend command:
/Applications/Xcode.app/Contents/Developer/Toolchains/XcodeDefault.xctoolchain/usr/bin/swift-frontend -frontend -emit-module -experimental-skip-non-inlinable-function-bodies-without-types /Users/leonardofigueiredo/Projetos\ Mobile/ratio-ios/Ratio/Ratio/Features/Advisor/Data/Sources/AI/AdvisorAIEndpoint.swift /Users/leonardofigueiredo/Projetos\ Mobile/ratio-ios/Ratio/Ratio/Features/Advisor/Data/Sources/AI/AdvisorAIError.swift /Users/leonardofigueiredo/Projetos\ Mobile/ratio-ios/Ratio/Ratio/Features/Advisor/Data/Sources/AI/AdvisorAIProvider.swift /Users/leonardofigueiredo/Projetos\ Mobile/ratio-ios/Ratio/Ratio/Features/Advisor/Data/Sources/AI/AdvisorAIRequestBuilder.swift /Users/leonardofigueiredo/Projetos\ Mobile/ratio-ios/Ratio/Ratio/Features/Advisor/Data/Sources/AI/NoopAdvisorAIProvider.swift /Users/leonardofigueiredo/Projetos\ Mobile/ratio-ios/Ratio/Ratio/Features/Advisor/Data/Sources/AI/OpenAIChatAdvisorProvider.swift /Users/leonardofigueiredo/Projetos\ Mobile/ratio-ios/Ratio/Ratio/Features/Advisor/Domain/Models/AdvisorInsight.swift /Users/leonardofigueiredo/Projetos\ Mobile/ratio-ios/Ratio/Ratio/Features/Advisor/Domain/Models/AdvisorStat.swift /Users/leonardofigueiredo/Projetos\ Mobile/ratio-ios/Ratio/Ratio/Features/Advisor/Presentation/ViewModels/SmartAdvisorViewModel.swift /Users/leonardofigueiredo/Projetos\ Mobile/ratio-ios/Ratio/Ratio/Features/Advisor/Presentation/Views/SmartAdvisorView.swift /Users/leonardofigueiredo/Projetos\ Mobile/ratio-ios/Ratio/Ratio/Features/App/Domain/AppSettings.swift /Users/leonardofigueiredo/Projetos\ Mobile/ratio-ios/Ratio/Ratio/Features/App/Presentation/Models/MainTab.swift /Users/leonardofigueiredo/Projetos\ Mobile/ratio-ios/Ratio/Ratio/Features/App/Presentation/ViewModels/AppNavigationState.swift /Users/leonardofigueiredo/Projetos\ Mobile/ratio-ios/Ratio/Ratio/Features/App/Presentation/Views/ContentView.swift /Users/leonardofigueiredo/Projetos\ Mobile/ratio-ios/Ratio/Ratio/Features/App/Presentation/Views/MainTabView.swift /Users/leonardofigueiredo/Projetos\ Mobile/ratio-ios/Ratio/Ratio/Features/Auth/Presentation/ViewModels/AuthViewModel.swift /Users/leonardofigueiredo/Projetos\ Mobile/ratio-ios/Ratio/Ratio/Features/Auth/Presentation/Views/LoginView.swift /Users/leonardofigueiredo/Projetos\ Mobile/ratio-ios/Ratio/Ratio/Features/Auth/Presentation/Views/SignupView.swift /Users/leonardofigueiredo/Projetos\ Mobile/ratio-ios/Ratio/Ratio/Features/Groups/Data/GroupMapper.swift /Users/leonardofigueiredo/Projetos\ Mobile/ratio-ios/Ratio/Ratio/Features/Groups/Data/GroupPaymentsStore.swift /Users/leonardofigueiredo/Projetos\ Mobile/ratio-ios/Ratio/Ratio/Features/Groups/Data/GroupsStore.swift /Users/leonardofigueiredo/Projetos\ Mobile/ratio-ios/Ratio/Ratio/Features/Groups/Domain/Models/BillingPeriod.swift /Users/leonardofigueiredo/Projetos\ Mobile/ratio-ios/Ratio/Ratio/Features/Groups/Domain/Models/Group.swift /Users/leonardofigueiredo/Projetos\ Mobile/ratio-ios/Ratio/Ratio/Features/Groups/Domain/Models/GroupCategory.swift /Users/leonardofigueiredo/Projetos\ Mobile/ratio-ios/Ratio/Ratio/Features/Groups/Domain/Models/GroupMember.swift /Users/leonardofigueiredo/Projetos\ Mobile/ratio-ios/Ratio/Ratio/Features/Groups/Domain/Models/GroupMemberDraft.swift /Users/leonardofigueiredo/Projetos\ Mobile/ratio-ios/Ratio/Ratio/Features/Groups/Domain/Models/GroupMemberStatus.swift /Users/leonardofigueiredo/Projetos\ Mobile/ratio-ios/Ratio/Ratio/Features/Groups/Domain/WhatsAppMessageBuilder.swift /Users/leonardofigueiredo/Projetos\ Mobile/ratio-ios/Ratio/Ratio/Features/Groups/Presentation/ViewModels/GroupCreationViewModel.swift /Users/leonardofigueiredo/Projetos\ Mobile/ratio-ios/Ratio/Ratio/Features/Groups/Presentation/ViewModels/GroupPaymentsViewModel.swift /Users/leonardofigueiredo/Projetos\ Mobile/ratio-ios/Ratio/Ratio/Features/Groups/Presentation/ViewModels/GroupsViewModel.swift /Users/leonardofigueiredo/Projetos\ Mobile/ratio-ios/Ratio/Ratio/Features/Groups/Presentation/Views/CreateGroupView.swift /Users/leonardofigueiredo/Projetos\ Mobile/ratio-ios/Ratio/Ratio/Features/Groups/Presentation/Views/EditGroupView.swift /Users/leonardofigueiredo/Projetos\ Mobile/ratio-ios/Ratio/Ratio/Features/Groups/Presentation/Views/GroupAvatarStack.swift /Users/leonardofigueiredo/Projetos\ Mobile/ratio-ios/Ratio/Ratio/Features/Groups/Presentation/Views/GroupCardView.swift /Users/leonardofigueiredo/Projetos\ Mobile/ratio-ios/Ratio/Ratio/Features/Groups/Presentation/Views/GroupDetailView.swift /Users/leonardofigueiredo/Projetos\ Mobile/ratio-ios/Ratio/Ratio/Features/Groups/Presentation/Views/GroupsView.swift /Users/leonardofigueiredo/Projetos\ Mobile/ratio-ios/Ratio/Ratio/Features/Groups/Presentation/Views/MemberAvatarView.swift /Users/leonardofigueiredo/Projetos\ Mobile/ratio-ios/Ratio/Ratio/Features/Groups/Presentation/Views/MemberRowView.swift /Users/leonardofigueiredo/Projetos\ Mobile/ratio-ios/Ratio/Ratio/Features/Groups/Presentation/Views/PaymentSubmissionView.swift /Users/leonardofigueiredo/Projetos\ Mobile/ratio-ios/Ratio/Ratio/Features/Home/Presentation/Models/CategorySpendItem.swift /Users/leonardofigueiredo/Projetos\ Mobile/ratio-ios/Ratio/Ratio/Features/Home/Presentation/Models/HomeInsightItem.swift /Users/leonardofigueiredo/Projetos\ Mobile/ratio-ios/Ratio/Ratio/Features/Home/Presentation/Models/UpcomingPaymentItem.swift /Users/leonardofigueiredo/Projetos\ Mobile/ratio-ios/Ratio/Ratio/Features/Home/Presentation/ViewModels/HomeViewModel.swift /Users/leonardofigueiredo/Projetos\ Mobile/ratio-ios/Ratio/Ratio/Features/Home/Presentation/Views/HomeCategoryDonutCardView.swift /Users/leonardofigueiredo/Projetos\ Mobile/ratio-ios/Ratio/Ratio/Features/Home/Presentation/Views/HomeCategoryDonutView.swift /Users/leonardofigueiredo/Projetos\ Mobile/ratio-ios/Ratio/Ratio/Features/Home/Presentation/Views/HomeCategoryLegendRowView.swift /Users/leonardofigueiredo/Projetos\ Mobile/ratio-ios/Ratio/Ratio/Features/Home/Presentation/Views/HomeCurrencySummaryView.swift /Users/leonardofigueiredo/Projetos\ Mobile/ratio-ios/Ratio/Ratio/Features/Home/Presentation/Views/HomeInsightChipView.swift /Users/leonardofigueiredo/Projetos\ Mobile/ratio-ios/Ratio/Ratio/Features/Home/Presentation/Views/HomeInsightsRowView.swift /Users/leonardofigueiredo/Projetos\ Mobile/ratio-ios/Ratio/Ratio/Features/Home/Presentation/Views/HomeSummaryCardView.swift /Users/leonardofigueiredo/Projetos\ Mobile/ratio-ios/Ratio/Ratio/Features/Home/Presentation/Views/HomeUpcomingRowView.swift /Users/leonardofigueiredo/Projetos\ Mobile/ratio-ios/Ratio/Ratio/Features/Home/Presentation/Views/HomeUpcomingSectionView.swift /Users/leonardofigueiredo/Projetos\ Mobile/ratio-ios/Ratio/Ratio/Features/Home/Presentation/Views/HomeView.swift /Users/leonardofigueiredo/Projetos\ Mobile/ratio-ios/Ratio/Ratio/Features/Invites/Data/InvitesStore.swift /Users/leonardofigueiredo/Projetos\ Mobile/ratio-ios/Ratio/Ratio/Features/Invites/Domain/Models/GroupInvite.swift /Users/leonardofigueiredo/Projetos\ Mobile/ratio-ios/Ratio/Ratio/Features/Invites/Domain/Models/InviteError.swift /Users/leonardofigueiredo/Projetos\ Mobile/ratio-ios/Ratio/Ratio/Features/Invites/Domain/Models/InviteInfo.swift /Users/leonardofigueiredo/Projetos\ Mobile/ratio-ios/Ratio/Ratio/Features/Invites/Domain/Models/InviteToken.swift /Users/leonardofigueiredo/Projetos\ Mobile/ratio-ios/Ratio/Ratio/Features/Invites/Presentation/ViewModels/GroupInviteViewModel.swift /Users/leonardofigueiredo/Projetos\ Mobile/ratio-ios/Ratio/Ratio/Features/Invites/Presentation/ViewModels/InviteAcceptanceViewModel.swift /Users/leonardofigueiredo/Projetos\ Mobile/ratio-ios/Ratio/Ratio/Features/Invites/Presentation/ViewModels/InviteCoordinator.swift /Users/leonardofigueiredo/Projetos\ Mobile/ratio-ios/Ratio/Ratio/Features/Invites/Presentation/Views/InviteAcceptanceView.swift /Users/leonardofigueiredo/Projetos\ Mobile/ratio-ios/Ratio/Ratio/Features/Notifications/NotificationManager.swift /Users/leonardofigueiredo/Projetos\ Mobile/ratio-ios/Ratio/Ratio/Features/Notifications/NotificationRoute.swift /Users/leonardofigueiredo/Projetos\ Mobile/ratio-ios/Ratio/Ratio/Features/Notifications/NotificationRouteHandler.swift /Users/leonardofigueiredo/Projetos\ Mobile/ratio-ios/Ratio/Ratio/Features/Notifications/NotificationRouteNotification.swift /Users/leonardofigueiredo/Projetos\ Mobile/ratio-ios/Ratio/Ratio/Features/Notifications/NotificationRoutePayload.swift /Users/leonardofigueiredo/Projetos\ Mobile/ratio-ios/Ratio/Ratio/Features/Settings/Presentation/Views/SettingsView.swift /Users/leonardofigueiredo/Projetos\ Mobile/ratio-ios/Ratio/Ratio/Features/Shared/Extensions/Array+Unique.swift /Users/leonardofigueiredo/Projetos\ Mobile/ratio-ios/Ratio/Ratio/Features/Shared/Styling/AvatarColorProvider.swift /Users/leonardofigueiredo/Projetos\ Mobile/ratio-ios/Ratio/Ratio/Features/Subscriptions/Data/SubscriptionMapper.swift /Users/leonardofigueiredo/Projetos\ Mobile/ratio-ios/Ratio/Ratio/Features/Subscriptions/Data/SubscriptionsStore.swift /Users/leonardofigueiredo/Projetos\ Mobile/ratio-ios/Ratio/Ratio/Features/Subscriptions/Domain/Models/SubscriptionCategory.swift /Users/leonardofigueiredo/Projetos\ Mobile/ratio-ios/Ratio/Ratio/Features/Subscriptions/Domain/Models/SubscriptionItem.swift /Users/leonardofigueiredo/Projetos\ Mobile/ratio-ios/Ratio/Ratio/Features/Subscriptions/Domain/Models/SubscriptionPeriod.swift /Users/leonardofigueiredo/Projetos\ Mobile/ratio-ios/Ratio/Ratio/Features/Subscriptions/Presentation/ViewModels/SubscriptionsViewModel.swift /Users/leonardofigueiredo/Projetos\ Mobile/ratio-ios/Ratio/Ratio/Features/Subscriptions/Presentation/Views/CreateSubscriptionView.swift /Users/leonardofigueiredo/Projetos\ Mobile/ratio-ios/Ratio/Ratio/Features/Subscriptions/Presentation/Views/EditSubscriptionView.swift /Users/leonardofigueiredo/Projetos\ Mobile/ratio-ios/Ratio/Ratio/Features/Subscriptions/Presentation/Views/SubscriptionsView.swift /Users/leonardofigueiredo/Projetos\ Mobile/ratio-ios/Ratio/Ratio/Features/Users/Data/UsersStore.swift /Users/leonardofigueiredo/Projetos\ Mobile/ratio-ios/Ratio/Ratio/Features/Users/Domain/Models/UserProfile.swift /Users/leonardofigueiredo/Projetos\ Mobile/ratio-ios/Ratio/Ratio/Features/Users/Presentation/ViewModels/EditProfileViewModel.swift /Users/leonardofigueiredo/Projetos\ Mobile/ratio-ios/Ratio/Ratio/Features/Users/Presentation/Views/EditProfileView.swift /Users/leonardofigueiredo/Projetos\ Mobile/ratio-ios/Ratio/Ratio/RatioApp.swift /Users/leonardofigueiredo/Library/Developer/Xcode/DerivedData/Ratio-dgukedwfifpyteflgeptozrgzmmp/Build/Intermediates.noindex/Ratio.build/Debug-iphonesimulator/Ratio.build/DerivedSources/GeneratedAssetSymbols.swift /Users/leonardofigueiredo/Library/Developer/Xcode/DerivedData/Ratio-dgukedwfifpyteflgeptozrgzmmp/Build/Intermediates.noindex/Ratio.build/Debug-iphonesimulator/Ratio.build/DerivedSources/GeneratedStringSymbols_Localizable.swift -target arm64-apple-ios17.6-simulator -module-can-import-version DeveloperToolsSupport 23.0.4 23.0.4 -module-can-import-version SwiftUI 7.2.5.1 7.2.5 -module-can-import-version UIKit 9126.2.4.1 9126.2.4 -disable-cross-import-overlay-search -swift-module-cross-import PhotosUI /Applications/Xcode.app/Contents/Developer/Platforms/iPhoneSimulator.platform/Developer/SDKs/iPhoneSimulator.sdk/System/Library/Frameworks/PhotosUI.framework/Modules/PhotosUI.swiftcrossimport/SwiftUI.swiftoverlay -swift-module-cross-import PhotosUI /Applications/Xcode.app/Contents/Developer/Platforms/iPhoneSimulator.platform/Developer/SDKs/iPhoneSimulator.sdk/System/Library/Frameworks/PhotosUI.framework/Modules/PhotosUI.swiftcrossimport/WidgetKit.swiftoverlay -swift-module-cross-import PhotosUI /Applications/Xcode.app/Contents/Developer/Platforms/iPhoneSimulator.platform/Developer/SDKs/iPhoneSimulator26.2.sdk/System/Library/Frameworks/PhotosUI.framework/Modules/PhotosUI.swiftcrossimport/SwiftUI.swiftoverlay -swift-module-cross-import PhotosUI /Applications/Xcode.app/Contents/Developer/Platforms/iPhoneSimulator.platform/Developer/SDKs/iPhoneSimulator26.2.sdk/System/Library/Frameworks/PhotosUI.framework/Modules/PhotosUI.swiftcrossimport/WidgetKit.swiftoverlay -load-resolved-plugin /Applications/Xcode.app/Contents/Developer/Platforms/iPhoneOS.platform/Developer/usr/lib/swift/host/plugins/libFoundationMacros.dylib\#/Applications/Xcode.app/Contents/Developer/Platforms/iPhoneOS.platform/Developer/usr/bin/swift-plugin-server\#FoundationMacros -load-resolved-plugin /Applications/Xcode.app/Contents/Developer/Platforms/iPhoneOS.platform/Developer/usr/lib/swift/host/plugins/libObservationMacros.dylib\#/Applications/Xcode.app/Contents/Developer/Platforms/iPhoneOS.platform/Developer/usr/bin/swift-plugin-server\#ObservationMacros -load-resolved-plugin /Applications/Xcode.app/Contents/Developer/Platforms/iPhoneOS.platform/Developer/usr/lib/swift/host/plugins/libPreviewsMacros.dylib\#/Applications/Xcode.app/Contents/Developer/Platforms/iPhoneOS.platform/Developer/usr/bin/swift-plugin-server\#PreviewsMacros -load-resolved-plugin /Applications/Xcode.app/Contents/Developer/Platforms/iPhoneOS.platform/Developer/usr/lib/swift/host/plugins/libSwiftMacros.dylib\#/Applications/Xcode.app/Contents/Developer/Platforms/iPhoneOS.platform/Developer/usr/bin/swift-plugin-server\#SwiftMacros -load-resolved-plugin /Applications/Xcode.app/Contents/Developer/Platforms/iPhoneOS.platform/Developer/usr/lib/swift/host/plugins/libSwiftUIMacros.dylib\#/Applications/Xcode.app/Contents/Developer/Platforms/iPhoneOS.platform/Developer/usr/bin/swift-plugin-server\#SwiftUIMacros -disable-implicit-swift-modules -Xcc -fno-implicit-modules -Xcc -fno-implicit-module-maps -explicit-swift-module-map-file /Users/leonardofigueiredo/Library/Developer/Xcode/DerivedData/Ratio-dgukedwfifpyteflgeptozrgzmmp/Build/Intermediates.noindex/Ratio.build/Debug-iphonesimulator/Ratio.build/Objects-normal/arm64/Ratio-dependencies-1.json -Xllvm -aarch64-use-tbi -enable-objc-interop -sdk /Applications/Xcode.app/Contents/Developer/Platforms/iPhoneSimulator.platform/Developer/SDKs/iPhoneSimulator26.2.sdk -I /Users/leonardofigueiredo/Library/Developer/Xcode/DerivedData/Ratio-dgukedwfifpyteflgeptozrgzmmp/Build/Products/Debug-iphonesimulator -F /Users/leonardofigueiredo/Library/Developer/Xcode/DerivedData/Ratio-dgukedwfifpyteflgeptozrgzmmp/Build/Products/Debug-iphonesimulator/PackageFrameworks -F /Users/leonardofigueiredo/Library/Developer/Xcode/DerivedData/Ratio-dgukedwfifpyteflgeptozrgzmmp/Build/Products/Debug-iphonesimulator/PackageFrameworks -F /Users/leonardofigueiredo/Library/Developer/Xcode/DerivedData/Ratio-dgukedwfifpyteflgeptozrgzmmp/Build/Products/Debug-iphonesimulator/PackageFrameworks -F /Users/leonardofigueiredo/Library/Developer/Xcode/DerivedData/Ratio-dgukedwfifpyteflgeptozrgzmmp/Build/Products/Debug-iphonesimulator/PackageFrameworks -F /Users/leonardofigueiredo/Library/Developer/Xcode/DerivedData/Ratio-dgukedwfifpyteflgeptozrgzmmp/Build/Products/Debug-iphonesimulator/PackageFrameworks -F /Users/leonardofigueiredo/Library/Developer/Xcode/DerivedData/Ratio-dgukedwfifpyteflgeptozrgzmmp/Build/Products/Debug-iphonesimulator/PackageFrameworks -F /Users/leonardofigueiredo/Library/Developer/Xcode/DerivedData/Ratio-dgukedwfifpyteflgeptozrgzmmp/Build/Products/Debug-iphonesimulator/PackageFrameworks -F /Users/leonardofigueiredo/Library/Developer/Xcode/DerivedData/Ratio-dgukedwfifpyteflgeptozrgzmmp/Build/Products/Debug-iphonesimulator/PackageFrameworks -F /Users/leonardofigueiredo/Library/Developer/Xcode/DerivedData/Ratio-dgukedwfifpyteflgeptozrgzmmp/Build/Products/Debug-iphonesimulator/PackageFrameworks -F /Users/leonardofigueiredo/Library/Developer/Xcode/DerivedData/Ratio-dgukedwfifpyteflgeptozrgzmmp/Build/Products/Debug-iphonesimulator/PackageFrameworks -F /Users/leonardofigueiredo/Library/Developer/Xcode/DerivedData/Ratio-dgukedwfifpyteflgeptozrgzmmp/Build/Products/Debug-iphonesimulator/PackageFrameworks -F /Users/leonardofigueiredo/Library/Developer/Xcode/DerivedData/Ratio-dgukedwfifpyteflgeptozrgzmmp/Build/Products/Debug-iphonesimulator/PackageFrameworks -F /Users/leonardofigueiredo/Library/Developer/Xcode/DerivedData/Ratio-dgukedwfifpyteflgeptozrgzmmp/Build/Products/Debug-iphonesimulator/PackageFrameworks -F /Users/leonardofigueiredo/Library/Developer/Xcode/DerivedData/Ratio-dgukedwfifpyteflgeptozrgzmmp/Build/Products/Debug-iphonesimulator/PackageFrameworks -F /Users/leonardofigueiredo/Library/Developer/Xcode/DerivedData/Ratio-dgukedwfifpyteflgeptozrgzmmp/Build/Products/Debug-iphonesimulator/PackageFrameworks -F /Users/leonardofigueiredo/Library/Developer/Xcode/DerivedData/Ratio-dgukedwfifpyteflgeptozrgzmmp/Build/Products/Debug-iphonesimulator/PackageFrameworks -F /Users/leonardofigueiredo/Library/Developer/Xcode/DerivedData/Ratio-dgukedwfifpyteflgeptozrgzmmp/Build/Products/Debug-iphonesimulator/PackageFrameworks -F /Users/leonardofigueiredo/Library/Developer/Xcode/DerivedData/Ratio-dgukedwfifpyteflgeptozrgzmmp/Build/Products/Debug-iphonesimulator/PackageFrameworks -F /Users/leonardofigueiredo/Library/Developer/Xcode/DerivedData/Ratio-dgukedwfifpyteflgeptozrgzmmp/Build/Products/Debug-iphonesimulator/PackageFrameworks -F /Users/leonardofigueiredo/Library/Developer/Xcode/DerivedData/Ratio-dgukedwfifpyteflgeptozrgzmmp/Build/Products/Debug-iphonesimulator/PackageFrameworks -F /Users/leonardofigueiredo/Library/Developer/Xcode/DerivedData/Ratio-dgukedwfifpyteflgeptozrgzmmp/Build/Products/Debug-iphonesimulator/PackageFrameworks -F /Users/leonardofigueiredo/Library/Developer/Xcode/DerivedData/Ratio-dgukedwfifpyteflgeptozrgzmmp/Build/Products/Debug-iphonesimulator/PackageFrameworks -F /Users/leonardofigueiredo/Library/Developer/Xcode/DerivedData/Ratio-dgukedwfifpyteflgeptozrgzmmp/Build/Products/Debug-iphonesimulator/PackageFrameworks -F /Users/leonardofigueiredo/Library/Developer/Xcode/DerivedData/Ratio-dgukedwfifpyteflgeptozrgzmmp/Build/Products/Debug-iphonesimulator/PackageFrameworks -F /Users/leonardofigueiredo/Library/Developer/Xcode/DerivedData/Ratio-dgukedwfifpyteflgeptozrgzmmp/Build/Products/Debug-iphonesimulator/PackageFrameworks -F /Users/leonardofigueiredo/Library/Developer/Xcode/DerivedData/Ratio-dgukedwfifpyteflgeptozrgzmmp/Build/Products/Debug-iphonesimulator/PackageFrameworks -F /Users/leonardofigueiredo/Library/Developer/Xcode/DerivedData/Ratio-dgukedwfifpyteflgeptozrgzmmp/Build/Products/Debug-iphonesimulator/PackageFrameworks -F /Users/leonardofigueiredo/Library/Developer/Xcode/DerivedData/Ratio-dgukedwfifpyteflgeptozrgzmmp/Build/Products/Debug-iphonesimulator/PackageFrameworks -F /Users/leonardofigueiredo/Library/Developer/Xcode/DerivedData/Ratio-dgukedwfifpyteflgeptozrgzmmp/Build/Products/Debug-iphonesimulator/PackageFrameworks -F /Users/leonardofigueiredo/Library/Developer/Xcode/DerivedData/Ratio-dgukedwfifpyteflgeptozrgzmmp/Build/Products/Debug-iphonesimulator/PackageFrameworks -F /Users/leonardofigueiredo/Library/Developer/Xcode/DerivedData/Ratio-dgukedwfifpyteflgeptozrgzmmp/Build/Products/Debug-iphonesimulator/PackageFrameworks -F /Users/leonardofigueiredo/Library/Developer/Xcode/DerivedData/Ratio-dgukedwfifpyteflgeptozrgzmmp/Build/Products/Debug-iphonesimulator/PackageFrameworks -F /Users/leonardofigueiredo/Library/Developer/Xcode/DerivedData/Ratio-dgukedwfifpyteflgeptozrgzmmp/Build/Products/Debug-iphonesimulator/PackageFrameworks -F /Users/leonardofigueiredo/Library/Developer/Xcode/DerivedData/Ratio-dgukedwfifpyteflgeptozrgzmmp/Build/Products/Debug-iphonesimulator/PackageFrameworks -F /Users/leonardofigueiredo/Library/Developer/Xcode/DerivedData/Ratio-dgukedwfifpyteflgeptozrgzmmp/Build/Products/Debug-iphonesimulator/PackageFrameworks -F /Users/leonardofigueiredo/Library/Developer/Xcode/DerivedData/Ratio-dgukedwfifpyteflgeptozrgzmmp/Build/Products/Debug-iphonesimulator/PackageFrameworks -F /Users/leonardofigueiredo/Library/Developer/Xcode/DerivedData/Ratio-dgukedwfifpyteflgeptozrgzmmp/Build/Products/Debug-iphonesimulator/PackageFrameworks -F /Users/leonardofigueiredo/Library/Developer/Xcode/DerivedData/Ratio-dgukedwfifpyteflgeptozrgzmmp/Build/Products/Debug-iphonesimulator/PackageFrameworks -F /Users/leonardofigueiredo/Library/Developer/Xcode/DerivedData/Ratio-dgukedwfifpyteflgeptozrgzmmp/Build/Products/Debug-iphonesimulator/PackageFrameworks -F /Users/leonardofigueiredo/Library/Developer/Xcode/DerivedData/Ratio-dgukedwfifpyteflgeptozrgzmmp/Build/Products/Debug-iphonesimulator/PackageFrameworks -F /Users/leonardofigueiredo/Library/Developer/Xcode/DerivedData/Ratio-dgukedwfifpyteflgeptozrgzmmp/Build/Products/Debug-iphonesimulator/PackageFrameworks -F /Users/leonardofigueiredo/Library/Developer/Xcode/DerivedData/Ratio-dgukedwfifpyteflgeptozrgzmmp/Build/Products/Debug-iphonesimulator/PackageFrameworks -F /Users/leonardofigueiredo/Library/Developer/Xcode/DerivedData/Ratio-dgukedwfifpyteflgeptozrgzmmp/Build/Products/Debug-iphonesimulator/PackageFrameworks -F /Users/leonardofigueiredo/Library/Developer/Xcode/DerivedData/Ratio-dgukedwfifpyteflgeptozrgzmmp/Build/Products/Debug-iphonesimulator/PackageFrameworks -F /Users/leonardofigueiredo/Library/Developer/Xcode/DerivedData/Ratio-dgukedwfifpyteflgeptozrgzmmp/Build/Products/Debug-iphonesimulator/PackageFrameworks -F /Users/leonardofigueiredo/Library/Developer/Xcode/DerivedData/Ratio-dgukedwfifpyteflgeptozrgzmmp/Build/Products/Debug-iphonesimulator/PackageFrameworks -F /Users/leonardofigueiredo/Library/Developer/Xcode/DerivedData/Ratio-dgukedwfifpyteflgeptozrgzmmp/Build/Products/Debug-iphonesimulator/PackageFrameworks -F /Users/leonardofigueiredo/Library/Developer/Xcode/DerivedData/Ratio-dgukedwfifpyteflgeptozrgzmmp/Build/Products/Debug-iphonesimulator/PackageFrameworks -F /Users/leonardofigueiredo/Library/Developer/Xcode/DerivedData/Ratio-dgukedwfifpyteflgeptozrgzmmp/Build/Products/Debug-iphonesimulator/PackageFrameworks -F /Users/leonardofigueiredo/Library/Developer/Xcode/DerivedData/Ratio-dgukedwfifpyteflgeptozrgzmmp/Build/Products/Debug-iphonesimulator/PackageFrameworks -F /Users/leonardofigueiredo/Library/Developer/Xcode/DerivedData/Ratio-dgukedwfifpyteflgeptozrgzmmp/Build/Products/Debug-iphonesimulator/PackageFrameworks -F /Users/leonardofigueiredo/Library/Developer/Xcode/DerivedData/Ratio-dgukedwfifpyteflgeptozrgzmmp/Build/Products/Debug-iphonesimulator -no-color-diagnostics -Xcc -fno-color-diagnostics -enable-testing -g -debug-info-format\=dwarf -dwarf-version\=4 -module-cache-path /Users/leonardofigueiredo/Library/Developer/Xcode/DerivedData/Ratio-dgukedwfifpyteflgeptozrgzmmp/Build/Intermediates.noindex/SwiftExplicitPrecompiledModules -swift-version 5 -enforce-exclusivity\=checked -Onone -D DEBUG -serialize-debugging-options -const-gather-protocols-file /Users/leonardofigueiredo/Library/Developer/Xcode/DerivedData/Ratio-dgukedwfifpyteflgeptozrgzmmp/Build/Intermediates.noindex/Ratio.build/Debug-iphonesimulator/Ratio.build/Objects-normal/arm64/Ratio_const_extract_protocols.json -enable-upcoming-feature DisableOutwardActorInference -enable-upcoming-feature InferSendableFromCaptures -enable-upcoming-feature GlobalActorIsolatedTypesUsability -enable-upcoming-feature MemberImportVisibility -enable-upcoming-feature InferIsolatedConformances -enable-upcoming-feature NonisolatedNonsendingByDefault -enable-experimental-feature DebugDescriptionMacro -enable-bare-slash-regex -default-isolation\=MainActor -empty-abi-descriptor -validate-clang-modules-once -clang-build-session-file /Users/leonardofigueiredo/Library/Developer/Xcode/DerivedData/ModuleCache.noindex/Session.modulevalidation -Xcc -working-directory -Xcc /Users/leonardofigueiredo/Projetos\ Mobile/ratio-ios/Ratio -enable-anonymous-context-mangled-names -file-compilation-dir /Users/leonardofigueiredo/Projetos\ Mobile/ratio-ios/Ratio -Xcc -fmodule-map-file\=/Users/leonardofigueiredo/Library/Developer/Xcode/DerivedData/Ratio-dgukedwfifpyteflgeptozrgzmmp/Build/Intermediates.noindex/GeneratedModuleMaps-iphonesimulator/FirebasePerformance.modulemap -Xcc -fmodule-map-file\=/Users/leonardofigueiredo/Library/Developer/Xcode/DerivedData/Ratio-dgukedwfifpyteflgeptozrgzmmp/Build/Intermediates.noindex/GeneratedModuleMaps-iphonesimulator/FirebaseRemoteConfigInternal.modulemap -Xcc -fmodule-map-file\=/Users/leonardofigueiredo/Library/Developer/Xcode/DerivedData/Ratio-dgukedwfifpyteflgeptozrgzmmp/Build/Intermediates.noindex/GeneratedModuleMaps-iphonesimulator/FirebaseABTesting.modulemap -Xcc -fmodule-map-file\=/Users/leonardofigueiredo/Library/Developer/Xcode/DerivedData/Ratio-dgukedwfifpyteflgeptozrgzmmp/Build/Intermediates.noindex/GeneratedModuleMaps-iphonesimulator/FirebasePerformanceTarget.modulemap -Xcc -fmodule-map-file\=/Users/leonardofigueiredo/Library/Developer/Xcode/DerivedData/Ratio-dgukedwfifpyteflgeptozrgzmmp/Build/Intermediates.noindex/GeneratedModuleMaps-iphonesimulator/FirebaseMessaging.modulemap -Xcc -fmodule-map-file\=/Users/leonardofigueiredo/Library/Developer/Xcode/DerivedData/Ratio-dgukedwfifpyteflgeptozrgzmmp/Build/Intermediates.noindex/GeneratedModuleMaps-iphonesimulator/GoogleAdsOnDeviceConversionTarget.modulemap -Xcc -fmodule-map-file\=/Users/leonardofigueiredo/Library/Developer/Xcode/DerivedData/Ratio-dgukedwfifpyteflgeptozrgzmmp/Build/Intermediates.noindex/GeneratedModuleMaps-iphonesimulator/GoogleAppMeasurementTarget.modulemap -Xcc -fmodule-map-file\=/Users/leonardofigueiredo/Library/Developer/Xcode/DerivedData/Ratio-dgukedwfifpyteflgeptozrgzmmp/Build/Intermediates.noindex/GeneratedModuleMaps-iphonesimulator/FirebaseAnalyticsWrapper.modulemap -Xcc -fmodule-map-file\=/Users/leonardofigueiredo/Library/Developer/Xcode/DerivedData/Ratio-dgukedwfifpyteflgeptozrgzmmp/Build/Intermediates.noindex/GeneratedModuleMaps-iphonesimulator/FirebaseAnalyticsTarget.modulemap -Xcc -fmodule-map-file\=/Users/leonardofigueiredo/Library/Developer/Xcode/DerivedData/Ratio-dgukedwfifpyteflgeptozrgzmmp/Build/Intermediates.noindex/GeneratedModuleMaps-iphonesimulator/GoogleDataTransport.modulemap -Xcc -fmodule-map-file\=/Users/leonardofigueiredo/Library/Developer/Xcode/DerivedData/Ratio-dgukedwfifpyteflgeptozrgzmmp/Build/Intermediates.noindex/GeneratedModuleMaps-iphonesimulator/FirebaseSessionsObjC.modulemap -Xcc -fmodule-map-file\=/Users/leonardofigueiredo/Library/Developer/Xcode/DerivedData/Ratio-dgukedwfifpyteflgeptozrgzmmp/Build/Intermediates.noindex/GeneratedModuleMaps-iphonesimulator/FirebaseCrashlytics.modulemap -Xcc -fmodule-map-file\=/Users/leonardofigueiredo/Library/Developer/Xcode/DerivedData/Ratio-dgukedwfifpyteflgeptozrgzmmp/Build/Intermediates.noindex/GeneratedModuleMaps-iphonesimulator/RecaptchaInterop.modulemap -Xcc -fmodule-map-file\=/Users/leonardofigueiredo/Library/Developer/Xcode/DerivedData/Ratio-dgukedwfifpyteflgeptozrgzmmp/Build/Intermediates.noindex/GeneratedModuleMaps-iphonesimulator/FirebaseAuthInternal.modulemap -Xcc -fmodule-map-file\=/Users/leonardofigueiredo/Library/Developer/Xcode/DerivedData/Ratio-dgukedwfifpyteflgeptozrgzmmp/Build/Intermediates.noindex/GeneratedModuleMaps-iphonesimulator/abslWrapper.modulemap -Xcc -fmodule-map-file\=/Users/leonardofigueiredo/Library/Developer/Xcode/DerivedData/Ratio-dgukedwfifpyteflgeptozrgzmmp/Build/Intermediates.noindex/GeneratedModuleMaps-iphonesimulator/opensslWrapper.modulemap -Xcc -fmodule-map-file\=/Users/leonardofigueiredo/Library/Developer/Xcode/DerivedData/Ratio-dgukedwfifpyteflgeptozrgzmmp/Build/Intermediates.noindex/GeneratedModuleMaps-iphonesimulator/grpcWrapper.modulemap -Xcc -fmodule-map-file\=/Users/leonardofigueiredo/Library/Developer/Xcode/DerivedData/Ratio-dgukedwfifpyteflgeptozrgzmmp/Build/Intermediates.noindex/GeneratedModuleMaps-iphonesimulator/grpcppWrapper.modulemap -Xcc -fmodule-map-file\=/Users/leonardofigueiredo/Library/Developer/Xcode/DerivedData/Ratio-dgukedwfifpyteflgeptozrgzmmp/Build/Intermediates.noindex/GeneratedModuleMaps-iphonesimulator/leveldb.modulemap -Xcc -fmodule-map-file\=/Users/leonardofigueiredo/Library/Developer/Xcode/DerivedData/Ratio-dgukedwfifpyteflgeptozrgzmmp/Build/Intermediates.noindex/GeneratedModuleMaps-iphonesimulator/FirebaseFirestoreInternalWrapper.modulemap -Xcc -fmodule-map-file\=/Users/leonardofigueiredo/Library/Developer/Xcode/DerivedData/Ratio-dgukedwfifpyteflgeptozrgzmmp/Build/Intermediates.noindex/GeneratedModuleMaps-iphonesimulator/FirebaseFirestoreTarget.modulemap -Xcc -fmodule-map-file\=/Users/leonardofigueiredo/Library/Developer/Xcode/DerivedData/Ratio-dgukedwfifpyteflgeptozrgzmmp/Build/Intermediates.noindex/GeneratedModuleMaps-iphonesimulator/GoogleUtilities-UserDefaults.modulemap -Xcc -fmodule-map-file\=/Users/leonardofigueiredo/Library/Developer/Xcode/DerivedData/Ratio-dgukedwfifpyteflgeptozrgzmmp/Build/Intermediates.noindex/GeneratedModuleMaps-iphonesimulator/GoogleAppMeasurementCoreTarget.modulemap -Xcc -fmodule-map-file\=/Users/leonardofigueiredo/Library/Developer/Xcode/DerivedData/Ratio-dgukedwfifpyteflgeptozrgzmmp/Build/Intermediates.noindex/GeneratedModuleMaps-iphonesimulator/GoogleUtilities-AppDelegateSwizzler.modulemap -Xcc -fmodule-map-file\=/Users/leonardofigueiredo/Library/Developer/Xcode/DerivedData/Ratio-dgukedwfifpyteflgeptozrgzmmp/Build/Intermediates.noindex/GeneratedModuleMaps-iphonesimulator/GoogleUtilities-MethodSwizzler.modulemap -Xcc -fmodule-map-file\=/Users/leonardofigueiredo/Library/Developer/Xcode/DerivedData/Ratio-dgukedwfifpyteflgeptozrgzmmp/Build/Intermediates.noindex/GeneratedModuleMaps-iphonesimulator/GoogleUtilities-Reachability.modulemap -Xcc -fmodule-map-file\=/Users/leonardofigueiredo/Library/Developer/Xcode/DerivedData/Ratio-dgukedwfifpyteflgeptozrgzmmp/Build/Intermediates.noindex/GeneratedModuleMaps-iphonesimulator/GoogleUtilities-Network.modulemap -Xcc -fmodule-map-file\=/Users/leonardofigueiredo/Library/Developer/Xcode/DerivedData/Ratio-dgukedwfifpyteflgeptozrgzmmp/Build/Intermediates.noindex/GeneratedModuleMaps-iphonesimulator/nanopb.modulemap -Xcc -fmodule-map-file\=/Users/leonardofigueiredo/Library/Developer/Xcode/DerivedData/Ratio-dgukedwfifpyteflgeptozrgzmmp/Build/Intermediates.noindex/GeneratedModuleMaps-iphonesimulator/FirebaseAnalyticsCoreWrapper.modulemap -Xcc -fmodule-map-file\=/Users/leonardofigueiredo/Library/Developer/Xcode/DerivedData/Ratio-dgukedwfifpyteflgeptozrgzmmp/Build/Intermediates.noindex/GeneratedModuleMaps-iphonesimulator/FirebaseInstallations.modulemap -Xcc -fmodule-map-file\=/Users/leonardofigueiredo/Library/Developer/Xcode/DerivedData/Ratio-dgukedwfifpyteflgeptozrgzmmp/Build/Intermediates.noindex/GeneratedModuleMaps-iphonesimulator/FirebaseAnalyticsCoreTarget.modulemap -Xcc -fmodule-map-file\=/Users/leonardofigueiredo/Library/Developer/Xcode/DerivedData/Ratio-dgukedwfifpyteflgeptozrgzmmp/Build/Intermediates.noindex/GeneratedModuleMaps-iphonesimulator/GoogleUtilities-NSData.modulemap -Xcc -fmodule-map-file\=/Users/leonardofigueiredo/Library/Developer/Xcode/DerivedData/Ratio-dgukedwfifpyteflgeptozrgzmmp/Build/Intermediates.noindex/GeneratedModuleMaps-iphonesimulator/GoogleUtilities-Environment.modulemap -Xcc -fmodule-map-file\=/Users/leonardofigueiredo/Library/Developer/Xcode/DerivedData/Ratio-dgukedwfifpyteflgeptozrgzmmp/Build/Intermediates.noindex/GeneratedModuleMaps-iphonesimulator/third-party-IsAppEncrypted.modulemap -Xcc -fmodule-map-file\=/Users/leonardofigueiredo/Library/Developer/Xcode/DerivedData/Ratio-dgukedwfifpyteflgeptozrgzmmp/Build/Intermediates.noindex/GeneratedModuleMaps-iphonesimulator/GoogleUtilities-Logger.modulemap -Xcc -fmodule-map-file\=/Users/leonardofigueiredo/Library/Developer/Xcode/DerivedData/Ratio-dgukedwfifpyteflgeptozrgzmmp/Build/Intermediates.noindex/GeneratedModuleMaps-iphonesimulator/GTMSessionFetcherCore.modulemap -Xcc -fmodule-map-file\=/Users/leonardofigueiredo/Library/Developer/Xcode/DerivedData/Ratio-dgukedwfifpyteflgeptozrgzmmp/Build/Intermediates.noindex/GeneratedModuleMaps-iphonesimulator/FirebaseCoreExtension.modulemap -Xcc -fmodule-map-file\=/Users/leonardofigueiredo/Library/Developer/Xcode/DerivedData/Ratio-dgukedwfifpyteflgeptozrgzmmp/Build/Intermediates.noindex/GeneratedModuleMaps-iphonesimulator/FirebaseCore.modulemap -Xcc -fmodule-map-file\=/Users/leonardofigueiredo/Library/Developer/Xcode/DerivedData/Ratio-dgukedwfifpyteflgeptozrgzmmp/Build/Intermediates.noindex/GeneratedModuleMaps-iphonesimulator/FirebaseAuthInterop.modulemap -Xcc -fmodule-map-file\=/Users/leonardofigueiredo/Library/Developer/Xcode/DerivedData/Ratio-dgukedwfifpyteflgeptozrgzmmp/Build/Intermediates.noindex/GeneratedModuleMaps-iphonesimulator/FirebaseAppCheckInterop.modulemap -Xcc -D_LIBCPP_HARDENING_MODE\=_LIBCPP_HARDENING_MODE_DEBUG -Xcc -ivfsstatcache -Xcc /Users/leonardofigueiredo/Library/Developer/Xcode/DerivedData/SDKStatCaches.noindex/iphonesimulator26.2-23C53-7d00a8b37fbd7999ea79df8ebc024bf0.sdkstatcache -Xcc -I/Users/leonardofigueiredo/Library/Developer/Xcode/DerivedData/Ratio-dgukedwfifpyteflgeptozrgzmmp/Build/Intermediates.noindex/Ratio.build/Debug-iphonesimulator/Ratio.build/swift-overrides.hmap -Xcc -iquote -Xcc /Users/leonardofigueiredo/Library/Developer/Xcode/DerivedData/Ratio-dgukedwfifpyteflgeptozrgzmmp/Build/Intermediates.noindex/Ratio.build/Debug-iphonesimulator/Ratio.build/Ratio-generated-files.hmap -Xcc -I/Users/leonardofigueiredo/Library/Developer/Xcode/DerivedData/Ratio-dgukedwfifpyteflgeptozrgzmmp/Build/Intermediates.noindex/Ratio.build/Debug-iphonesimulator/Ratio.build/Ratio-own-target-headers.hmap -Xcc -I/Users/leonardofigueiredo/Library/Developer/Xcode/DerivedData/Ratio-dgukedwfifpyteflgeptozrgzmmp/Build/Intermediates.noindex/Ratio.build/Debug-iphonesimulator/Ratio.build/Ratio-all-non-framework-target-headers.hmap -Xcc -ivfsoverlay -Xcc /Users/leonardofigueiredo/Library/Developer/Xcode/DerivedData/Ratio-dgukedwfifpyteflgeptozrgzmmp/Build/Intermediates.noindex/Ratio.build/Debug-iphonesimulator/Ratio-0b73ba7045a2529270712259fb1f38a7-VFS-iphonesimulator/all-product-headers.yaml -Xcc -iquote -Xcc /Users/leonardofigueiredo/Library/Developer/Xcode/DerivedData/Ratio-dgukedwfifpyteflgeptozrgzmmp/Build/Intermediates.noindex/Ratio.build/Debug-iphonesimulator/Ratio.build/Ratio-project-headers.hmap -Xcc -I/Users/leonardofigueiredo/Library/Developer/Xcode/DerivedData/Ratio-dgukedwfifpyteflgeptozrgzmmp/SourcePackages/checkouts/firebase-ios-sdk/FirebasePerformance/Sources/Public -Xcc -I/Users/leonardofigueiredo/Library/Developer/Xcode/DerivedData/Ratio-dgukedwfifpyteflgeptozrgzmmp/SourcePackages/checkouts/firebase-ios-sdk/FirebaseRemoteConfig/Sources/Public -Xcc -I/Users/leonardofigueiredo/Library/Developer/Xcode/DerivedData/Ratio-dgukedwfifpyteflgeptozrgzmmp/SourcePackages/checkouts/firebase-ios-sdk/FirebaseABTesting/Sources/Public -Xcc -I/Users/leonardofigueiredo/Library/Developer/Xcode/DerivedData/Ratio-dgukedwfifpyteflgeptozrgzmmp/SourcePackages/checkouts/firebase-ios-sdk/SwiftPM-PlatformExclude/FirebasePerformanceWrap/include -Xcc -I/Users/leonardofigueiredo/Library/Developer/Xcode/DerivedData/Ratio-dgukedwfifpyteflgeptozrgzmmp/SourcePackages/checkouts/firebase-ios-sdk/FirebaseMessaging/Sources/Public -Xcc -I/Users/leonardofigueiredo/Library/Developer/Xcode/DerivedData/Ratio-dgukedwfifpyteflgeptozrgzmmp/SourcePackages/checkouts/google-ads-on-device-conversion-ios-sdk/GoogleAdsOnDeviceConversionWrapper/include -Xcc -I/Users/leonardofigueiredo/Library/Developer/Xcode/DerivedData/Ratio-dgukedwfifpyteflgeptozrgzmmp/SourcePackages/checkouts/GoogleAppMeasurement/GoogleAppMeasurementWrapper/include -Xcc -I/Users/leonardofigueiredo/Library/Developer/Xcode/DerivedData/Ratio-dgukedwfifpyteflgeptozrgzmmp/SourcePackages/checkouts/firebase-ios-sdk/FirebaseAnalyticsWrapper/include -Xcc -I/Users/leonardofigueiredo/Library/Developer/Xcode/DerivedData/Ratio-dgukedwfifpyteflgeptozrgzmmp/SourcePackages/checkouts/firebase-ios-sdk/SwiftPM-PlatformExclude/FirebaseAnalyticsWrap/include -Xcc -I/Users/leonardofigueiredo/Library/Developer/Xcode/DerivedData/Ratio-dgukedwfifpyteflgeptozrgzmmp/SourcePackages/checkouts/GoogleDataTransport/GoogleDataTransport/GDTCORLibrary/Public -Xcc -I/Users/leonardofigueiredo/Library/Developer/Xcode/DerivedData/Ratio-dgukedwfifpyteflgeptozrgzmmp/SourcePackages/checkouts/firebase-ios-sdk/FirebaseSessions/SourcesObjC -Xcc -I/Users/leonardofigueiredo/Library/Developer/Xcode/DerivedData/Ratio-dgukedwfifpyteflgeptozrgzmmp/SourcePackages/checkouts/firebase-ios-sdk/Crashlytics/Crashlytics/Public -Xcc -I/Users/leonardofigueiredo/Library/Developer/Xcode/DerivedData/Ratio-dgukedwfifpyteflgeptozrgzmmp/SourcePackages/checkouts/interop-ios-for-google-sdks/RecaptchaEnterprise/RecaptchaInterop/Public -Xcc -I/Users/leonardofigueiredo/Library/Developer/Xcode/DerivedData/Ratio-dgukedwfifpyteflgeptozrgzmmp/SourcePackages/checkouts/firebase-ios-sdk/FirebaseAuth/Sources/Public -Xcc -I/Users/leonardofigueiredo/Library/Developer/Xcode/DerivedData/Ratio-dgukedwfifpyteflgeptozrgzmmp/SourcePackages/checkouts/abseil-cpp-binary/absl-Wrapper/include -Xcc -I/Users/leonardofigueiredo/Library/Developer/Xcode/DerivedData/Ratio-dgukedwfifpyteflgeptozrgzmmp/SourcePackages/checkouts/grpc-binary/openssl-grpc-Wrapper/include -Xcc -I/Users/leonardofigueiredo/Library/Developer/Xcode/DerivedData/Ratio-dgukedwfifpyteflgeptozrgzmmp/SourcePackages/checkouts/grpc-binary/grpc-Wrapper/include -Xcc -I/Users/leonardofigueiredo/Library/Developer/Xcode/DerivedData/Ratio-dgukedwfifpyteflgeptozrgzmmp/SourcePackages/checkouts/grpc-binary/grpcpp-Wrapper/include -Xcc -I/Users/leonardofigueiredo/Library/Developer/Xcode/DerivedData/Ratio-dgukedwfifpyteflgeptozrgzmmp/SourcePackages/checkouts/leveldb/include -Xcc -I/Users/leonardofigueiredo/Library/Developer/Xcode/DerivedData/Ratio-dgukedwfifpyteflgeptozrgzmmp/SourcePackages/checkouts/firebase-ios-sdk/FirebaseFirestoreInternal -Xcc -I/Users/leonardofigueiredo/Library/Developer/Xcode/DerivedData/Ratio-dgukedwfifpyteflgeptozrgzmmp/SourcePackages/checkouts/firebase-ios-sdk/SwiftPM-PlatformExclude/FirebaseFirestoreWrap/include -Xcc -I/Users/leonardofigueiredo/Library/Developer/Xcode/DerivedData/Ratio-dgukedwfifpyteflgeptozrgzmmp/SourcePackages/checkouts/promises/Sources/FBLPromises/include -Xcc -I/Users/leonardofigueiredo/Library/Developer/Xcode/DerivedData/Ratio-dgukedwfifpyteflgeptozrgzmmp/SourcePackages/checkouts/GoogleUtilities/GoogleUtilities/UserDefaults/Public -Xcc -I/Users/leonardofigueiredo/Library/Developer/Xcode/DerivedData/Ratio-dgukedwfifpyteflgeptozrgzmmp/SourcePackages/checkouts/GoogleAppMeasurement/GoogleAppMeasurementCoreWrapper/include -Xcc -I/Users/leonardofigueiredo/Library/Developer/Xcode/DerivedData/Ratio-dgukedwfifpyteflgeptozrgzmmp/SourcePackages/checkouts/GoogleUtilities/GoogleUtilities/AppDelegateSwizzler/Public -Xcc -I/Users/leonardofigueiredo/Library/Developer/Xcode/DerivedData/Ratio-dgukedwfifpyteflgeptozrgzmmp/SourcePackages/checkouts/GoogleUtilities/GoogleUtilities/MethodSwizzler/Public -Xcc -I/Users/leonardofigueiredo/Library/Developer/Xcode/DerivedData/Ratio-dgukedwfifpyteflgeptozrgzmmp/SourcePackages/checkouts/GoogleUtilities/GoogleUtilities/Reachability/Public -Xcc -I/Users/leonardofigueiredo/Library/Developer/Xcode/DerivedData/Ratio-dgukedwfifpyteflgeptozrgzmmp/SourcePackages/checkouts/GoogleUtilities/GoogleUtilities/Network/Public -Xcc -I/Users/leonardofigueiredo/Library/Developer/Xcode/DerivedData/Ratio-dgukedwfifpyteflgeptozrgzmmp/SourcePackages/checkouts/nanopb/spm_headers -Xcc -I/Users/leonardofigueiredo/Library/Developer/Xcode/DerivedData/Ratio-dgukedwfifpyteflgeptozrgzmmp/SourcePackages/checkouts/firebase-ios-sdk/FirebaseAnalyticsCoreWrapper/include -Xcc -I/Users/leonardofigueiredo/Library/Developer/Xcode/DerivedData/Ratio-dgukedwfifpyteflgeptozrgzmmp/SourcePackages/checkouts/firebase-ios-sdk/FirebaseInstallations/Source/Library/Public -Xcc -I/Users/leonardofigueiredo/Library/Developer/Xcode/DerivedData/Ratio-dgukedwfifpyteflgeptozrgzmmp/SourcePackages/checkouts/firebase-ios-sdk/SwiftPM-PlatformExclude/FirebaseAnalyticsCoreWrap/include -Xcc -I/Users/leonardofigueiredo/Library/Developer/Xcode/DerivedData/Ratio-dgukedwfifpyteflgeptozrgzmmp/SourcePackages/checkouts/GoogleUtilities/GoogleUtilities/NSData+zlib/Public -Xcc -I/Users/leonardofigueiredo/Library/Developer/Xcode/DerivedData/Ratio-dgukedwfifpyteflgeptozrgzmmp/SourcePackages/checkouts/GoogleUtilities/GoogleUtilities/Environment/Public -Xcc -I/Users/leonardofigueiredo/Library/Developer/Xcode/DerivedData/Ratio-dgukedwfifpyteflgeptozrgzmmp/SourcePackages/checkouts/GoogleUtilities/third_party/IsAppEncrypted/Public -Xcc -I/Users/leonardofigueiredo/Library/Developer/Xcode/DerivedData/Ratio-dgukedwfifpyteflgeptozrgzmmp/SourcePackages/checkouts/GoogleUtilities/GoogleUtilities/Logger/Public -Xcc -I/Users/leonardofigueiredo/Library/Developer/Xcode/DerivedData/Ratio-dgukedwfifpyteflgeptozrgzmmp/SourcePackages/checkouts/gtm-session-fetcher/Sources/Core/Public -Xcc -I/Users/leonardofigueiredo/Library/Developer/Xcode/DerivedData/Ratio-dgukedwfifpyteflgeptozrgzmmp/SourcePackages/checkouts/firebase-ios-sdk/FirebaseCore/Extension -Xcc -I/Users/leonardofigueiredo/Library/Developer/Xcode/DerivedData/Ratio-dgukedwfifpyteflgeptozrgzmmp/SourcePackages/checkouts/firebase-ios-sdk/FirebaseCore/Sources/Public -Xcc -I/Users/leonardofigueiredo/Library/Developer/Xcode/DerivedData/Ratio-dgukedwfifpyteflgeptozrgzmmp/SourcePackages/checkouts/firebase-ios-sdk/CoreOnly/Sources -Xcc -I/Users/leonardofigueiredo/Library/Developer/Xcode/DerivedData/Ratio-dgukedwfifpyteflgeptozrgzmmp/SourcePackages/checkouts/firebase-ios-sdk/FirebaseAuth/Interop/Public -Xcc -I/Users/leonardofigueiredo/Library/Developer/Xcode/DerivedData/Ratio-dgukedwfifpyteflgeptozrgzmmp/SourcePackages/checkouts/firebase-ios-sdk/FirebaseAppCheck/Interop/Public -Xcc -I/Users/leonardofigueiredo/Library/Developer/Xcode/DerivedData/Ratio-dgukedwfifpyteflgeptozrgzmmp/Build/Products/Debug-iphonesimulator/include -Xcc -I/Users/leonardofigueiredo/Library/Developer/Xcode/DerivedData/Ratio-dgukedwfifpyteflgeptozrgzmmp/Build/Intermediates.noindex/Ratio.build/Debug-iphonesimulator/Ratio.build/DerivedSources-normal/arm64 -Xcc -I/Users/leonardofigueiredo/Library/Developer/Xcode/DerivedData/Ratio-dgukedwfifpyteflgeptozrgzmmp/Build/Intermediates.noindex/Ratio.build/Debug-iphonesimulator/Ratio.build/DerivedSources/arm64 -Xcc -I/Users/leonardofigueiredo/Library/Developer/Xcode/DerivedData/Ratio-dgukedwfifpyteflgeptozrgzmmp/Build/Intermediates.noindex/Ratio.build/Debug-iphonesimulator/Ratio.build/DerivedSources -Xcc -DDEBUG\=1 -no-auto-bridging-header-chaining -module-name Ratio -frontend-parseable-output -disable-clang-spi -target-sdk-version 26.2 -target-sdk-name iphonesimulator26.2 -clang-target arm64-apple-ios26.2-simulator -in-process-plugin-server-path /Applications/Xcode.app/Contents/Developer/Toolchains/XcodeDefault.xctoolchain/usr/lib/swift/host/libSwiftInProcPluginServer.dylib -emit-module-doc-path /Users/leonardofigueiredo/Library/Developer/Xcode/DerivedData/Ratio-dgukedwfifpyteflgeptozrgzmmp/Build/Intermediates.noindex/Ratio.build/Debug-iphonesimulator/Ratio.build/Objects-normal/arm64/Ratio.swiftdoc -emit-module-source-info-path /Users/leonardofigueiredo/Library/Developer/Xcode/DerivedData/Ratio-dgukedwfifpyteflgeptozrgzmmp/Build/Intermediates.noindex/Ratio.build/Debug-iphonesimulator/Ratio.build/Objects-normal/arm64/Ratio.swiftsourceinfo -emit-objc-header-path /Users/leonardofigueiredo/Library/Developer/Xcode/DerivedData/Ratio-dgukedwfifpyteflgeptozrgzmmp/Build/Intermediates.noindex/Ratio.build/Debug-iphonesimulator/Ratio.build/Objects-normal/arm64/Ratio-Swift.h -serialize-diagnostics-path /Users/leonardofigueiredo/Library/Developer/Xcode/DerivedData/Ratio-dgukedwfifpyteflgeptozrgzmmp/Build/Intermediates.noindex/Ratio.build/Debug-iphonesimulator/Ratio.build/Objects-normal/arm64/Ratio-primary-emit-module.dia -emit-dependencies-path /Users/leonardofigueiredo/Library/Developer/Xcode/DerivedData/Ratio-dgukedwfifpyteflgeptozrgzmmp/Build/Intermediates.noindex/Ratio.build/Debug-iphonesimulator/Ratio.build/Objects-normal/arm64/Ratio-primary-emit-module.d -o /Users/leonardofigueiredo/Library/Developer/Xcode/DerivedData/Ratio-dgukedwfifpyteflgeptozrgzmmp/Build/Intermediates.noindex/Ratio.build/Debug-iphonesimulator/Ratio.build/Objects-normal/arm64/Ratio.swiftmodule -emit-abi-descriptor-path /Users/leonardofigueiredo/Library/Developer/Xcode/DerivedData/Ratio-dgukedwfifpyteflgeptozrgzmmp/Build/Intermediates.noindex/Ratio.build/Debug-iphonesimulator/Ratio.build/Objects-normal/arm64/Ratio.abi.json
SwiftCompile normal arm64 Compiling\ GroupsViewModel.swift /Users/leonardofigueiredo/Projetos\ Mobile/ratio-ios/Ratio/Ratio/Features/Groups/Presentation/ViewModels/GroupsViewModel.swift (in target 'Ratio' from project 'Ratio')

SwiftCompile normal arm64 /Users/leonardofigueiredo/Projetos\ Mobile/ratio-ios/Ratio/Ratio/Features/Groups/Presentation/ViewModels/GroupsViewModel.swift (in target 'Ratio' from project 'Ratio')
    cd /Users/leonardofigueiredo/Projetos\ Mobile/ratio-ios/Ratio
    

SwiftCompile normal arm64 Compiling\ CreateGroupView.swift /Users/leonardofigueiredo/Projetos\ Mobile/ratio-ios/Ratio/Ratio/Features/Groups/Presentation/Views/CreateGroupView.swift (in target 'Ratio' from project 'Ratio')
SwiftCompile normal arm64 /Users/leonardofigueiredo/Projetos\ Mobile/ratio-ios/Ratio/Ratio/Features/Groups/Presentation/Views/CreateGroupView.swift (in target 'Ratio' from project 'Ratio')
    cd /Users/leonardofigueiredo/Projetos\ Mobile/ratio-ios/Ratio
    
/Users/leonardofigueiredo/Projetos Mobile/ratio-ios/Ratio/Ratio/Features/Groups/Presentation/Views/CreateGroupView.swift:25:24: error: invalid redeclaration of 'serviceLogin'
    @State private var serviceLogin = ""
                       ^
/Users/leonardofigueiredo/Projetos Mobile/ratio-ios/Ratio/Ratio/Features/Groups/Presentation/Views/CreateGroupView.swift:23:24: note: 'serviceLogin' previously declared here
    @State private var serviceLogin = ""
                       ^
/Users/leonardofigueiredo/Projetos Mobile/ratio-ios/Ratio/Ratio/Features/Groups/Presentation/Views/CreateGroupView.swift:23:24: note: 'serviceLogin' previously declared here
    @State private var serviceLogin = ""
                       ^
/Users/leonardofigueiredo/Projetos Mobile/ratio-ios/Ratio/Ratio/Features/Groups/Presentation/Views/CreateGroupView.swift:25:24: error: invalid redeclaration of synthesized property '$serviceLogin'
    @State private var serviceLogin = ""
                       ^
/Users/leonardofigueiredo/Projetos Mobile/ratio-ios/Ratio/Ratio/Features/Groups/Presentation/Views/CreateGroupView.swift:23:24: note: '$serviceLogin' synthesized for property wrapper projected value
    @State private var serviceLogin = ""
                       ^
/Users/leonardofigueiredo/Projetos Mobile/ratio-ios/Ratio/Ratio/Features/Groups/Presentation/Views/CreateGroupView.swift:25:24: error: invalid redeclaration of synthesized property '_serviceLogin'
    @State private var serviceLogin = ""
                       ^
/Users/leonardofigueiredo/Projetos Mobile/ratio-ios/Ratio/Ratio/Features/Groups/Presentation/Views/CreateGroupView.swift:23:24: note: '_serviceLogin' synthesized for property wrapper backing storage
    @State private var serviceLogin = ""
                       ^
/Users/leonardofigueiredo/Projetos Mobile/ratio-ios/Ratio/Ratio/Features/Groups/Presentation/Views/CreateGroupView.swift:26:24: error: invalid redeclaration of 'servicePassword'
    @State private var servicePassword = ""
                       ^
/Users/leonardofigueiredo/Projetos Mobile/ratio-ios/Ratio/Ratio/Features/Groups/Presentation/Views/CreateGroupView.swift:24:24: note: 'servicePassword' previously declared here
    @State private var servicePassword = ""
                       ^
/Users/leonardofigueiredo/Projetos Mobile/ratio-ios/Ratio/Ratio/Features/Groups/Presentation/Views/CreateGroupView.swift:24:24: note: 'servicePassword' previously declared here
    @State private var servicePassword = ""
                       ^
/Users/leonardofigueiredo/Projetos Mobile/ratio-ios/Ratio/Ratio/Features/Groups/Presentation/Views/CreateGroupView.swift:26:24: error: invalid redeclaration of synthesized property '$servicePassword'
    @State private var servicePassword = ""
                       ^
/Users/leonardofigueiredo/Projetos Mobile/ratio-ios/Ratio/Ratio/Features/Groups/Presentation/Views/CreateGroupView.swift:24:24: note: '$servicePassword' synthesized for property wrapper projected value
    @State private var servicePassword = ""
                       ^
/Users/leonardofigueiredo/Projetos Mobile/ratio-ios/Ratio/Ratio/Features/Groups/Presentation/Views/CreateGroupView.swift:26:24: error: invalid redeclaration of synthesized property '_servicePassword'
    @State private var servicePassword = ""
                       ^
/Users/leonardofigueiredo/Projetos Mobile/ratio-ios/Ratio/Ratio/Features/Groups/Presentation/Views/CreateGroupView.swift:24:24: note: '_servicePassword' synthesized for property wrapper backing storage
    @State private var servicePassword = ""
                       ^

Failed frontend command:
/Applications/Xcode.app/Contents/Developer/Toolchains/XcodeDefault.xctoolchain/usr/bin/swift-frontend -frontend -c /Users/leonardofigueiredo/Projetos\ Mobile/ratio-ios/Ratio/Ratio/Features/Advisor/Data/Sources/AI/AdvisorAIEndpoint.swift /Users/leonardofigueiredo/Projetos\ Mobile/ratio-ios/Ratio/Ratio/Features/Advisor/Data/Sources/AI/AdvisorAIError.swift /Users/leonardofigueiredo/Projetos\ Mobile/ratio-ios/Ratio/Ratio/Features/Advisor/Data/Sources/AI/AdvisorAIProvider.swift /Users/leonardofigueiredo/Projetos\ Mobile/ratio-ios/Ratio/Ratio/Features/Advisor/Data/Sources/AI/AdvisorAIRequestBuilder.swift /Users/leonardofigueiredo/Projetos\ Mobile/ratio-ios/Ratio/Ratio/Features/Advisor/Data/Sources/AI/NoopAdvisorAIProvider.swift /Users/leonardofigueiredo/Projetos\ Mobile/ratio-ios/Ratio/Ratio/Features/Advisor/Data/Sources/AI/OpenAIChatAdvisorProvider.swift /Users/leonardofigueiredo/Projetos\ Mobile/ratio-ios/Ratio/Ratio/Features/Advisor/Domain/Models/AdvisorInsight.swift /Users/leonardofigueiredo/Projetos\ Mobile/ratio-ios/Ratio/Ratio/Features/Advisor/Domain/Models/AdvisorStat.swift /Users/leonardofigueiredo/Projetos\ Mobile/ratio-ios/Ratio/Ratio/Features/Advisor/Presentation/ViewModels/SmartAdvisorViewModel.swift /Users/leonardofigueiredo/Projetos\ Mobile/ratio-ios/Ratio/Ratio/Features/Advisor/Presentation/Views/SmartAdvisorView.swift /Users/leonardofigueiredo/Projetos\ Mobile/ratio-ios/Ratio/Ratio/Features/App/Domain/AppSettings.swift /Users/leonardofigueiredo/Projetos\ Mobile/ratio-ios/Ratio/Ratio/Features/App/Presentation/Models/MainTab.swift /Users/leonardofigueiredo/Projetos\ Mobile/ratio-ios/Ratio/Ratio/Features/App/Presentation/ViewModels/AppNavigationState.swift /Users/leonardofigueiredo/Projetos\ Mobile/ratio-ios/Ratio/Ratio/Features/App/Presentation/Views/ContentView.swift /Users/leonardofigueiredo/Projetos\ Mobile/ratio-ios/Ratio/Ratio/Features/App/Presentation/Views/MainTabView.swift /Users/leonardofigueiredo/Projetos\ Mobile/ratio-ios/Ratio/Ratio/Features/Auth/Presentation/ViewModels/AuthViewModel.swift /Users/leonardofigueiredo/Projetos\ Mobile/ratio-ios/Ratio/Ratio/Features/Auth/Presentation/Views/LoginView.swift /Users/leonardofigueiredo/Projetos\ Mobile/ratio-ios/Ratio/Ratio/Features/Auth/Presentation/Views/SignupView.swift /Users/leonardofigueiredo/Projetos\ Mobile/ratio-ios/Ratio/Ratio/Features/Groups/Data/GroupMapper.swift /Users/leonardofigueiredo/Projetos\ Mobile/ratio-ios/Ratio/Ratio/Features/Groups/Data/GroupPaymentsStore.swift /Users/leonardofigueiredo/Projetos\ Mobile/ratio-ios/Ratio/Ratio/Features/Groups/Data/GroupsStore.swift /Users/leonardofigueiredo/Projetos\ Mobile/ratio-ios/Ratio/Ratio/Features/Groups/Domain/Models/BillingPeriod.swift /Users/leonardofigueiredo/Projetos\ Mobile/ratio-ios/Ratio/Ratio/Features/Groups/Domain/Models/Group.swift /Users/leonardofigueiredo/Projetos\ Mobile/ratio-ios/Ratio/Ratio/Features/Groups/Domain/Models/GroupCategory.swift /Users/leonardofigueiredo/Projetos\ Mobile/ratio-ios/Ratio/Ratio/Features/Groups/Domain/Models/GroupMember.swift /Users/leonardofigueiredo/Projetos\ Mobile/ratio-ios/Ratio/Ratio/Features/Groups/Domain/Models/GroupMemberDraft.swift /Users/leonardofigueiredo/Projetos\ Mobile/ratio-ios/Ratio/Ratio/Features/Groups/Domain/Models/GroupMemberStatus.swift /Users/leonardofigueiredo/Projetos\ Mobile/ratio-ios/Ratio/Ratio/Features/Groups/Domain/WhatsAppMessageBuilder.swift /Users/leonardofigueiredo/Projetos\ Mobile/ratio-ios/Ratio/Ratio/Features/Groups/Presentation/ViewModels/GroupCreationViewModel.swift /Users/leonardofigueiredo/Projetos\ Mobile/ratio-ios/Ratio/Ratio/Features/Groups/Presentation/ViewModels/GroupPaymentsViewModel.swift /Users/leonardofigueiredo/Projetos\ Mobile/ratio-ios/Ratio/Ratio/Features/Groups/Presentation/ViewModels/GroupsViewModel.swift -primary-file /Users/leonardofigueiredo/Projetos\ Mobile/ratio-ios/Ratio/Ratio/Features/Groups/Presentation/Views/CreateGroupView.swift /Users/leonardofigueiredo/Projetos\ Mobile/ratio-ios/Ratio/Ratio/Features/Groups/Presentation/Views/EditGroupView.swift /Users/leonardofigueiredo/Projetos\ Mobile/ratio-ios/Ratio/Ratio/Features/Groups/Presentation/Views/GroupAvatarStack.swift /Users/leonardofigueiredo/Projetos\ Mobile/ratio-ios/Ratio/Ratio/Features/Groups/Presentation/Views/GroupCardView.swift /Users/leonardofigueiredo/Projetos\ Mobile/ratio-ios/Ratio/Ratio/Features/Groups/Presentation/Views/GroupDetailView.swift /Users/leonardofigueiredo/Projetos\ Mobile/ratio-ios/Ratio/Ratio/Features/Groups/Presentation/Views/GroupsView.swift /Users/leonardofigueiredo/Projetos\ Mobile/ratio-ios/Ratio/Ratio/Features/Groups/Presentation/Views/MemberAvatarView.swift /Users/leonardofigueiredo/Projetos\ Mobile/ratio-ios/Ratio/Ratio/Features/Groups/Presentation/Views/MemberRowView.swift /Users/leonardofigueiredo/Projetos\ Mobile/ratio-ios/Ratio/Ratio/Features/Groups/Presentation/Views/PaymentSubmissionView.swift /Users/leonardofigueiredo/Projetos\ Mobile/ratio-ios/Ratio/Ratio/Features/Home/Presentation/Models/CategorySpendItem.swift /Users/leonardofigueiredo/Projetos\ Mobile/ratio-ios/Ratio/Ratio/Features/Home/Presentation/Models/HomeInsightItem.swift /Users/leonardofigueiredo/Projetos\ Mobile/ratio-ios/Ratio/Ratio/Features/Home/Presentation/Models/UpcomingPaymentItem.swift /Users/leonardofigueiredo/Projetos\ Mobile/ratio-ios/Ratio/Ratio/Features/Home/Presentation/ViewModels/HomeViewModel.swift /Users/leonardofigueiredo/Projetos\ Mobile/ratio-ios/Ratio/Ratio/Features/Home/Presentation/Views/HomeCategoryDonutCardView.swift /Users/leonardofigueiredo/Projetos\ Mobile/ratio-ios/Ratio/Ratio/Features/Home/Presentation/Views/HomeCategoryDonutView.swift /Users/leonardofigueiredo/Projetos\ Mobile/ratio-ios/Ratio/Ratio/Features/Home/Presentation/Views/HomeCategoryLegendRowView.swift /Users/leonardofigueiredo/Projetos\ Mobile/ratio-ios/Ratio/Ratio/Features/Home/Presentation/Views/HomeCurrencySummaryView.swift /Users/leonardofigueiredo/Projetos\ Mobile/ratio-ios/Ratio/Ratio/Features/Home/Presentation/Views/HomeInsightChipView.swift /Users/leonardofigueiredo/Projetos\ Mobile/ratio-ios/Ratio/Ratio/Features/Home/Presentation/Views/HomeInsightsRowView.swift /Users/leonardofigueiredo/Projetos\ Mobile/ratio-ios/Ratio/Ratio/Features/Home/Presentation/Views/HomeSummaryCardView.swift /Users/leonardofigueiredo/Projetos\ Mobile/ratio-ios/Ratio/Ratio/Features/Home/Presentation/Views/HomeUpcomingRowView.swift /Users/leonardofigueiredo/Projetos\ Mobile/ratio-ios/Ratio/Ratio/Features/Home/Presentation/Views/HomeUpcomingSectionView.swift /Users/leonardofigueiredo/Projetos\ Mobile/ratio-ios/Ratio/Ratio/Features/Home/Presentation/Views/HomeView.swift /Users/leonardofigueiredo/Projetos\ Mobile/ratio-ios/Ratio/Ratio/Features/Invites/Data/InvitesStore.swift /Users/leonardofigueiredo/Projetos\ Mobile/ratio-ios/Ratio/Ratio/Features/Invites/Domain/Models/GroupInvite.swift /Users/leonardofigueiredo/Projetos\ Mobile/ratio-ios/Ratio/Ratio/Features/Invites/Domain/Models/InviteError.swift /Users/leonardofigueiredo/Projetos\ Mobile/ratio-ios/Ratio/Ratio/Features/Invites/Domain/Models/InviteInfo.swift /Users/leonardofigueiredo/Projetos\ Mobile/ratio-ios/Ratio/Ratio/Features/Invites/Domain/Models/InviteToken.swift /Users/leonardofigueiredo/Projetos\ Mobile/ratio-ios/Ratio/Ratio/Features/Invites/Presentation/ViewModels/GroupInviteViewModel.swift /Users/leonardofigueiredo/Projetos\ Mobile/ratio-ios/Ratio/Ratio/Features/Invites/Presentation/ViewModels/InviteAcceptanceViewModel.swift /Users/leonardofigueiredo/Projetos\ Mobile/ratio-ios/Ratio/Ratio/Features/Invites/Presentation/ViewModels/InviteCoordinator.swift /Users/leonardofigueiredo/Projetos\ Mobile/ratio-ios/Ratio/Ratio/Features/Invites/Presentation/Views/InviteAcceptanceView.swift /Users/leonardofigueiredo/Projetos\ Mobile/ratio-ios/Ratio/Ratio/Features/Notifications/NotificationManager.swift /Users/leonardofigueiredo/Projetos\ Mobile/ratio-ios/Ratio/Ratio/Features/Notifications/NotificationRoute.swift /Users/leonardofigueiredo/Projetos\ Mobile/ratio-ios/Ratio/Ratio/Features/Notifications/NotificationRouteHandler.swift /Users/leonardofigueiredo/Projetos\ Mobile/ratio-ios/Ratio/Ratio/Features/Notifications/NotificationRouteNotification.swift /Users/leonardofigueiredo/Projetos\ Mobile/ratio-ios/Ratio/Ratio/Features/Notifications/NotificationRoutePayload.swift /Users/leonardofigueiredo/Projetos\ Mobile/ratio-ios/Ratio/Ratio/Features/Settings/Presentation/Views/SettingsView.swift /Users/leonardofigueiredo/Projetos\ Mobile/ratio-ios/Ratio/Ratio/Features/Shared/Extensions/Array+Unique.swift /Users/leonardofigueiredo/Projetos\ Mobile/ratio-ios/Ratio/Ratio/Features/Shared/Styling/AvatarColorProvider.swift /Users/leonardofigueiredo/Projetos\ Mobile/ratio-ios/Ratio/Ratio/Features/Subscriptions/Data/SubscriptionMapper.swift /Users/leonardofigueiredo/Projetos\ Mobile/ratio-ios/Ratio/Ratio/Features/Subscriptions/Data/SubscriptionsStore.swift /Users/leonardofigueiredo/Projetos\ Mobile/ratio-ios/Ratio/Ratio/Features/Subscriptions/Domain/Models/SubscriptionCategory.swift /Users/leonardofigueiredo/Projetos\ Mobile/ratio-ios/Ratio/Ratio/Features/Subscriptions/Domain/Models/SubscriptionItem.swift /Users/leonardofigueiredo/Projetos\ Mobile/ratio-ios/Ratio/Ratio/Features/Subscriptions/Domain/Models/SubscriptionPeriod.swift /Users/leonardofigueiredo/Projetos\ Mobile/ratio-ios/Ratio/Ratio/Features/Subscriptions/Presentation/ViewModels/SubscriptionsViewModel.swift /Users/leonardofigueiredo/Projetos\ Mobile/ratio-ios/Ratio/Ratio/Features/Subscriptions/Presentation/Views/CreateSubscriptionView.swift /Users/leonardofigueiredo/Projetos\ Mobile/ratio-ios/Ratio/Ratio/Features/Subscriptions/Presentation/Views/EditSubscriptionView.swift /Users/leonardofigueiredo/Projetos\ Mobile/ratio-ios/Ratio/Ratio/Features/Subscriptions/Presentation/Views/SubscriptionsView.swift /Users/leonardofigueiredo/Projetos\ Mobile/ratio-ios/Ratio/Ratio/Features/Users/Data/UsersStore.swift /Users/leonardofigueiredo/Projetos\ Mobile/ratio-ios/Ratio/Ratio/Features/Users/Domain/Models/UserProfile.swift /Users/leonardofigueiredo/Projetos\ Mobile/ratio-ios/Ratio/Ratio/Features/Users/Presentation/ViewModels/EditProfileViewModel.swift /Users/leonardofigueiredo/Projetos\ Mobile/ratio-ios/Ratio/Ratio/Features/Users/Presentation/Views/EditProfileView.swift /Users/leonardofigueiredo/Projetos\ Mobile/ratio-ios/Ratio/Ratio/RatioApp.swift /Users/leonardofigueiredo/Library/Developer/Xcode/DerivedData/Ratio-dgukedwfifpyteflgeptozrgzmmp/Build/Intermediates.noindex/Ratio.build/Debug-iphonesimulator/Ratio.build/DerivedSources/GeneratedAssetSymbols.swift /Users/leonardofigueiredo/Library/Developer/Xcode/DerivedData/Ratio-dgukedwfifpyteflgeptozrgzmmp/Build/Intermediates.noindex/Ratio.build/Debug-iphonesimulator/Ratio.build/DerivedSources/GeneratedStringSymbols_Localizable.swift -emit-dependencies-path /Users/leonardofigueiredo/Library/Developer/Xcode/DerivedData/Ratio-dgukedwfifpyteflgeptozrgzmmp/Build/Intermediates.noindex/Ratio.build/Debug-iphonesimulator/Ratio.build/Objects-normal/arm64/CreateGroupView.d -emit-const-values-path /Users/leonardofigueiredo/Library/Developer/Xcode/DerivedData/Ratio-dgukedwfifpyteflgeptozrgzmmp/Build/Intermediates.noindex/Ratio.build/Debug-iphonesimulator/Ratio.build/Objects-normal/arm64/CreateGroupView.swiftconstvalues -emit-reference-dependencies-path /Users/leonardofigueiredo/Library/Developer/Xcode/DerivedData/Ratio-dgukedwfifpyteflgeptozrgzmmp/Build/Intermediates.noindex/Ratio.build/Debug-iphonesimulator/Ratio.build/Objects-normal/arm64/CreateGroupView.swiftdeps -serialize-diagnostics-path /Users/leonardofigueiredo/Library/Developer/Xcode/DerivedData/Ratio-dgukedwfifpyteflgeptozrgzmmp/Build/Intermediates.noindex/Ratio.build/Debug-iphonesimulator/Ratio.build/Objects-normal/arm64/CreateGroupView.dia -emit-localized-strings -emit-localized-strings-path /Users/leonardofigueiredo/Library/Developer/Xcode/DerivedData/Ratio-dgukedwfifpyteflgeptozrgzmmp/Build/Intermediates.noindex/Ratio.build/Debug-iphonesimulator/Ratio.build/Objects-normal/arm64 -target arm64-apple-ios17.6-simulator -module-can-import-version DeveloperToolsSupport 23.0.4 23.0.4 -module-can-import-version SwiftUI 7.2.5.1 7.2.5 -module-can-import-version UIKit 9126.2.4.1 9126.2.4 -disable-cross-import-overlay-search -swift-module-cross-import PhotosUI /Applications/Xcode.app/Contents/Developer/Platforms/iPhoneSimulator.platform/Developer/SDKs/iPhoneSimulator.sdk/System/Library/Frameworks/PhotosUI.framework/Modules/PhotosUI.swiftcrossimport/SwiftUI.swiftoverlay -swift-module-cross-import PhotosUI /Applications/Xcode.app/Contents/Developer/Platforms/iPhoneSimulator.platform/Developer/SDKs/iPhoneSimulator.sdk/System/Library/Frameworks/PhotosUI.framework/Modules/PhotosUI.swiftcrossimport/WidgetKit.swiftoverlay -swift-module-cross-import PhotosUI /Applications/Xcode.app/Contents/Developer/Platforms/iPhoneSimulator.platform/Developer/SDKs/iPhoneSimulator26.2.sdk/System/Library/Frameworks/PhotosUI.framework/Modules/PhotosUI.swiftcrossimport/SwiftUI.swiftoverlay -swift-module-cross-import PhotosUI /Applications/Xcode.app/Contents/Developer/Platforms/iPhoneSimulator.platform/Developer/SDKs/iPhoneSimulator26.2.sdk/System/Library/Frameworks/PhotosUI.framework/Modules/PhotosUI.swiftcrossimport/WidgetKit.swiftoverlay -load-resolved-plugin /Applications/Xcode.app/Contents/Developer/Platforms/iPhoneOS.platform/Developer/usr/lib/swift/host/plugins/libFoundationMacros.dylib\#/Applications/Xcode.app/Contents/Developer/Platforms/iPhoneOS.platform/Developer/usr/bin/swift-plugin-server\#FoundationMacros -load-resolved-plugin /Applications/Xcode.app/Contents/Developer/Platforms/iPhoneOS.platform/Developer/usr/lib/swift/host/plugins/libObservationMacros.dylib\#/Applications/Xcode.app/Contents/Developer/Platforms/iPhoneOS.platform/Developer/usr/bin/swift-plugin-server\#ObservationMacros -load-resolved-plugin /Applications/Xcode.app/Contents/Developer/Platforms/iPhoneOS.platform/Developer/usr/lib/swift/host/plugins/libPreviewsMacros.dylib\#/Applications/Xcode.app/Contents/Developer/Platforms/iPhoneOS.platform/Developer/usr/bin/swift-plugin-server\#PreviewsMacros -load-resolved-plugin /Applications/Xcode.app/Contents/Developer/Platforms/iPhoneOS.platform/Developer/usr/lib/swift/host/plugins/libSwiftMacros.dylib\#/Applications/Xcode.app/Contents/Developer/Platforms/iPhoneOS.platform/Developer/usr/bin/swift-plugin-server\#SwiftMacros -load-resolved-plugin /Applications/Xcode.app/Contents/Developer/Platforms/iPhoneOS.platform/Developer/usr/lib/swift/host/plugins/libSwiftUIMacros.dylib\#/Applications/Xcode.app/Contents/Developer/Platforms/iPhoneOS.platform/Developer/usr/bin/swift-plugin-server\#SwiftUIMacros -disable-implicit-swift-modules -Xcc -fno-implicit-modules -Xcc -fno-implicit-module-maps -explicit-swift-module-map-file /Users/leonardofigueiredo/Library/Developer/Xcode/DerivedData/Ratio-dgukedwfifpyteflgeptozrgzmmp/Build/Intermediates.noindex/Ratio.build/Debug-iphonesimulator/Ratio.build/Objects-normal/arm64/Ratio-dependencies-1.json -Xllvm -aarch64-use-tbi -enable-objc-interop -sdk /Applications/Xcode.app/Contents/Developer/Platforms/iPhoneSimulator.platform/Developer/SDKs/iPhoneSimulator26.2.sdk -I /Users/leonardofigueiredo/Library/Developer/Xcode/DerivedData/Ratio-dgukedwfifpyteflgeptozrgzmmp/Build/Products/Debug-iphonesimulator -F /Users/leonardofigueiredo/Library/Developer/Xcode/DerivedData/Ratio-dgukedwfifpyteflgeptozrgzmmp/Build/Products/Debug-iphonesimulator/PackageFrameworks -F /Users/leonardofigueiredo/Library/Developer/Xcode/DerivedData/Ratio-dgukedwfifpyteflgeptozrgzmmp/Build/Products/Debug-iphonesimulator/PackageFrameworks -F /Users/leonardofigueiredo/Library/Developer/Xcode/DerivedData/Ratio-dgukedwfifpyteflgeptozrgzmmp/Build/Products/Debug-iphonesimulator/PackageFrameworks -F /Users/leonardofigueiredo/Library/Developer/Xcode/DerivedData/Ratio-dgukedwfifpyteflgeptozrgzmmp/Build/Products/Debug-iphonesimulator/PackageFrameworks -F /Users/leonardofigueiredo/Library/Developer/Xcode/DerivedData/Ratio-dgukedwfifpyteflgeptozrgzmmp/Build/Products/Debug-iphonesimulator/PackageFrameworks -F /Users/leonardofigueiredo/Library/Developer/Xcode/DerivedData/Ratio-dgukedwfifpyteflgeptozrgzmmp/Build/Products/Debug-iphonesimulator/PackageFrameworks -F /Users/leonardofigueiredo/Library/Developer/Xcode/DerivedData/Ratio-dgukedwfifpyteflgeptozrgzmmp/Build/Products/Debug-iphonesimulator/PackageFrameworks -F /Users/leonardofigueiredo/Library/Developer/Xcode/DerivedData/Ratio-dgukedwfifpyteflgeptozrgzmmp/Build/Products/Debug-iphonesimulator/PackageFrameworks -F /Users/leonardofigueiredo/Library/Developer/Xcode/DerivedData/Ratio-dgukedwfifpyteflgeptozrgzmmp/Build/Products/Debug-iphonesimulator/PackageFrameworks -F /Users/leonardofigueiredo/Library/Developer/Xcode/DerivedData/Ratio-dgukedwfifpyteflgeptozrgzmmp/Build/Products/Debug-iphonesimulator/PackageFrameworks -F /Users/leonardofigueiredo/Library/Developer/Xcode/DerivedData/Ratio-dgukedwfifpyteflgeptozrgzmmp/Build/Products/Debug-iphonesimulator/PackageFrameworks -F /Users/leonardofigueiredo/Library/Developer/Xcode/DerivedData/Ratio-dgukedwfifpyteflgeptozrgzmmp/Build/Products/Debug-iphonesimulator/PackageFrameworks -F /Users/leonardofigueiredo/Library/Developer/Xcode/DerivedData/Ratio-dgukedwfifpyteflgeptozrgzmmp/Build/Products/Debug-iphonesimulator/PackageFrameworks -F /Users/leonardofigueiredo/Library/Developer/Xcode/DerivedData/Ratio-dgukedwfifpyteflgeptozrgzmmp/Build/Products/Debug-iphonesimulator/PackageFrameworks -F /Users/leonardofigueiredo/Library/Developer/Xcode/DerivedData/Ratio-dgukedwfifpyteflgeptozrgzmmp/Build/Products/Debug-iphonesimulator/PackageFrameworks -F /Users/leonardofigueiredo/Library/Developer/Xcode/DerivedData/Ratio-dgukedwfifpyteflgeptozrgzmmp/Build/Products/Debug-iphonesimulator/PackageFrameworks -F /Users/leonardofigueiredo/Library/Developer/Xcode/DerivedData/Ratio-dgukedwfifpyteflgeptozrgzmmp/Build/Products/Debug-iphonesimulator/PackageFrameworks -F /Users/leonardofigueiredo/Library/Developer/Xcode/DerivedData/Ratio-dgukedwfifpyteflgeptozrgzmmp/Build/Products/Debug-iphonesimulator/PackageFrameworks -F /Users/leonardofigueiredo/Library/Developer/Xcode/DerivedData/Ratio-dgukedwfifpyteflgeptozrgzmmp/Build/Products/Debug-iphonesimulator/PackageFrameworks -F /Users/leonardofigueiredo/Library/Developer/Xcode/DerivedData/Ratio-dgukedwfifpyteflgeptozrgzmmp/Build/Products/Debug-iphonesimulator/PackageFrameworks -F /Users/leonardofigueiredo/Library/Developer/Xcode/DerivedData/Ratio-dgukedwfifpyteflgeptozrgzmmp/Build/Products/Debug-iphonesimulator/PackageFrameworks -F /Users/leonardofigueiredo/Library/Developer/Xcode/DerivedData/Ratio-dgukedwfifpyteflgeptozrgzmmp/Build/Products/Debug-iphonesimulator/PackageFrameworks -F /Users/leonardofigueiredo/Library/Developer/Xcode/DerivedData/Ratio-dgukedwfifpyteflgeptozrgzmmp/Build/Products/Debug-iphonesimulator/PackageFrameworks -F /Users/leonardofigueiredo/Library/Developer/Xcode/DerivedData/Ratio-dgukedwfifpyteflgeptozrgzmmp/Build/Products/Debug-iphonesimulator/PackageFrameworks -F /Users/leonardofigueiredo/Library/Developer/Xcode/DerivedData/Ratio-dgukedwfifpyteflgeptozrgzmmp/Build/Products/Debug-iphonesimulator/PackageFrameworks -F /Users/leonardofigueiredo/Library/Developer/Xcode/DerivedData/Ratio-dgukedwfifpyteflgeptozrgzmmp/Build/Products/Debug-iphonesimulator/PackageFrameworks -F /Users/leonardofigueiredo/Library/Developer/Xcode/DerivedData/Ratio-dgukedwfifpyteflgeptozrgzmmp/Build/Products/Debug-iphonesimulator/PackageFrameworks -F /Users/leonardofigueiredo/Library/Developer/Xcode/DerivedData/Ratio-dgukedwfifpyteflgeptozrgzmmp/Build/Products/Debug-iphonesimulator/PackageFrameworks -F /Users/leonardofigueiredo/Library/Developer/Xcode/DerivedData/Ratio-dgukedwfifpyteflgeptozrgzmmp/Build/Products/Debug-iphonesimulator/PackageFrameworks -F /Users/leonardofigueiredo/Library/Developer/Xcode/DerivedData/Ratio-dgukedwfifpyteflgeptozrgzmmp/Build/Products/Debug-iphonesimulator/PackageFrameworks -F /Users/leonardofigueiredo/Library/Developer/Xcode/DerivedData/Ratio-dgukedwfifpyteflgeptozrgzmmp/Build/Products/Debug-iphonesimulator/PackageFrameworks -F /Users/leonardofigueiredo/Library/Developer/Xcode/DerivedData/Ratio-dgukedwfifpyteflgeptozrgzmmp/Build/Products/Debug-iphonesimulator/PackageFrameworks -F /Users/leonardofigueiredo/Library/Developer/Xcode/DerivedData/Ratio-dgukedwfifpyteflgeptozrgzmmp/Build/Products/Debug-iphonesimulator/PackageFrameworks -F /Users/leonardofigueiredo/Library/Developer/Xcode/DerivedData/Ratio-dgukedwfifpyteflgeptozrgzmmp/Build/Products/Debug-iphonesimulator/PackageFrameworks -F /Users/leonardofigueiredo/Library/Developer/Xcode/DerivedData/Ratio-dgukedwfifpyteflgeptozrgzmmp/Build/Products/Debug-iphonesimulator/PackageFrameworks -F /Users/leonardofigueiredo/Library/Developer/Xcode/DerivedData/Ratio-dgukedwfifpyteflgeptozrgzmmp/Build/Products/Debug-iphonesimulator/PackageFrameworks -F /Users/leonardofigueiredo/Library/Developer/Xcode/DerivedData/Ratio-dgukedwfifpyteflgeptozrgzmmp/Build/Products/Debug-iphonesimulator/PackageFrameworks -F /Users/leonardofigueiredo/Library/Developer/Xcode/DerivedData/Ratio-dgukedwfifpyteflgeptozrgzmmp/Build/Products/Debug-iphonesimulator/PackageFrameworks -F /Users/leonardofigueiredo/Library/Developer/Xcode/DerivedData/Ratio-dgukedwfifpyteflgeptozrgzmmp/Build/Products/Debug-iphonesimulator/PackageFrameworks -F /Users/leonardofigueiredo/Library/Developer/Xcode/DerivedData/Ratio-dgukedwfifpyteflgeptozrgzmmp/Build/Products/Debug-iphonesimulator/PackageFrameworks -F /Users/leonardofigueiredo/Library/Developer/Xcode/DerivedData/Ratio-dgukedwfifpyteflgeptozrgzmmp/Build/Products/Debug-iphonesimulator/PackageFrameworks -F /Users/leonardofigueiredo/Library/Developer/Xcode/DerivedData/Ratio-dgukedwfifpyteflgeptozrgzmmp/Build/Products/Debug-iphonesimulator/PackageFrameworks -F /Users/leonardofigueiredo/Library/Developer/Xcode/DerivedData/Ratio-dgukedwfifpyteflgeptozrgzmmp/Build/Products/Debug-iphonesimulator/PackageFrameworks -F /Users/leonardofigueiredo/Library/Developer/Xcode/DerivedData/Ratio-dgukedwfifpyteflgeptozrgzmmp/Build/Products/Debug-iphonesimulator/PackageFrameworks -F /Users/leonardofigueiredo/Library/Developer/Xcode/DerivedData/Ratio-dgukedwfifpyteflgeptozrgzmmp/Build/Products/Debug-iphonesimulator/PackageFrameworks -F /Users/leonardofigueiredo/Library/Developer/Xcode/DerivedData/Ratio-dgukedwfifpyteflgeptozrgzmmp/Build/Products/Debug-iphonesimulator/PackageFrameworks -F /Users/leonardofigueiredo/Library/Developer/Xcode/DerivedData/Ratio-dgukedwfifpyteflgeptozrgzmmp/Build/Products/Debug-iphonesimulator/PackageFrameworks -F /Users/leonardofigueiredo/Library/Developer/Xcode/DerivedData/Ratio-dgukedwfifpyteflgeptozrgzmmp/Build/Products/Debug-iphonesimulator/PackageFrameworks -F /Users/leonardofigueiredo/Library/Developer/Xcode/DerivedData/Ratio-dgukedwfifpyteflgeptozrgzmmp/Build/Products/Debug-iphonesimulator/PackageFrameworks -F /Users/leonardofigueiredo/Library/Developer/Xcode/DerivedData/Ratio-dgukedwfifpyteflgeptozrgzmmp/Build/Products/Debug-iphonesimulator/PackageFrameworks -F /Users/leonardofigueiredo/Library/Developer/Xcode/DerivedData/Ratio-dgukedwfifpyteflgeptozrgzmmp/Build/Products/Debug-iphonesimulator/PackageFrameworks -F /Users/leonardofigueiredo/Library/Developer/Xcode/DerivedData/Ratio-dgukedwfifpyteflgeptozrgzmmp/Build/Products/Debug-iphonesimulator -no-color-diagnostics -Xcc -fno-color-diagnostics -enable-testing -g -debug-info-format\=dwarf -dwarf-version\=4 -module-cache-path /Users/leonardofigueiredo/Library/Developer/Xcode/DerivedData/Ratio-dgukedwfifpyteflgeptozrgzmmp/Build/Intermediates.noindex/SwiftExplicitPrecompiledModules -swift-version 5 -enforce-exclusivity\=checked -Onone -D DEBUG -serialize-debugging-options -const-gather-protocols-file /Users/leonardofigueiredo/Library/Developer/Xcode/DerivedData/Ratio-dgukedwfifpyteflgeptozrgzmmp/Build/Intermediates.noindex/Ratio.build/Debug-iphonesimulator/Ratio.build/Objects-normal/arm64/Ratio_const_extract_protocols.json -enable-upcoming-feature DisableOutwardActorInference -enable-upcoming-feature InferSendableFromCaptures -enable-upcoming-feature GlobalActorIsolatedTypesUsability -enable-upcoming-feature MemberImportVisibility -enable-upcoming-feature InferIsolatedConformances -enable-upcoming-feature NonisolatedNonsendingByDefault -enable-experimental-feature DebugDescriptionMacro -enable-bare-slash-regex -default-isolation\=MainActor -empty-abi-descriptor -validate-clang-modules-once -clang-build-session-file /Users/leonardofigueiredo/Library/Developer/Xcode/DerivedData/ModuleCache.noindex/Session.modulevalidation -Xcc -working-directory -Xcc /Users/leonardofigueiredo/Projetos\ Mobile/ratio-ios/Ratio -enable-anonymous-context-mangled-names -file-compilation-dir /Users/leonardofigueiredo/Projetos\ Mobile/ratio-ios/Ratio -Xcc -fmodule-map-file\=/Users/leonardofigueiredo/Library/Developer/Xcode/DerivedData/Ratio-dgukedwfifpyteflgeptozrgzmmp/Build/Intermediates.noindex/GeneratedModuleMaps-iphonesimulator/FirebasePerformance.modulemap -Xcc -fmodule-map-file\=/Users/leonardofigueiredo/Library/Developer/Xcode/DerivedData/Ratio-dgukedwfifpyteflgeptozrgzmmp/Build/Intermediates.noindex/GeneratedModuleMaps-iphonesimulator/FirebaseRemoteConfigInternal.modulemap -Xcc -fmodule-map-file\=/Users/leonardofigueiredo/Library/Developer/Xcode/DerivedData/Ratio-dgukedwfifpyteflgeptozrgzmmp/Build/Intermediates.noindex/GeneratedModuleMaps-iphonesimulator/FirebaseABTesting.modulemap -Xcc -fmodule-map-file\=/Users/leonardofigueiredo/Library/Developer/Xcode/DerivedData/Ratio-dgukedwfifpyteflgeptozrgzmmp/Build/Intermediates.noindex/GeneratedModuleMaps-iphonesimulator/FirebasePerformanceTarget.modulemap -Xcc -fmodule-map-file\=/Users/leonardofigueiredo/Library/Developer/Xcode/DerivedData/Ratio-dgukedwfifpyteflgeptozrgzmmp/Build/Intermediates.noindex/GeneratedModuleMaps-iphonesimulator/FirebaseMessaging.modulemap -Xcc -fmodule-map-file\=/Users/leonardofigueiredo/Library/Developer/Xcode/DerivedData/Ratio-dgukedwfifpyteflgeptozrgzmmp/Build/Intermediates.noindex/GeneratedModuleMaps-iphonesimulator/GoogleAdsOnDeviceConversionTarget.modulemap -Xcc -fmodule-map-file\=/Users/leonardofigueiredo/Library/Developer/Xcode/DerivedData/Ratio-dgukedwfifpyteflgeptozrgzmmp/Build/Intermediates.noindex/GeneratedModuleMaps-iphonesimulator/GoogleAppMeasurementTarget.modulemap -Xcc -fmodule-map-file\=/Users/leonardofigueiredo/Library/Developer/Xcode/DerivedData/Ratio-dgukedwfifpyteflgeptozrgzmmp/Build/Intermediates.noindex/GeneratedModuleMaps-iphonesimulator/FirebaseAnalyticsWrapper.modulemap -Xcc -fmodule-map-file\=/Users/leonardofigueiredo/Library/Developer/Xcode/DerivedData/Ratio-dgukedwfifpyteflgeptozrgzmmp/Build/Intermediates.noindex/GeneratedModuleMaps-iphonesimulator/FirebaseAnalyticsTarget.modulemap -Xcc -fmodule-map-file\=/Users/leonardofigueiredo/Library/Developer/Xcode/DerivedData/Ratio-dgukedwfifpyteflgeptozrgzmmp/Build/Intermediates.noindex/GeneratedModuleMaps-iphonesimulator/GoogleDataTransport.modulemap -Xcc -fmodule-map-file\=/Users/leonardofigueiredo/Library/Developer/Xcode/DerivedData/Ratio-dgukedwfifpyteflgeptozrgzmmp/Build/Intermediates.noindex/GeneratedModuleMaps-iphonesimulator/FirebaseSessionsObjC.modulemap -Xcc -fmodule-map-file\=/Users/leonardofigueiredo/Library/Developer/Xcode/DerivedData/Ratio-dgukedwfifpyteflgeptozrgzmmp/Build/Intermediates.noindex/GeneratedModuleMaps-iphonesimulator/FirebaseCrashlytics.modulemap -Xcc -fmodule-map-file\=/Users/leonardofigueiredo/Library/Developer/Xcode/DerivedData/Ratio-dgukedwfifpyteflgeptozrgzmmp/Build/Intermediates.noindex/GeneratedModuleMaps-iphonesimulator/RecaptchaInterop.modulemap -Xcc -fmodule-map-file\=/Users/leonardofigueiredo/Library/Developer/Xcode/DerivedData/Ratio-dgukedwfifpyteflgeptozrgzmmp/Build/Intermediates.noindex/GeneratedModuleMaps-iphonesimulator/FirebaseAuthInternal.modulemap -Xcc -fmodule-map-file\=/Users/leonardofigueiredo/Library/Developer/Xcode/DerivedData/Ratio-dgukedwfifpyteflgeptozrgzmmp/Build/Intermediates.noindex/GeneratedModuleMaps-iphonesimulator/abslWrapper.modulemap -Xcc -fmodule-map-file\=/Users/leonardofigueiredo/Library/Developer/Xcode/DerivedData/Ratio-dgukedwfifpyteflgeptozrgzmmp/Build/Intermediates.noindex/GeneratedModuleMaps-iphonesimulator/opensslWrapper.modulemap -Xcc -fmodule-map-file\=/Users/leonardofigueiredo/Library/Developer/Xcode/DerivedData/Ratio-dgukedwfifpyteflgeptozrgzmmp/Build/Intermediates.noindex/GeneratedModuleMaps-iphonesimulator/grpcWrapper.modulemap -Xcc -fmodule-map-file\=/Users/leonardofigueiredo/Library/Developer/Xcode/DerivedData/Ratio-dgukedwfifpyteflgeptozrgzmmp/Build/Intermediates.noindex/GeneratedModuleMaps-iphonesimulator/grpcppWrapper.modulemap -Xcc -fmodule-map-file\=/Users/leonardofigueiredo/Library/Developer/Xcode/DerivedData/Ratio-dgukedwfifpyteflgeptozrgzmmp/Build/Intermediates.noindex/GeneratedModuleMaps-iphonesimulator/leveldb.modulemap -Xcc -fmodule-map-file\=/Users/leonardofigueiredo/Library/Developer/Xcode/DerivedData/Ratio-dgukedwfifpyteflgeptozrgzmmp/Build/Intermediates.noindex/GeneratedModuleMaps-iphonesimulator/FirebaseFirestoreInternalWrapper.modulemap -Xcc -fmodule-map-file\=/Users/leonardofigueiredo/Library/Developer/Xcode/DerivedData/Ratio-dgukedwfifpyteflgeptozrgzmmp/Build/Intermediates.noindex/GeneratedModuleMaps-iphonesimulator/FirebaseFirestoreTarget.modulemap -Xcc -fmodule-map-file\=/Users/leonardofigueiredo/Library/Developer/Xcode/DerivedData/Ratio-dgukedwfifpyteflgeptozrgzmmp/Build/Intermediates.noindex/GeneratedModuleMaps-iphonesimulator/GoogleUtilities-UserDefaults.modulemap -Xcc -fmodule-map-file\=/Users/leonardofigueiredo/Library/Developer/Xcode/DerivedData/Ratio-dgukedwfifpyteflgeptozrgzmmp/Build/Intermediates.noindex/GeneratedModuleMaps-iphonesimulator/GoogleAppMeasurementCoreTarget.modulemap -Xcc -fmodule-map-file\=/Users/leonardofigueiredo/Library/Developer/Xcode/DerivedData/Ratio-dgukedwfifpyteflgeptozrgzmmp/Build/Intermediates.noindex/GeneratedModuleMaps-iphonesimulator/GoogleUtilities-AppDelegateSwizzler.modulemap -Xcc -fmodule-map-file\=/Users/leonardofigueiredo/Library/Developer/Xcode/DerivedData/Ratio-dgukedwfifpyteflgeptozrgzmmp/Build/Intermediates.noindex/GeneratedModuleMaps-iphonesimulator/GoogleUtilities-MethodSwizzler.modulemap -Xcc -fmodule-map-file\=/Users/leonardofigueiredo/Library/Developer/Xcode/DerivedData/Ratio-dgukedwfifpyteflgeptozrgzmmp/Build/Intermediates.noindex/GeneratedModuleMaps-iphonesimulator/GoogleUtilities-Reachability.modulemap -Xcc -fmodule-map-file\=/Users/leonardofigueiredo/Library/Developer/Xcode/DerivedData/Ratio-dgukedwfifpyteflgeptozrgzmmp/Build/Intermediates.noindex/GeneratedModuleMaps-iphonesimulator/GoogleUtilities-Network.modulemap -Xcc -fmodule-map-file\=/Users/leonardofigueiredo/Library/Developer/Xcode/DerivedData/Ratio-dgukedwfifpyteflgeptozrgzmmp/Build/Intermediates.noindex/GeneratedModuleMaps-iphonesimulator/nanopb.modulemap -Xcc -fmodule-map-file\=/Users/leonardofigueiredo/Library/Developer/Xcode/DerivedData/Ratio-dgukedwfifpyteflgeptozrgzmmp/Build/Intermediates.noindex/GeneratedModuleMaps-iphonesimulator/FirebaseAnalyticsCoreWrapper.modulemap -Xcc -fmodule-map-file\=/Users/leonardofigueiredo/Library/Developer/Xcode/DerivedData/Ratio-dgukedwfifpyteflgeptozrgzmmp/Build/Intermediates.noindex/GeneratedModuleMaps-iphonesimulator/FirebaseInstallations.modulemap -Xcc -fmodule-map-file\=/Users/leonardofigueiredo/Library/Developer/Xcode/DerivedData/Ratio-dgukedwfifpyteflgeptozrgzmmp/Build/Intermediates.noindex/GeneratedModuleMaps-iphonesimulator/FirebaseAnalyticsCoreTarget.modulemap -Xcc -fmodule-map-file\=/Users/leonardofigueiredo/Library/Developer/Xcode/DerivedData/Ratio-dgukedwfifpyteflgeptozrgzmmp/Build/Intermediates.noindex/GeneratedModuleMaps-iphonesimulator/GoogleUtilities-NSData.modulemap -Xcc -fmodule-map-file\=/Users/leonardofigueiredo/Library/Developer/Xcode/DerivedData/Ratio-dgukedwfifpyteflgeptozrgzmmp/Build/Intermediates.noindex/GeneratedModuleMaps-iphonesimulator/GoogleUtilities-Environment.modulemap -Xcc -fmodule-map-file\=/Users/leonardofigueiredo/Library/Developer/Xcode/DerivedData/Ratio-dgukedwfifpyteflgeptozrgzmmp/Build/Intermediates.noindex/GeneratedModuleMaps-iphonesimulator/third-party-IsAppEncrypted.modulemap -Xcc -fmodule-map-file\=/Users/leonardofigueiredo/Library/Developer/Xcode/DerivedData/Ratio-dgukedwfifpyteflgeptozrgzmmp/Build/Intermediates.noindex/GeneratedModuleMaps-iphonesimulator/GoogleUtilities-Logger.modulemap -Xcc -fmodule-map-file\=/Users/leonardofigueiredo/Library/Developer/Xcode/DerivedData/Ratio-dgukedwfifpyteflgeptozrgzmmp/Build/Intermediates.noindex/GeneratedModuleMaps-iphonesimulator/GTMSessionFetcherCore.modulemap -Xcc -fmodule-map-file\=/Users/leonardofigueiredo/Library/Developer/Xcode/DerivedData/Ratio-dgukedwfifpyteflgeptozrgzmmp/Build/Intermediates.noindex/GeneratedModuleMaps-iphonesimulator/FirebaseCoreExtension.modulemap -Xcc -fmodule-map-file\=/Users/leonardofigueiredo/Library/Developer/Xcode/DerivedData/Ratio-dgukedwfifpyteflgeptozrgzmmp/Build/Intermediates.noindex/GeneratedModuleMaps-iphonesimulator/FirebaseCore.modulemap -Xcc -fmodule-map-file\=/Users/leonardofigueiredo/Library/Developer/Xcode/DerivedData/Ratio-dgukedwfifpyteflgeptozrgzmmp/Build/Intermediates.noindex/GeneratedModuleMaps-iphonesimulator/FirebaseAuthInterop.modulemap -Xcc -fmodule-map-file\=/Users/leonardofigueiredo/Library/Developer/Xcode/DerivedData/Ratio-dgukedwfifpyteflgeptozrgzmmp/Build/Intermediates.noindex/GeneratedModuleMaps-iphonesimulator/FirebaseAppCheckInterop.modulemap -Xcc -D_LIBCPP_HARDENING_MODE\=_LIBCPP_HARDENING_MODE_DEBUG -Xcc -ivfsstatcache -Xcc /Users/leonardofigueiredo/Library/Developer/Xcode/DerivedData/SDKStatCaches.noindex/iphonesimulator26.2-23C53-7d00a8b37fbd7999ea79df8ebc024bf0.sdkstatcache -Xcc -I/Users/leonardofigueiredo/Library/Developer/Xcode/DerivedData/Ratio-dgukedwfifpyteflgeptozrgzmmp/Build/Intermediates.noindex/Ratio.build/Debug-iphonesimulator/Ratio.build/swift-overrides.hmap -Xcc -iquote -Xcc /Users/leonardofigueiredo/Library/Developer/Xcode/DerivedData/Ratio-dgukedwfifpyteflgeptozrgzmmp/Build/Intermediates.noindex/Ratio.build/Debug-iphonesimulator/Ratio.build/Ratio-generated-files.hmap -Xcc -I/Users/leonardofigueiredo/Library/Developer/Xcode/DerivedData/Ratio-dgukedwfifpyteflgeptozrgzmmp/Build/Intermediates.noindex/Ratio.build/Debug-iphonesimulator/Ratio.build/Ratio-own-target-headers.hmap -Xcc -I/Users/leonardofigueiredo/Library/Developer/Xcode/DerivedData/Ratio-dgukedwfifpyteflgeptozrgzmmp/Build/Intermediates.noindex/Ratio.build/Debug-iphonesimulator/Ratio.build/Ratio-all-non-framework-target-headers.hmap -Xcc -ivfsoverlay -Xcc /Users/leonardofigueiredo/Library/Developer/Xcode/DerivedData/Ratio-dgukedwfifpyteflgeptozrgzmmp/Build/Intermediates.noindex/Ratio.build/Debug-iphonesimulator/Ratio-0b73ba7045a2529270712259fb1f38a7-VFS-iphonesimulator/all-product-headers.yaml -Xcc -iquote -Xcc /Users/leonardofigueiredo/Library/Developer/Xcode/DerivedData/Ratio-dgukedwfifpyteflgeptozrgzmmp/Build/Intermediates.noindex/Ratio.build/Debug-iphonesimulator/Ratio.build/Ratio-project-headers.hmap -Xcc -I/Users/leonardofigueiredo/Library/Developer/Xcode/DerivedData/Ratio-dgukedwfifpyteflgeptozrgzmmp/SourcePackages/checkouts/firebase-ios-sdk/FirebasePerformance/Sources/Public -Xcc -I/Users/leonardofigueiredo/Library/Developer/Xcode/DerivedData/Ratio-dgukedwfifpyteflgeptozrgzmmp/SourcePackages/checkouts/firebase-ios-sdk/FirebaseRemoteConfig/Sources/Public -Xcc -I/Users/leonardofigueiredo/Library/Developer/Xcode/DerivedData/Ratio-dgukedwfifpyteflgeptozrgzmmp/SourcePackages/checkouts/firebase-ios-sdk/FirebaseABTesting/Sources/Public -Xcc -I/Users/leonardofigueiredo/Library/Developer/Xcode/DerivedData/Ratio-dgukedwfifpyteflgeptozrgzmmp/SourcePackages/checkouts/firebase-ios-sdk/SwiftPM-PlatformExclude/FirebasePerformanceWrap/include -Xcc -I/Users/leonardofigueiredo/Library/Developer/Xcode/DerivedData/Ratio-dgukedwfifpyteflgeptozrgzmmp/SourcePackages/checkouts/firebase-ios-sdk/FirebaseMessaging/Sources/Public -Xcc -I/Users/leonardofigueiredo/Library/Developer/Xcode/DerivedData/Ratio-dgukedwfifpyteflgeptozrgzmmp/SourcePackages/checkouts/google-ads-on-device-conversion-ios-sdk/GoogleAdsOnDeviceConversionWrapper/include -Xcc -I/Users/leonardofigueiredo/Library/Developer/Xcode/DerivedData/Ratio-dgukedwfifpyteflgeptozrgzmmp/SourcePackages/checkouts/GoogleAppMeasurement/GoogleAppMeasurementWrapper/include -Xcc -I/Users/leonardofigueiredo/Library/Developer/Xcode/DerivedData/Ratio-dgukedwfifpyteflgeptozrgzmmp/SourcePackages/checkouts/firebase-ios-sdk/FirebaseAnalyticsWrapper/include -Xcc -I/Users/leonardofigueiredo/Library/Developer/Xcode/DerivedData/Ratio-dgukedwfifpyteflgeptozrgzmmp/SourcePackages/checkouts/firebase-ios-sdk/SwiftPM-PlatformExclude/FirebaseAnalyticsWrap/include -Xcc -I/Users/leonardofigueiredo/Library/Developer/Xcode/DerivedData/Ratio-dgukedwfifpyteflgeptozrgzmmp/SourcePackages/checkouts/GoogleDataTransport/GoogleDataTransport/GDTCORLibrary/Public -Xcc -I/Users/leonardofigueiredo/Library/Developer/Xcode/DerivedData/Ratio-dgukedwfifpyteflgeptozrgzmmp/SourcePackages/checkouts/firebase-ios-sdk/FirebaseSessions/SourcesObjC -Xcc -I/Users/leonardofigueiredo/Library/Developer/Xcode/DerivedData/Ratio-dgukedwfifpyteflgeptozrgzmmp/SourcePackages/checkouts/firebase-ios-sdk/Crashlytics/Crashlytics/Public -Xcc -I/Users/leonardofigueiredo/Library/Developer/Xcode/DerivedData/Ratio-dgukedwfifpyteflgeptozrgzmmp/SourcePackages/checkouts/interop-ios-for-google-sdks/RecaptchaEnterprise/RecaptchaInterop/Public -Xcc -I/Users/leonardofigueiredo/Library/Developer/Xcode/DerivedData/Ratio-dgukedwfifpyteflgeptozrgzmmp/SourcePackages/checkouts/firebase-ios-sdk/FirebaseAuth/Sources/Public -Xcc -I/Users/leonardofigueiredo/Library/Developer/Xcode/DerivedData/Ratio-dgukedwfifpyteflgeptozrgzmmp/SourcePackages/checkouts/abseil-cpp-binary/absl-Wrapper/include -Xcc -I/Users/leonardofigueiredo/Library/Developer/Xcode/DerivedData/Ratio-dgukedwfifpyteflgeptozrgzmmp/SourcePackages/checkouts/grpc-binary/openssl-grpc-Wrapper/include -Xcc -I/Users/leonardofigueiredo/Library/Developer/Xcode/DerivedData/Ratio-dgukedwfifpyteflgeptozrgzmmp/SourcePackages/checkouts/grpc-binary/grpc-Wrapper/include -Xcc -I/Users/leonardofigueiredo/Library/Developer/Xcode/DerivedData/Ratio-dgukedwfifpyteflgeptozrgzmmp/SourcePackages/checkouts/grpc-binary/grpcpp-Wrapper/include -Xcc -I/Users/leonardofigueiredo/Library/Developer/Xcode/DerivedData/Ratio-dgukedwfifpyteflgeptozrgzmmp/SourcePackages/checkouts/leveldb/include -Xcc -I/Users/leonardofigueiredo/Library/Developer/Xcode/DerivedData/Ratio-dgukedwfifpyteflgeptozrgzmmp/SourcePackages/checkouts/firebase-ios-sdk/FirebaseFirestoreInternal -Xcc -I/Users/leonardofigueiredo/Library/Developer/Xcode/DerivedData/Ratio-dgukedwfifpyteflgeptozrgzmmp/SourcePackages/checkouts/firebase-ios-sdk/SwiftPM-PlatformExclude/FirebaseFirestoreWrap/include -Xcc -I/Users/leonardofigueiredo/Library/Developer/Xcode/DerivedData/Ratio-dgukedwfifpyteflgeptozrgzmmp/SourcePackages/checkouts/promises/Sources/FBLPromises/include -Xcc -I/Users/leonardofigueiredo/Library/Developer/Xcode/DerivedData/Ratio-dgukedwfifpyteflgeptozrgzmmp/SourcePackages/checkouts/GoogleUtilities/GoogleUtilities/UserDefaults/Public -Xcc -I/Users/leonardofigueiredo/Library/Developer/Xcode/DerivedData/Ratio-dgukedwfifpyteflgeptozrgzmmp/SourcePackages/checkouts/GoogleAppMeasurement/GoogleAppMeasurementCoreWrapper/include -Xcc -I/Users/leonardofigueiredo/Library/Developer/Xcode/DerivedData/Ratio-dgukedwfifpyteflgeptozrgzmmp/SourcePackages/checkouts/GoogleUtilities/GoogleUtilities/AppDelegateSwizzler/Public -Xcc -I/Users/leonardofigueiredo/Library/Developer/Xcode/DerivedData/Ratio-dgukedwfifpyteflgeptozrgzmmp/SourcePackages/checkouts/GoogleUtilities/GoogleUtilities/MethodSwizzler/Public -Xcc -I/Users/leonardofigueiredo/Library/Developer/Xcode/DerivedData/Ratio-dgukedwfifpyteflgeptozrgzmmp/SourcePackages/checkouts/GoogleUtilities/GoogleUtilities/Reachability/Public -Xcc -I/Users/leonardofigueiredo/Library/Developer/Xcode/DerivedData/Ratio-dgukedwfifpyteflgeptozrgzmmp/SourcePackages/checkouts/GoogleUtilities/GoogleUtilities/Network/Public -Xcc -I/Users/leonardofigueiredo/Library/Developer/Xcode/DerivedData/Ratio-dgukedwfifpyteflgeptozrgzmmp/SourcePackages/checkouts/nanopb/spm_headers -Xcc -I/Users/leonardofigueiredo/Library/Developer/Xcode/DerivedData/Ratio-dgukedwfifpyteflgeptozrgzmmp/SourcePackages/checkouts/firebase-ios-sdk/FirebaseAnalyticsCoreWrapper/include -Xcc -I/Users/leonardofigueiredo/Library/Developer/Xcode/DerivedData/Ratio-dgukedwfifpyteflgeptozrgzmmp/SourcePackages/checkouts/firebase-ios-sdk/FirebaseInstallations/Source/Library/Public -Xcc -I/Users/leonardofigueiredo/Library/Developer/Xcode/DerivedData/Ratio-dgukedwfifpyteflgeptozrgzmmp/SourcePackages/checkouts/firebase-ios-sdk/SwiftPM-PlatformExclude/FirebaseAnalyticsCoreWrap/include -Xcc -I/Users/leonardofigueiredo/Library/Developer/Xcode/DerivedData/Ratio-dgukedwfifpyteflgeptozrgzmmp/SourcePackages/checkouts/GoogleUtilities/GoogleUtilities/NSData+zlib/Public -Xcc -I/Users/leonardofigueiredo/Library/Developer/Xcode/DerivedData/Ratio-dgukedwfifpyteflgeptozrgzmmp/SourcePackages/checkouts/GoogleUtilities/GoogleUtilities/Environment/Public -Xcc -I/Users/leonardofigueiredo/Library/Developer/Xcode/DerivedData/Ratio-dgukedwfifpyteflgeptozrgzmmp/SourcePackages/checkouts/GoogleUtilities/third_party/IsAppEncrypted/Public -Xcc -I/Users/leonardofigueiredo/Library/Developer/Xcode/DerivedData/Ratio-dgukedwfifpyteflgeptozrgzmmp/SourcePackages/checkouts/GoogleUtilities/GoogleUtilities/Logger/Public -Xcc -I/Users/leonardofigueiredo/Library/Developer/Xcode/DerivedData/Ratio-dgukedwfifpyteflgeptozrgzmmp/SourcePackages/checkouts/gtm-session-fetcher/Sources/Core/Public -Xcc -I/Users/leonardofigueiredo/Library/Developer/Xcode/DerivedData/Ratio-dgukedwfifpyteflgeptozrgzmmp/SourcePackages/checkouts/firebase-ios-sdk/FirebaseCore/Extension -Xcc -I/Users/leonardofigueiredo/Library/Developer/Xcode/DerivedData/Ratio-dgukedwfifpyteflgeptozrgzmmp/SourcePackages/checkouts/firebase-ios-sdk/FirebaseCore/Sources/Public -Xcc -I/Users/leonardofigueiredo/Library/Developer/Xcode/DerivedData/Ratio-dgukedwfifpyteflgeptozrgzmmp/SourcePackages/checkouts/firebase-ios-sdk/CoreOnly/Sources -Xcc -I/Users/leonardofigueiredo/Library/Developer/Xcode/DerivedData/Ratio-dgukedwfifpyteflgeptozrgzmmp/SourcePackages/checkouts/firebase-ios-sdk/FirebaseAuth/Interop/Public -Xcc -I/Users/leonardofigueiredo/Library/Developer/Xcode/DerivedData/Ratio-dgukedwfifpyteflgeptozrgzmmp/SourcePackages/checkouts/firebase-ios-sdk/FirebaseAppCheck/Interop/Public -Xcc -I/Users/leonardofigueiredo/Library/Developer/Xcode/DerivedData/Ratio-dgukedwfifpyteflgeptozrgzmmp/Build/Products/Debug-iphonesimulator/include -Xcc -I/Users/leonardofigueiredo/Library/Developer/Xcode/DerivedData/Ratio-dgukedwfifpyteflgeptozrgzmmp/Build/Intermediates.noindex/Ratio.build/Debug-iphonesimulator/Ratio.build/DerivedSources-normal/arm64 -Xcc -I/Users/leonardofigueiredo/Library/Developer/Xcode/DerivedData/Ratio-dgukedwfifpyteflgeptozrgzmmp/Build/Intermediates.noindex/Ratio.build/Debug-iphonesimulator/Ratio.build/DerivedSources/arm64 -Xcc -I/Users/leonardofigueiredo/Library/Developer/Xcode/DerivedData/Ratio-dgukedwfifpyteflgeptozrgzmmp/Build/Intermediates.noindex/Ratio.build/Debug-iphonesimulator/Ratio.build/DerivedSources -Xcc -DDEBUG\=1 -no-auto-bridging-header-chaining -module-name Ratio -frontend-parseable-output -disable-clang-spi -target-sdk-version 26.2 -target-sdk-name iphonesimulator26.2 -clang-target arm64-apple-ios26.2-simulator -in-process-plugin-server-path /Applications/Xcode.app/Contents/Developer/Toolchains/XcodeDefault.xctoolchain/usr/lib/swift/host/libSwiftInProcPluginServer.dylib -o /Users/leonardofigueiredo/Library/Developer/Xcode/DerivedData/Ratio-dgukedwfifpyteflgeptozrgzmmp/Build/Intermediates.noindex/Ratio.build/Debug-iphonesimulator/Ratio.build/Objects-normal/arm64/CreateGroupView.o -index-unit-output-path /Ratio.build/Debug-iphonesimulator/Ratio.build/Objects-normal/arm64/CreateGroupView.o -index-store-path /Users/leonardofigueiredo/Library/Developer/Xcode/DerivedData/Ratio-dgukedwfifpyteflgeptozrgzmmp/Index.noindex/DataStore -index-system-modules
SwiftCompile normal arm64 Compiling\ EditGroupView.swift /Users/leonardofigueiredo/Projetos\ Mobile/ratio-ios/Ratio/Ratio/Features/Groups/Presentation/Views/EditGroupView.swift (in target 'Ratio' from project 'Ratio')
SwiftCompile normal arm64 /Users/leonardofigueiredo/Projetos\ Mobile/ratio-ios/Ratio/Ratio/Features/Groups/Presentation/Views/EditGroupView.swift (in target 'Ratio' from project 'Ratio')
    cd /Users/leonardofigueiredo/Projetos\ Mobile/ratio-ios/Ratio
    

SwiftCompile normal arm64 Compiling\ GroupCardView.swift /Users/leonardofigueiredo/Projetos\ Mobile/ratio-ios/Ratio/Ratio/Features/Groups/Presentation/Views/GroupCardView.swift (in target 'Ratio' from project 'Ratio')

SwiftCompile normal arm64 /Users/leonardofigueiredo/Projetos\ Mobile/ratio-ios/Ratio/Ratio/Features/Groups/Presentation/Views/GroupCardView.swift (in target 'Ratio' from project 'Ratio')
    cd /Users/leonardofigueiredo/Projetos\ Mobile/ratio-ios/Ratio
    

SwiftCompile normal arm64 Compiling\ Group.swift /Users/leonardofigueiredo/Projetos\ Mobile/ratio-ios/Ratio/Ratio/Features/Groups/Domain/Models/Group.swift (in target 'Ratio' from project 'Ratio')

SwiftCompile normal arm64 /Users/leonardofigueiredo/Projetos\ Mobile/ratio-ios/Ratio/Ratio/Features/Groups/Domain/Models/Group.swift (in target 'Ratio' from project 'Ratio')
    cd /Users/leonardofigueiredo/Projetos\ Mobile/ratio-ios/Ratio
    

SwiftCompile normal arm64 Compiling\ GroupDetailView.swift /Users/leonardofigueiredo/Projetos\ Mobile/ratio-ios/Ratio/Ratio/Features/Groups/Presentation/Views/GroupDetailView.swift (in target 'Ratio' from project 'Ratio')
SwiftCompile normal arm64 /Users/leonardofigueiredo/Projetos\ Mobile/ratio-ios/Ratio/Ratio/Features/Groups/Presentation/Views/GroupDetailView.swift (in target 'Ratio' from project 'Ratio')
    cd /Users/leonardofigueiredo/Projetos\ Mobile/ratio-ios/Ratio
    

SwiftDriverJobDiscovery normal arm64 Compiling GroupMapper.swift (in target 'Ratio' from project 'Ratio')

SwiftDriverJobDiscovery normal arm64 Compiling Group.swift (in target 'Ratio' from project 'Ratio')

SwiftCompile normal arm64 Compiling\ SmartAdvisorViewModel.swift,\ SmartAdvisorView.swift /Users/leonardofigueiredo/Projetos\ Mobile/ratio-ios/Ratio/Ratio/Features/Advisor/Presentation/ViewModels/SmartAdvisorViewModel.swift /Users/leonardofigueiredo/Projetos\ Mobile/ratio-ios/Ratio/Ratio/Features/Advisor/Presentation/Views/SmartAdvisorView.swift (in target 'Ratio' from project 'Ratio')

SwiftCompile normal arm64 /Users/leonardofigueiredo/Projetos\ Mobile/ratio-ios/Ratio/Ratio/Features/Advisor/Presentation/ViewModels/SmartAdvisorViewModel.swift (in target 'Ratio' from project 'Ratio')
    cd /Users/leonardofigueiredo/Projetos\ Mobile/ratio-ios/Ratio
    

SwiftCompile normal arm64 /Users/leonardofigueiredo/Projetos\ Mobile/ratio-ios/Ratio/Ratio/Features/Advisor/Presentation/Views/SmartAdvisorView.swift (in target 'Ratio' from project 'Ratio')
    cd /Users/leonardofigueiredo/Projetos\ Mobile/ratio-ios/Ratio
    

SwiftCompile normal arm64 Compiling\ GroupsStore.swift /Users/leonardofigueiredo/Projetos\ Mobile/ratio-ios/Ratio/Ratio/Features/Groups/Data/GroupsStore.swift (in target 'Ratio' from project 'Ratio')

SwiftCompile normal arm64 /Users/leonardofigueiredo/Projetos\ Mobile/ratio-ios/Ratio/Ratio/Features/Groups/Data/GroupsStore.swift (in target 'Ratio' from project 'Ratio')
    cd /Users/leonardofigueiredo/Projetos\ Mobile/ratio-ios/Ratio
    

SwiftCompile normal arm64 Compiling\ LoginView.swift,\ SignupView.swift /Users/leonardofigueiredo/Projetos\ Mobile/ratio-ios/Ratio/Ratio/Features/Auth/Presentation/Views/LoginView.swift /Users/leonardofigueiredo/Projetos\ Mobile/ratio-ios/Ratio/Ratio/Features/Auth/Presentation/Views/SignupView.swift (in target 'Ratio' from project 'Ratio')

SwiftCompile normal arm64 /Users/leonardofigueiredo/Projetos\ Mobile/ratio-ios/Ratio/Ratio/Features/Auth/Presentation/Views/LoginView.swift (in target 'Ratio' from project 'Ratio')
    cd /Users/leonardofigueiredo/Projetos\ Mobile/ratio-ios/Ratio
    

SwiftCompile normal arm64 /Users/leonardofigueiredo/Projetos\ Mobile/ratio-ios/Ratio/Ratio/Features/Auth/Presentation/Views/SignupView.swift (in target 'Ratio' from project 'Ratio')
    cd /Users/leonardofigueiredo/Projetos\ Mobile/ratio-ios/Ratio
    

SwiftCompile normal arm64 Compiling\ HomeViewModel.swift /Users/leonardofigueiredo/Projetos\ Mobile/ratio-ios/Ratio/Ratio/Features/Home/Presentation/ViewModels/HomeViewModel.swift (in target 'Ratio' from project 'Ratio')
SwiftCompile normal arm64 /Users/leonardofigueiredo/Projetos\ Mobile/ratio-ios/Ratio/Ratio/Features/Home/Presentation/ViewModels/HomeViewModel.swift (in target 'Ratio' from project 'Ratio')
    cd /Users/leonardofigueiredo/Projetos\ Mobile/ratio-ios/Ratio
    

SwiftCompile normal arm64 Compiling\ ContentView.swift,\ MainTabView.swift /Users/leonardofigueiredo/Projetos\ Mobile/ratio-ios/Ratio/Ratio/Features/App/Presentation/Views/ContentView.swift /Users/leonardofigueiredo/Projetos\ Mobile/ratio-ios/Ratio/Ratio/Features/App/Presentation/Views/MainTabView.swift (in target 'Ratio' from project 'Ratio')

SwiftCompile normal arm64 /Users/leonardofigueiredo/Projetos\ Mobile/ratio-ios/Ratio/Ratio/Features/App/Presentation/Views/ContentView.swift (in target 'Ratio' from project 'Ratio')
    cd /Users/leonardofigueiredo/Projetos\ Mobile/ratio-ios/Ratio
    

SwiftCompile normal arm64 /Users/leonardofigueiredo/Projetos\ Mobile/ratio-ios/Ratio/Ratio/Features/App/Presentation/Views/MainTabView.swift (in target 'Ratio' from project 'Ratio')
    cd /Users/leonardofigueiredo/Projetos\ Mobile/ratio-ios/Ratio
    

SwiftCompile normal arm64 Compiling\ GroupsView.swift /Users/leonardofigueiredo/Projetos\ Mobile/ratio-ios/Ratio/Ratio/Features/Groups/Presentation/Views/GroupsView.swift (in target 'Ratio' from project 'Ratio')

SwiftCompile normal arm64 /Users/leonardofigueiredo/Projetos\ Mobile/ratio-ios/Ratio/Ratio/Features/Groups/Presentation/Views/GroupsView.swift (in target 'Ratio' from project 'Ratio')
    cd /Users/leonardofigueiredo/Projetos\ Mobile/ratio-ios/Ratio
    

SwiftCompile normal arm64 Compiling\ HomeView.swift /Users/leonardofigueiredo/Projetos\ Mobile/ratio-ios/Ratio/Ratio/Features/Home/Presentation/Views/HomeView.swift (in target 'Ratio' from project 'Ratio')

SwiftCompile normal arm64 /Users/leonardofigueiredo/Projetos\ Mobile/ratio-ios/Ratio/Ratio/Features/Home/Presentation/Views/HomeView.swift (in target 'Ratio' from project 'Ratio')
    cd /Users/leonardofigueiredo/Projetos\ Mobile/ratio-ios/Ratio
    

SwiftDriverJobDiscovery normal arm64 Compiling GroupsViewModel.swift (in target 'Ratio' from project 'Ratio')

SwiftCompile normal arm64 Compiling\ CreateSubscriptionView.swift /Users/leonardofigueiredo/Projetos\ Mobile/ratio-ios/Ratio/Ratio/Features/Subscriptions/Presentation/Views/CreateSubscriptionView.swift (in target 'Ratio' from project 'Ratio')

note: Disabling hardened runtime with ad-hoc codesigning. (in target 'Ratio' from project 'Ratio')
** BUILD FAILED **


The following build commands failed:
	EmitSwiftModule normal arm64 (in target 'Ratio' from project 'Ratio')
	SwiftEmitModule normal arm64 Emitting\ module\ for\ Ratio (in target 'Ratio' from project 'Ratio')
	SwiftCompile normal arm64 /Users/leonardofigueiredo/Projetos\ Mobile/ratio-ios/Ratio/Ratio/Features/Groups/Presentation/Views/CreateGroupView.swift (in target 'Ratio' from project 'Ratio')
	SwiftCompile normal arm64 Compiling\ CreateGroupView.swift /Users/leonardofigueiredo/Projetos\ Mobile/ratio-ios/Ratio/Ratio/Features/Groups/Presentation/Views/CreateGroupView.swift (in target 'Ratio' from project 'Ratio')
	Building project Ratio with scheme Ratio
(5 failures)
